job_kind,protocol,seed,backbone,method,variant,id_size,id_set,ood_set,job_id,pair_count,ks_mean,ks_median,ks_max,mean_distance_cv
rsn_ks,fair,0,dinov2_vitb14,rsn,main,2,cheetah|jaguar,leopard|lion|ocelot|puma|serval|tiger,9a0f16ee445d0035e9a68f62da2b92fce7dedb3a,1,0.06693978769775633,0.06693978769775633,0.06693978769775633,0.025454313330475185
rsn_ks,fair,1,dinov2_vitb14,rsn,main,4,jaguar|leopard|ocelot|puma,cheetah|lion|serval|tiger,51b38e38b4b9bc05bd72a6c4bc14ebed7b8babfd,6,0.08763480829050006,0.08443821539253568,0.1256659515014783,0.01997796753358275
rsn_ks,fair,0,dinov2_vitb14,rsn,main,2,cheetah|leopard,jaguar|lion|ocelot|puma|serval|tiger,1bacd87ab10f4f1ab741a78837c6d29171195abc,1,0.05095049550801156,0.05095049550801156,0.05095049550801156,0.01897449087757555
rsn_ks,fair,0,dinov2_vitl14,rsn,main,2,cheetah|jaguar,leopard|lion|ocelot|puma|serval|tiger,97b7b692bc7fc6256e6161ef5a7bf01e663db5f9,1,0.14806853120317578,0.14806853120317578,0.14806853120317578,0.004033414279965476
rsn_ks,fair,0,dinov2_vitb14,rsn,main,2,cheetah|lion,jaguar|leopard|ocelot|puma|serval|tiger,554a12183153b943ece6ceaa45fe98025b869ec3,1,0.16796300595929103,0.16796300595929103,0.16796300595929103,0.0344743994432531
rsn_ks,fair,1,dinov2_vitl14,rsn,main,4,jaguar|leopard|ocelot|puma,cheetah|lion|serval|tiger,76d29f26b1ab55d51ffb3de38a4c73de8b5045d6,6,0.13000554396115951,0.12921922191340585,0.21927365924533437,0.04067235293243507
rsn_ks,fair,1,dinov2_vitb14,rsn,main,4,jaguar|leopard|ocelot|serval,cheetah|lion|puma|tiger,24395c321428ae8b68a7613b38d6cf50022d9e0c,6,0.09967654719501023,0.09117478542824858,0.1507060781786942,0.04333706863678061
rsn_ks,fair,0,dinov2_vitl14,rsn,main,2,cheetah|leopard,jaguar|lion|ocelot|puma|serval|tiger,8c263071ff065c3ce8d329705672c510218f738b,1,0.22371607854033526,0.22371607854033526,0.22371607854033526,0.04135713647897571
rsn_ks,fair,0,dinov2_vitb14,rsn,main,2,cheetah|ocelot,jaguar|leopard|lion|puma|serval|tiger,66f0ecd67f96f2dde5446d2518296b869520a09f,1,0.08960077474798096,0.08960077474798096,0.08960077474798096,0.00047993378010032986
rsn_ks,fair,1,dinov2_vitl14,rsn,main,4,jaguar|leopard|ocelot|serval,cheetah|lion|puma|tiger,2d9799a8f56eba7a1f0923ba2e8e00c5fe88e7b0,6,0.12533875379375634,0.12707721837629274,0.20172622731023102,0.051450870597929015
rsn_ks,fair,1,dinov2_vitb14,rsn,main,4,jaguar|leopard|ocelot|tiger,cheetah|lion|puma|serval,f4a1f6b8c440c3c54caabb80712c3cbd9349dbb0,6,0.08163453626120752,0.0757938030357807,0.12934997556058897,0.026022830774777524
rsn_ks,fair,0,dinov2_vitl14,rsn,main,2,cheetah|lion,jaguar|leopard|ocelot|puma|serval|tiger,80b9dd286534792a6fd81176b7a448d7380e810c,1,0.13791340969481203,0.13791340969481203,0.13791340969481203,0.015191669662627805
rsn_ks,fair,0,dinov2_vitb14,rsn,main,2,cheetah|puma,jaguar|leopard|lion|ocelot|serval|tiger,a44771c955101987fe26db095abcc9395fc0a638,1,0.07677433041056553,0.07677433041056553,0.07677433041056553,0.007019188693121168
rsn_ks,fair,0,dinov2_vitl14,rsn,main,2,cheetah|ocelot,jaguar|leopard|lion|puma|serval|tiger,2239cf7181074fc88ae3cc198477f6b3bb9f045c,1,0.10883956226328284,0.10883956226328284,0.10883956226328284,0.007596255838784858
rsn_ks,fair,0,dinov2_vitb14,rsn,main,2,cheetah|serval,jaguar|leopard|lion|ocelot|puma|tiger,474e5bd7519bda7f769ba6ac7d665ca78f275dae,1,0.12817796610169496,0.12817796610169496,0.12817796610169496,0.05607902802956854
rsn_ks,fair,1,dinov2_vitb14,rsn,main,4,jaguar|leopard|puma|serval,cheetah|lion|ocelot|tiger,a78b3c69416c1219b75b0b0e6b235259f1979ceb,6,0.1126238199892,0.11619607344601221,0.1475851741233697,0.04239747771013843
rsn_ks,fair,1,dinov2_vitl14,rsn,main,4,jaguar|leopard|ocelot|tiger,cheetah|lion|puma|serval,52c648051efefbea5baaeb9891d684a169d993dc,6,0.11996786412442023,0.1092300292712367,0.21361536094188102,0.05421116720396806
rsn_ks,fair,0,dinov2_vitl14,rsn,main,2,cheetah|puma,jaguar|leopard|lion|ocelot|serval|tiger,94b684a05c9171decb430a44fcfbebd27a9989ee,1,0.08438200322012139,0.08438200322012139,0.08438200322012139,0.023098357437678352
rsn_ks,fair,0,dinov2_vitb14,rsn,main,2,cheetah|tiger,jaguar|leopard|lion|ocelot|puma|serval,de40c13c3b6132517b59364578e9d48a0a78cfcc,1,0.09914416919654379,0.09914416919654379,0.09914416919654379,0.035783846075418096
rsn_ks,fair,1,dinov2_vitb14,rsn,main,4,jaguar|leopard|puma|tiger,cheetah|lion|ocelot|serval,661ca0a13433470f98a92f0f3cddf9257620f9b0,6,0.09554302722065251,0.09695648538320781,0.13199638049679585,0.0257883221766198
rsn_ks,fair,0,dinov2_vitl14,rsn,main,2,cheetah|serval,jaguar|leopard|lion|ocelot|puma|tiger,39bd4da967c209c0c9b1d4d018d91bde29a42b29,1,0.12019230769230771,0.12019230769230771,0.12019230769230771,0.07222833627967243
rsn_ks,fair,1,dinov2_vitl14,rsn,main,4,jaguar|leopard|puma|serval,cheetah|lion|ocelot|tiger,73984c3e4d3595f8deaecb36f9a62d9f6ec31f4d,6,0.15336525326886113,0.15565289812398164,0.21927365924533437,0.06180049810869161
rsn_ks,fair,0,dinov2_vitb14,rsn,main,2,jaguar|leopard,cheetah|lion|ocelot|puma|serval|tiger,1a4f704155363b5ec698bec44bf8460477d896b8,1,0.0822526710708752,0.0822526710708752,0.0822526710708752,0.044407356226079144
rsn_ks,fair,0,dinov2_vitb14,rsn,main,2,jaguar|lion,cheetah|leopard|ocelot|puma|serval|tiger,5f3315776e2b618bab0d64398ec986674c8453b2,1,0.22030609160030545,0.22030609160030545,0.22030609160030545,0.05987617010728536
rsn_ks,fair,0,dinov2_vitl14,rsn,main,2,cheetah|tiger,jaguar|leopard|lion|ocelot|puma|serval,25b005d2f50690145927e2b04f1007cdd92274e4,1,0.3014216731603594,0.3014216731603594,0.3014216731603594,0.0789516322831281
rsn_ks,fair,1,dinov2_vitb14,rsn,main,4,jaguar|leopard|serval|tiger,cheetah|lion|ocelot|puma,faff578b0924ad44e853e302a129562f9310bf5f,6,0.09044016296646433,0.08946075595438452,0.14046336206896548,0.042071461298741036
rsn_ks,fair,1,dinov2_vitl14,rsn,main,4,jaguar|leopard|puma|tiger,cheetah|lion|ocelot|serval,486cba4cae8b500738533328cd7f5271a0041a1f,6,0.1612279549538048,0.15144285140520436,0.2761513048809956,0.06438299672022213
rsn_ks,fair,0,dinov2_vitb14,rsn,main,2,jaguar|ocelot,cheetah|leopard|lion|puma|serval|tiger,8e47bcaaf00214578963bbaa2c1d46d3ac7e6fda,1,0.09821450931701908,0.09821450931701908,0.09821450931701908,0.02497468465073322
rsn_ks,fair,0,dinov2_vitl14,rsn,main,2,jaguar|leopard,cheetah|lion|ocelot|puma|serval|tiger,f34e43ee01d49876d978df3eb75f6dcd3bcea8bc,1,0.08320566147823306,0.08320566147823306,0.08320566147823306,0.04538298040288378
rsn_ks,fair,1,dinov2_vitb14,rsn,main,4,jaguar|lion|ocelot|puma,cheetah|leopard|serval|tiger,8375239880eb86324f674012a1cc6d391ad19261,6,0.11626651221235307,0.10688302734593932,0.189154404525944,0.031822457128636523
rsn_ks,fair,0,dinov2_vitb14,rsn,main,2,jaguar|puma,cheetah|leopard|lion|ocelot|serval|tiger,7fbf62dcfec5451eb262bbc5a016af27a7e820e2,1,0.12704621456752974,0.12704621456752974,0.12704621456752974,0.032467701063982536
rsn_ks,fair,0,dinov2_vitl14,rsn,main,2,jaguar|lion,cheetah|leopard|ocelot|puma|serval|tiger,ca3bcc507fb72a630493ed69cb8f9c0c3a1e6b2b,1,0.10086422471415324,0.10086422471415324,0.10086422471415324,0.019223906011260047
rsn_ks,fair,1,dinov2_vitl14,rsn,main,4,jaguar|leopard|serval|tiger,cheetah|lion|ocelot|puma,314ec34cc8b670331ec5507e135c987608b5b026,6,0.1556005732593153,0.1483582004076595,0.2661037486442516,0.04844937693421562
rsn_ks,fair,0,dinov2_vitb14,rsn,main,2,jaguar|serval,cheetah|leopard|lion|ocelot|puma|tiger,88fb00f73fbe4175749a17b4aee87bd1b6baf9dd,1,0.17064936075813897,0.17064936075813897,0.17064936075813897,0.08141712223238948
rsn_ks,fair,0,dinov2_vitl14,rsn,main,2,jaguar|ocelot,cheetah|leopard|lion|puma|serval|tiger,e8ea7b5c44772bd4e49ba23bc047dd8688398b6c,1,0.08132099486162908,0.08132099486162908,0.08132099486162908,0.003562950723520665
rsn_ks,fair,1,dinov2_vitb14,rsn,main,4,jaguar|lion|ocelot|serval,cheetah|leopard|puma|tiger,6057d6e9c386ea01afa6ff838ff98af846dbad7e,6,0.1413424098494698,0.14347714336427211,0.189154404525944,0.045866614374281744
rsn_ks,fair,0,dinov2_vitb14,rsn,main,2,jaguar|tiger,cheetah|leopard|lion|ocelot|puma|serval,c799f5949bc1cb48146d0f89c36910e347fdb5d5,1,0.11373114346824476,0.11373114346824476,0.11373114346824476,0.06118243119081328
rsn_ks,fair,0,dinov2_vitl14,rsn,main,2,jaguar|puma,cheetah|leopard|lion|ocelot|serval|tiger,8a203a3c9c1b5739019679008bcd4231f4c7e9ea,1,0.1630689497117945,0.1630689497117945,0.1630689497117945,0.019066719513302587
rsn_ks,fair,1,dinov2_vitl14,rsn,main,4,jaguar|lion|ocelot|puma,cheetah|leopard|serval|tiger,ef16fe4c77ca9552ce34e0f05ddbc5f031528ee1,6,0.11110956999186611,0.09895468909353633,0.15873754912152646,0.02394408797992087
rsn_ks,fair,0,dinov2_vitb14,rsn,main,2,leopard|lion,cheetah|jaguar|ocelot|puma|serval|tiger,5c1ed674530c6f4d19f89f36a5d6532054f77e06,1,0.17413978092172566,0.17413978092172566,0.17413978092172566,0.015510054222243006
rsn_ks,fair,1,dinov2_vitb14,rsn,main,4,jaguar|lion|ocelot|tiger,cheetah|leopard|puma|serval,9ed37f730ef15c2d8a3487924b4771c9d68b83fa,6,0.13738634045298495,0.13770927411500186,0.19178198699142146,0.03401741981547172
rsn_ks,fair,0,dinov2_vitl14,rsn,main,2,jaguar|serval,cheetah|leopard|lion|ocelot|puma|tiger,4312adb68744887d6a34a51491caf89b4aa51f51,1,0.17569907956955777,0.17569907956955777,0.17569907956955777,0.07623953993820791
rsn_ks,fair,0,dinov2_vitb14,rsn,main,2,leopard|ocelot,cheetah|jaguar|lion|puma|serval|tiger,a00e55d18de6184d1018d9892192e13a4002ee9c,1,0.08426504983723115,0.08426504983723115,0.08426504983723115,0.019454247497587923
rsn_ks,fair,1,dinov2_vitl14,rsn,main,4,jaguar|lion|ocelot|serval,cheetah|leopard|puma|tiger,7d9ddcde949de9d81fa5fc525e6f1b1b689eeb42,6,0.11276858655459661,0.10915839331638577,0.1525682471264368,0.05104724931306937
rsn_ks,fair,0,dinov2_vitl14,rsn,main,2,jaguar|tiger,cheetah|leopard|lion|ocelot|puma|serval,369ee29303cef039ee0d1a62bae165dd2247da0f,1,0.16707101520344947,0.16707101520344947,0.16707101520344947,0.08295862883231078
rsn_ks,fair,1,dinov2_vitb14,rsn,main,4,jaguar|lion|puma|serval,cheetah|leopard|ocelot|tiger,3e400726cbc35c7880ad0c979a67bc1ff90fc9a6,6,0.1352647200118495,0.14067453806404748,0.189154404525944,0.04447361486011256
rsn_ks,fair,0,dinov2_vitb14,rsn,main,2,leopard|puma,cheetah|jaguar|lion|ocelot|serval|tiger,3347d75614da201b9f8e62abfc8758cc2f5def3e,1,0.08649242057562939,0.08649242057562939,0.08649242057562939,0.011956894669829968
rsn_ks,fair,0,dinov2_vitl14,rsn,main,2,leopard|lion,cheetah|jaguar|ocelot|puma|serval|tiger,90fa0adaf473b5bacdea57a488bd1fc61045bb42,1,0.14142525638146566,0.14142525638146566,0.14142525638146566,0.0261819164944077
rsn_ks,fair,0,dinov2_vitb14,rsn,main,2,leopard|serval,cheetah|jaguar|lion|ocelot|puma|tiger,ab6f94c7cccd241c777cd6f641140e645ecf8737,1,0.09020668134310816,0.09020668134310816,0.09020668134310816,0.03714406107041458
rsn_ks,fair,1,dinov2_vitl14,rsn,main,4,jaguar|lion|ocelot|tiger,cheetah|leopard|puma|serval,e3f8e6e70600548c7736777840abbe968c2b10ac,6,0.1363037047541928,0.1231740265940206,0.21361536094188102,0.05431088412392314
rsn_ks,fair,1,dinov2_vitb14,rsn,main,4,jaguar|lion|puma|tiger,cheetah|leopard|ocelot|serval,9f655861ba3f4723d76688c0c9f8ea31311a4a01,6,0.13226986878061986,0.12883116599913708,0.19178198699142146,0.03310790666669565
rsn_ks,fair,0,dinov2_vitl14,rsn,main,2,leopard|ocelot,cheetah|jaguar|lion|puma|serval|tiger,5a021db54a1b1dfda747986f58d1d075b27dd3f5,1,0.13343054440850904,0.13343054440850904,0.13343054440850904,0.04893801797991092
rsn_ks,fair,0,dinov2_vitb14,rsn,main,2,leopard|tiger,cheetah|jaguar|lion|ocelot|puma|serval,82d00af879534940999e543a724541bdeb79eeb5,1,0.0673010853671584,0.0673010853671584,0.0673010853671584,0.0168207761728373
rsn_ks,fair,1,dinov2_vitl14,rsn,main,4,jaguar|lion|puma|serval,cheetah|leopard|ocelot|tiger,64826a87a807d407598dc51eac0b610cf1366636,6,0.12276368520248522,0.11791502230317574,0.15873754912152646,0.0600364883292439
rsn_ks,fair,0,dinov2_vitl14,rsn,main,2,leopard|puma,cheetah|jaguar|lion|ocelot|serval|tiger,42684d3dfc90a7cda6590d0f99ad04e582b078b1,1,0.2343683579199899,0.2343683579199899,0.2343683579199899,0.06439397951220545
rsn_ks,fair,0,dinov2_vitb14,rsn,main,2,lion|ocelot,cheetah|jaguar|leopard|puma|serval|tiger,7cb0c60ea9dfc2ff11cee37e94b35ead15325d90,1,0.15599944960531692,0.15599944960531692,0.15599944960531692,0.034953754898489016
rsn_ks,fair,1,dinov2_vitb14,rsn,main,4,jaguar|lion|serval|tiger,cheetah|leopard|ocelot|puma,4d1b6928924e2e2f2f51061f4392fe4c5db64309,6,0.14020116325903823,0.14067453806404748,0.19178198699142146,0.04281299797095283
rsn_ks,fair,0,dinov2_vitl14,rsn,main,2,leopard|serval,cheetah|jaguar|lion|ocelot|puma|tiger,277147831403eb45083c6c0b2884bed1c041f459,1,0.1982972478110016,0.1982972478110016,0.1982972478110016,0.03096369321863095
rsn_ks,fair,0,dinov2_vitb14,rsn,main,2,lion|puma,cheetah|jaguar|leopard|ocelot|serval|tiger,05ef947b89d04a41688039532b411d12bf529378,1,0.09805335255948089,0.09805335255948089,0.09805335255948089,0.02746185603362294
rsn_ks,fair,1,dinov2_vitb14,rsn,main,4,jaguar|ocelot|puma|serval,cheetah|leopard|lion|tiger,211126bd2fb25b39c6c831642a03346399219421,6,0.1222161661095965,0.1330646567852219,0.1507060781786942,0.0435427237579074
rsn_ks,fair,1,dinov2_vitl14,rsn,main,4,jaguar|lion|puma|tiger,cheetah|leopard|ocelot|serval,9bf94c4812074a6ab8362b282e86b76610f2ccc1,6,0.15953239475636116,0.15144285140520436,0.2761513048809956,0.06312547258309283
rsn_ks,fair,0,dinov2_vitl14,rsn,main,2,leopard|tiger,cheetah|jaguar|lion|ocelot|puma|serval,b9d3cfa63e1d5de5266041bf38f8e194802928cb,1,0.10594316781385102,0.10594316781385102,0.10594316781385102,0.03771765198803103
rsn_ks,fair,0,dinov2_vitb14,rsn,main,2,lion|serval,cheetah|jaguar|leopard|ocelot|puma|tiger,243c74f127202d7e248b593bd738b3343875d002,1,0.1364172615043291,0.1364172615043291,0.1364172615043291,0.021646477522436473
rsn_ks,fair,0,dinov2_vitl14,rsn,main,2,lion|ocelot,cheetah|jaguar|leopard|puma|serval|tiger,b6b64cbca3eb6b3c2b60c717d5aadaef5de249cb,1,0.12739681759728372,0.12739681759728372,0.12739681759728372,0.022785296082588165
rsn_ks,fair,0,dinov2_vitb14,rsn,main,2,lion|tiger,cheetah|jaguar|leopard|ocelot|puma|serval,a1fd54506f146707ef933f963703ca9327f936cf,1,0.18581947300395252,0.18581947300395252,0.18581947300395252,0.0013110639955884785
rsn_ks,fair,1,dinov2_vitb14,rsn,main,4,jaguar|ocelot|puma|tiger,cheetah|leopard|lion|serval,0c8692b4d9ec0312d0b062c2dfb6d67dad5b6a81,6,0.107179252286634,0.10688302734593932,0.13199638049679585,0.02524075794111507
rsn_ks,fair,1,dinov2_vitl14,rsn,main,4,jaguar|lion|serval|tiger,cheetah|leopard|ocelot|puma,b2e2f68fabbb2b8f5ee85920aa57767f72da4935,6,0.16023081979200537,0.1483582004076595,0.2661037486442516,0.055062740438175474
rsn_ks,fair,0,dinov2_vitl14,rsn,main,2,lion|puma,cheetah|jaguar|leopard|ocelot|serval|tiger,ffcc73acd80a31ccee9b752139690e661ace9877,1,0.11033102580485066,0.11033102580485066,0.11033102580485066,0.038276595742730665
rsn_ks,fair,0,dinov2_vitb14,rsn,main,2,ocelot|puma,cheetah|jaguar|leopard|lion|serval|tiger,02b5b87aa61d8165b9fb1db758829fccf064ceb1,1,0.0903359017645079,0.0903359017645079,0.0903359017645079,0.007499097210669544
rsn_ks,fair,1,dinov2_vitb14,rsn,main,4,jaguar|ocelot|serval|tiger,cheetah|leopard|lion|puma,3995a216e85c53fa244f22c8feda6013047bc140,6,0.11336954255194813,0.11054235604674426,0.1507060781786942,0.04390185614868154
rsn_ks,fair,1,dinov2_vitl14,rsn,main,4,jaguar|ocelot|puma|serval,cheetah|leopard|lion|tiger,b209f579e05212778d8f639c8ad99f4c38bd00ce,6,0.13064523605831996,0.13872076519641602,0.15873754912152646,0.06231283314744954
rsn_ks,fair,0,dinov2_vitb14,rsn,main,2,ocelot|serval,cheetah|jaguar|leopard|lion|puma|tiger,54d4c0fdacc642233993cb647ce598a714001b56,1,0.17188389713591623,0.17188389713591623,0.17188389713591623,0.05655743961030185
rsn_ks,fair,0,dinov2_vitl14,rsn,main,2,lion|serval,cheetah|jaguar|leopard|ocelot|puma|tiger,018ef6a562152f5ce44b196d4575f4558941e061,1,0.12861094739432322,0.12861094739432322,0.12861094739432322,0.05709931993215714
rsn_ks,fair,0,dinov2_vitb14,rsn,main,2,ocelot|tiger,cheetah|jaguar|leopard|lion|puma|serval,872060d090fed0fe94ff8d9b8faf3554b2998cd8,1,0.11157143173501,0.11157143173501,0.11157143173501,0.0362631570765368
rsn_ks,fair,1,dinov2_vitb14,rsn,main,4,jaguar|puma|serval|tiger,cheetah|leopard|lion|ocelot,3c5f83761d3afd7e674c8b4f7a24edea63e2ea4e,6,0.12077206334989639,0.12883116599913708,0.1475851741233697,0.042717895182431
rsn_ks,fair,0,dinov2_vitl14,rsn,main,2,lion|tiger,cheetah|jaguar|leopard|ocelot|puma|serval,41711124fcadf3000b4b87beb533250120eb8f5b,1,0.1929990849919923,0.1929990849919923,0.1929990849919923,0.0638365286072345
rsn_ks,fair,1,dinov2_vitl14,rsn,main,4,jaguar|ocelot|puma|tiger,cheetah|leopard|lion|serval,8aa232ed24de554fc2eb6c8ff75b70c1b5c8be65,6,0.16815434493386663,0.15144285140520436,0.2761513048809956,0.0655563970886182
rsn_ks,fair,0,dinov2_vitb14,rsn,main,2,puma|serval,cheetah|jaguar|leopard|lion|ocelot|tiger,bec728f5b1afa14d0493bd76f4cb74bc3c88e088,1,0.15196161293939836,0.15196161293939836,0.15196161293939836,0.0490791583301777
rsn_ks,fair,0,dinov2_vitl14,rsn,main,2,ocelot|puma,cheetah|jaguar|leopard|lion|serval|tiger,23c33ca9ade14a1e1175ce5e5fd2568ce0b5e0b4,1,0.14582297550148499,0.14582297550148499,0.14582297550148499,0.015504822090987119
rsn_ks,fair,1,dinov2_vitb14,rsn,main,4,leopard|lion|ocelot|puma,cheetah|jaguar|serval|tiger,bc5843c2cb89d2b6c3bd341fec508fc2babe3844,6,0.10787247017706965,0.09741314929047323,0.16769495754295632,0.020711387790645592
rsn_ks,fair,0,dinov2_vitb14,rsn,main,2,puma|tiger,cheetah|jaguar|leopard|lion|ocelot|serval,71966ff3372f51b44be802a4bd9d4aad446cc669,1,0.11459881907318736,0.11459881907318736,0.11459881907318736,0.028771884119082557
rsn_ks,fair,1,dinov2_vitl14,rsn,main,4,jaguar|ocelot|serval|tiger,cheetah|leopard|lion|puma,073d7d61a415d3b36114d182772ed363550eedcc,6,0.16473753404952338,0.1483582004076595,0.2661037486442516,0.062206430017877484
rsn_ks,fair,0,dinov2_vitl14,rsn,main,2,ocelot|serval,cheetah|jaguar|leopard|lion|puma|tiger,ecad1c1f2252b6773b98d50420f9788d5459f64d,1,0.15862963330449398,0.15862963330449398,0.15862963330449398,0.07978081918158852
rsn_ks,fair,1,dinov2_vitb14,rsn,main,4,leopard|lion|ocelot|serval,cheetah|jaguar|puma|tiger,c63a1e938aeb5d0e2fccd53b095c88d738a1de28,6,0.12962330736481856,0.14347714336427211,0.16769495754295632,0.03235896292323241
rsn_ks,fair,0,dinov2_vitb14,rsn,main,2,serval|tiger,cheetah|jaguar|leopard|lion|ocelot|puma,a653ac3a329577dbc973e0e68176793f00d02c17,1,0.09099379498587967,0.09099379498587967,0.09099379498587967,0.020335990660581376
rsn_ks,fair,0,dinov2_vitl14,rsn,main,2,ocelot|tiger,cheetah|jaguar|leopard|lion|puma|serval,f31f10c73027bb4113172bcaf2c7c7ea997fb332,1,0.2298909583788684,0.2298909583788684,0.2298909583788684,0.08649601327989359
rsn_ks,fair,0,dinov2_vitb14,rsn,main,3,cheetah|jaguar|leopard,lion|ocelot|puma|serval|tiger,103dfa493e20db65cf35da8c522bceb533a9f110,3,0.06671431809221436,0.06693978769775633,0.0822526710708752,0.03628475436168481
rsn_ks,fair,1,dinov2_vitl14,rsn,main,4,jaguar|puma|serval|tiger,cheetah|leopard|lion|ocelot,0bece41760f403d088d270b87c1e698931f69934,6,0.18623702682247192,0.15565289812398164,0.2761513048809956,0.07267864710174159
rsn_ks,fair,1,dinov2_vitb14,rsn,main,4,leopard|lion|ocelot|tiger,cheetah|jaguar|puma|serval,5c9b07c3093cc65474d715f3a8065f9203d147c8,6,0.12894343970191383,0.13770927411500186,0.19178198699142146,0.020280289042078098
rsn_ks,fair,0,dinov2_vitl14,rsn,main,2,puma|serval,cheetah|jaguar|leopard|lion|ocelot|tiger,39477c935f4922db7d71777225e170eec9e4f3de,1,0.13750997919640895,0.13750997919640895,0.13750997919640895,0.09516791975422421
rsn_ks,fair,0,dinov2_vitb14,rsn,main,3,cheetah|jaguar|lion,leopard|ocelot|puma|serval|tiger,d3b3e20e3e932877cceed0555804695953df0d7b,3,0.15173629508578426,0.16796300595929103,0.22030609160030545,0.04932841039366216
rsn_ks,fair,1,dinov2_vitl14,rsn,main,4,leopard|lion|ocelot|puma,cheetah|jaguar|serval|tiger,c919bf8af3bcec660f4b23e9d4004c991209af67,6,0.13622024526427015,0.12921922191340585,0.21927365924533437,0.04102052995968715
rsn_ks,fair,0,dinov2_vitl14,rsn,main,2,puma|tiger,cheetah|jaguar|leopard|lion|ocelot|serval,c18b75e8595753482e0200ca5e2d20eebcd36d06,1,0.29134081644621646,0.29134081644621646,0.29134081644621646,0.10186422471948525
rsn_ks,fair,1,dinov2_vitb14,rsn,main,4,leopard|lion|puma|serval,cheetah|jaguar|ocelot|tiger,d3002b2d09a3a7dd31abbec2dd974418a445a830,6,0.12204983302833962,0.1238059547248378,0.16769495754295632,0.029441362967940907
rsn_ks,fair,0,dinov2_vitb14,rsn,main,3,cheetah|jaguar|ocelot,leopard|lion|puma|serval|tiger,8362ade6f935e7bf6c035dd590a069f1763c1300,3,0.08491835725425212,0.08960077474798096,0.09821450931701908,0.023577740232863964
rsn_ks,fair,0,dinov2_vitl14,rsn,main,2,serval|tiger,cheetah|jaguar|leopard|lion|ocelot|puma,8ad30dbb8bf6ac773ce9565c62541555b484cf2c,1,0.25975968452093373,0.25975968452093373,0.25975968452093373,0.006761855790699218
rsn_ks,fair,1,dinov2_vitl14,rsn,main,4,leopard|lion|ocelot|serval,cheetah|jaguar|puma|tiger,75f4263616798198cbb3a9c0d5730d171d045c8c,6,0.1359829068369984,0.12707721837629274,0.20172622731023102,0.047755317959228334
rsn_ks,fair,0,dinov2_vitb14,rsn,main,3,cheetah|jaguar|puma,leopard|lion|ocelot|serval|tiger,abd652376a7837c5a588f67f26f6b256b43ab879,3,0.09025344422528386,0.07677433041056553,0.12704621456752974,0.0276786249189811
rsn_ks,fair,1,dinov2_vitb14,rsn,main,4,leopard|lion|puma|tiger,cheetah|jaguar|ocelot|serval,7fcc085ba578ee703a4300a08f705dc362303f07,6,0.12233118353069015,0.11936128794367099,0.19178198699142146,0.017064309956816633
rsn_ks,fair,0,dinov2_vitl14,rsn,main,3,cheetah|jaguar|leopard,lion|ocelot|puma|serval|tiger,64a9bfee871f17f2af9392a35dcf3795e8003f9a,3,0.15166342374058137,0.14806853120317578,0.22371607854033526,0.04160869047227088
rsn_ks,fair,0,dinov2_vitb14,rsn,main,3,cheetah|jaguar|serval,leopard|lion|ocelot|puma|tiger,ae889469d004d1a80a7f7daab9df2ef5efa731eb,3,0.12192237151919676,0.12817796610169496,0.17064936075813897,0.06908933464640041
rsn_ks,fair,1,dinov2_vitl14,rsn,main,4,leopard|lion|ocelot|tiger,cheetah|jaguar|puma|serval,6bcfee1ce5915ea530ae2e56d1970017aeed0cad,6,0.14411439996601363,0.12963783270984242,0.21361536094188102,0.050519324792985335
rsn_ks,fair,1,dinov2_vitb14,rsn,main,4,leopard|lion|serval|tiger,cheetah|jaguar|ocelot|puma,846345f5858d0dfa9692b69e1aa45ceb380ed033,6,0.12693741755974067,0.12122947866047781,0.19178198699142146,0.024085981993353517
rsn_ks,fair,0,dinov2_vitl14,rsn,main,3,cheetah|jaguar|lion,leopard|ocelot|puma|serval|tiger,61253aef3c52c22023478c2728a374dfad5e3cbd,3,0.12894872187071368,0.13791340969481203,0.14806853120317578,0.0166350600404416
rsn_ks,fair,0,dinov2_vitb14,rsn,main,3,cheetah|jaguar|tiger,leopard|lion|ocelot|puma|serval,5c74ee5d2c1bf469fccd70f4dbcbc021a6d366b8,3,0.09327170012084829,0.09914416919654379,0.11373114346824476,0.05048629498301261
rsn_ks,fair,0,dinov2_vitl14,rsn,main,3,cheetah|jaguar|ocelot,leopard|lion|puma|serval|tiger,9d885b1ed2ad9121361103f510f99736e40be33a,3,0.11274302944269589,0.10883956226328284,0.14806853120317578,0.006207812549745547
rsn_ks,fair,1,dinov2_vitb14,rsn,main,4,leopard|ocelot|puma|serval,cheetah|jaguar|lion|tiger,b220e474ea83a67d4194d95fd3eabd82551cbaa1,6,0.11091701210362115,0.10414971932618614,0.1507060781786942,0.03324484123838709
rsn_ks,fair,1,dinov2_vitl14,rsn,main,4,leopard|lion|puma|serval,cheetah|jaguar|ocelot|tiger,d5d19f34881441633d2e2fd03071f755c83abfd9,6,0.14903990002937215,0.1307065738995706,0.21927365924533437,0.05930847361706797
rsn_ks,fair,0,dinov2_vitb14,rsn,main,3,cheetah|leopard|lion,jaguar|ocelot|puma|serval|tiger,b65cb2b88b50199edcd7c6f08170c0ea0b344664,3,0.13101776079634275,0.16796300595929103,0.17413978092172566,0.028153856977899256
rsn_ks,fair,0,dinov2_vitl14,rsn,main,3,cheetah|jaguar|puma,leopard|lion|ocelot|serval|tiger,5c38367b14f1fd77d0a655a0080d8de1df67252f,3,0.13183982804503055,0.14806853120317578,0.1630689497117945,0.02002237290971773
rsn_ks,fair,0,dinov2_vitb14,rsn,main,3,cheetah|leopard|ocelot,jaguar|lion|puma|serval|tiger,b500b633e073aa45342f6d19bc03042fba44207e,3,0.07493877336440789,0.08426504983723115,0.08960077474798096,0.018236303661847263
rsn_ks,fair,1,dinov2_vitb14,rsn,main,4,leopard|ocelot|puma|tiger,cheetah|jaguar|lion|serval,2b972140513bdc305bcdf88cde53afc7e22efbb5,6,0.09915630001423881,0.09741314929047323,0.13199638049679585,0.013367847659200533
rsn_ks,fair,1,dinov2_vitl14,rsn,main,4,leopard|lion|puma|tiger,cheetah|jaguar|ocelot|serval,2d375d13ebfa7fcd8015e4d4ea5dd46959f378e1,6,0.17040498451266717,0.1652055404062842,0.2761513048809956,0.06182557070475323
rsn_ks,fair,0,dinov2_vitl14,rsn,main,3,cheetah|jaguar|serval,leopard|lion|ocelot|puma|tiger,66f27fa601b3ac37d10d313a6d22f3af1414d15a,3,0.1479866394883471,0.14806853120317578,0.17569907956955777,0.07182855769526694
rsn_ks,fair,0,dinov2_vitb14,rsn,main,3,cheetah|leopard|puma,jaguar|lion|ocelot|serval|tiger,e41d440499a28e7847d7a332a74ca72992b136b6,3,0.07140574883140216,0.07677433041056553,0.08649242057562939,0.01570513463387797
rsn_ks,fair,1,dinov2_vitb14,rsn,main,4,leopard|ocelot|serval|tiger,cheetah|jaguar|lion|puma,511a84f2a2438a4fc658f73f9518aa4f1d100111,6,0.10202152983018505,0.09665398989736285,0.1507060781786942,0.03134103001222851
rsn_ks,fair,0,dinov2_vitb14,rsn,main,3,cheetah|leopard|serval,jaguar|lion|ocelot|puma|tiger,f354fe117b00762c59e82dda4cfd7d41f20a691a,3,0.08977838098427156,0.09020668134310816,0.12817796610169496,0.047014637944679846
rsn_ks,fair,0,dinov2_vitl14,rsn,main,3,cheetah|jaguar|tiger,leopard|lion|ocelot|puma|serval,cf7b2ac7bbbcd7a1b4215a6e96ddd6dad76e8cea,3,0.2055204065223282,0.16707101520344947,0.3014216731603594,0.0784999458275117
rsn_ks,fair,1,dinov2_vitl14,rsn,main,4,leopard|lion|serval|tiger,cheetah|jaguar|ocelot|puma,771aa174bdbebf8cb1bf650b75df2ec323b8348d,6,0.1692070545583091,0.1652055404062842,0.2661037486442516,0.041302376709322006
rsn_ks,fair,1,dinov2_vitb14,rsn,main,4,leopard|puma|serval|tiger,cheetah|jaguar|lion|ocelot,e15717819ec70340bdb62e43f97956f7bcaeb52d,6,0.10792826612927475,0.10414971932618614,0.1475851741233697,0.028697909513163804
rsn_ks,fair,0,dinov2_vitb14,rsn,main,3,cheetah|leopard|tiger,jaguar|lion|ocelot|puma|serval,da73b8b95403c4ad672a752639c4706cf0418817,3,0.07246525002390458,0.0673010853671584,0.09914416919654379,0.029211363287957506
rsn_ks,fair,0,dinov2_vitl14,rsn,main,3,cheetah|leopard|lion,jaguar|ocelot|puma|serval|tiger,51b79d0f1359ac16d23a8de9a0ea0363b3107b29,3,0.1676849148722043,0.14142525638146566,0.22371607854033526,0.03435652158224118
rsn_ks,fair,1,dinov2_vitl14,rsn,main,4,leopard|ocelot|puma|serval,cheetah|jaguar|lion|tiger,ae91fc47b2ea802ab9e712a431e05c8d9fff2127,6,0.15595504158573648,0.13872076519641602,0.21927365924533437,0.06342879437521085
rsn_ks,fair,0,dinov2_vitb14,rsn,main,3,cheetah|lion|ocelot,jaguar|leopard|puma|serval|tiger,afec1d0b67c9477c0464aea3979f592a05d54894,3,0.1378544101041963,0.15599944960531692,0.16796300595929103,0.033114053270191735
rsn_ks,fair,1,dinov2_vitb14,rsn,main,4,lion|ocelot|puma|serval,cheetah|jaguar|leopard|tiger,f099cecacad110dea63bd85a11bcbaa7d9ca9cd7,6,0.12352989266886975,0.14347714336427211,0.1507060781786942,0.03390845299328019
rsn_ks,fair,0,dinov2_vitl14,rsn,main,3,cheetah|leopard|ocelot,jaguar|lion|puma|serval|tiger,5a6bce649143f5bf55555cb2400ac92a82c130fa,3,0.15532872840404238,0.13343054440850904,0.22371607854033526,0.04361896971610711
rsn_ks,fair,0,dinov2_vitb14,rsn,main,3,cheetah|lion|puma,jaguar|leopard|ocelot|serval|tiger,bb962360661c31b329f8c700a73274f1e2f1c16e,3,0.11426356297644581,0.09805335255948089,0.16796300595929103,0.030019256481466833
rsn_ks,fair,1,dinov2_vitl14,rsn,main,4,leopard|ocelot|puma|tiger,cheetah|jaguar|lion|serval,45f86811a8f6d5559adde638f298c5bfe3059039,6,0.17806052539070225,0.17723906483770507,0.2761513048809956,0.06602566990414613
rsn_ks,fair,0,dinov2_vitl14,rsn,main,3,cheetah|leopard|puma,jaguar|lion|ocelot|serval|tiger,b50db2c5c8655ecb873c6676ab23ef559c88f897,3,0.18082214656014886,0.22371607854033526,0.2343683579199899,0.053789913967787074
rsn_ks,fair,1,dinov2_vitb14,rsn,main,4,lion|ocelot|puma|tiger,cheetah|jaguar|leopard|serval,589694bfcc022e9d7520253aca348e2d52a7927c,6,0.12585512211680525,0.1306731780286924,0.19178198699142146,0.021515177749022913
rsn_ks,fair,0,dinov2_vitb14,rsn,main,3,cheetah|lion|serval,jaguar|leopard|ocelot|puma|tiger,889d11d5e841bd6ad584097f5ab6ea16d1069e08,3,0.14418607785510504,0.1364172615043291,0.16796300595929103,0.04592522204732153
rsn_ks,fair,0,dinov2_vitl14,rsn,main,3,cheetah|leopard|serval,jaguar|lion|ocelot|puma|tiger,932a1f1b599a0b8f15eeb5f7ac9a928a59e7b84e,3,0.1807352113478815,0.1982972478110016,0.22371607854033526,0.058935688933942965
rsn_ks,fair,1,dinov2_vitl14,rsn,main,4,leopard|ocelot|serval|tiger,cheetah|jaguar|lion|puma,2951c2177af50af0bf54084a4b608c9b58d11bde,6,0.17274735951635667,0.169152494484767,0.2661037486442516,0.05212909874177564
rsn_ks,fair,1,dinov2_vitb14,rsn,main,4,lion|ocelot|serval|tiger,cheetah|jaguar|leopard|puma,dd8786dbd9f3d711ed7bf2ba83acafd5604edaee,6,0.14175451066535805,0.14347714336427211,0.19178198699142146,0.030245264428635017
rsn_ks,fair,0,dinov2_vitb14,rsn,main,3,cheetah|lion|tiger,jaguar|leopard|ocelot|puma|serval,6fb2bc41b443eb83454de57aa56d674284f00bff,3,0.15097554938659577,0.16796300595929103,0.18581947300395252,0.032755442873884856
rsn_ks,fair,0,dinov2_vitl14,rsn,main,3,cheetah|leopard|tiger,jaguar|lion|ocelot|puma|serval,21a31290c3aa7bb9375247d8027e064c87cafd59,3,0.21036030650484858,0.22371607854033526,0.3014216731603594,0.06445305394150726
rsn_ks,fair,1,dinov2_vitl14,rsn,main,4,leopard|puma|serval|tiger,cheetah|jaguar|lion|ocelot,c86f239d4da5320482c851e75a577d08464a4cde,6,0.1973087468337904,0.2104999432777827,0.2761513048809956,0.0657939136223079
rsn_ks,fair,1,dinov2_vitb14,rsn,main,4,lion|puma|serval|tiger,cheetah|jaguar|leopard|ocelot,e6ab86777f6dac87af44632d0e0e582110e4a041,6,0.12863628433263766,0.13644104727796266,0.19178198699142146,0.02674302369804257
rsn_ks,fair,0,dinov2_vitb14,rsn,main,3,cheetah|ocelot|puma,jaguar|leopard|lion|serval|tiger,c237f11cb696c9bf6baf3da35231e9674f0cc110,3,0.08557033564101812,0.08960077474798096,0.0903359017645079,0.006871606234718423
rsn_ks,fair,0,dinov2_vitl14,rsn,main,3,cheetah|lion|ocelot,jaguar|leopard|puma|serval|tiger,68887a5dbcc3a023199c760b9dd47a93036d7968,3,0.12471659651845952,0.12739681759728372,0.13791340969481203,0.019015914846998525
rsn_ks,fair,0,dinov2_vitb14,rsn,main,3,cheetah|ocelot|serval,jaguar|leopard|lion|puma|tiger,33bb5d5aef45a7735413ef47326e6006a5a92039,3,0.1298875459951974,0.12817796610169496,0.17188389713591623,0.0541144525005666
rsn_ks,fair,1,dinov2_vitl14,rsn,main,4,lion|ocelot|puma|serval,cheetah|jaguar|leopard|tiger,862a5cfe942b78c7d5bedfc1a8e5518351c4538f,6,0.11853015886437603,0.11791502230317574,0.14086276873352913,0.061282424880227955
rsn_ks,fair,1,dinov2_vitb14,rsn,main,4,ocelot|puma|serval|tiger,cheetah|jaguar|leopard|lion,9ba80c3088c5155357a8faf8d2d595df9ecabf2e,6,0.12324540801379143,0.1306731780286924,0.1507060781786942,0.03265863043557974
rsn_ks,fair,0,dinov2_vitl14,rsn,main,3,cheetah|lion|puma,jaguar|leopard|ocelot|serval|tiger,fe1e44ea9f13e0568efa92cdf952577077c8a935,3,0.11087547957326137,0.11033102580485066,0.13791340969481203,0.03136130146104254
rsn_ks,fair,0,dinov2_vitb14,rsn,main,3,cheetah|ocelot|tiger,jaguar|leopard|lion|puma|serval,dc5fa67ed83f2282eba72fca4eaa4c2a6c079c05,3,0.10010545855984491,0.09914416919654379,0.11157143173501,0.03437813769999941
rsn_ks,fair,1,dinov2_vitb14,rsn,main,5,cheetah|jaguar|leopard|lion|ocelot,puma|serval|tiger,c3a8a1474a22e9e3817222fc7651a4c722b4c5ee,10,0.10604494154576356,0.09246575535198634,0.189154404525944,0.029287896364990754
rsn_ks,fair,0,dinov2_vitl14,rsn,main,3,cheetah|lion|serval,jaguar|leopard|ocelot|puma|tiger,999b70b95aad6e8c2ed3685e3dcc129f8375f7b3,3,0.12890555492714764,0.12861094739432322,0.13791340969481203,0.06337498438710773
rsn_ks,fair,1,dinov2_vitl14,rsn,main,4,lion|ocelot|puma|tiger,cheetah|jaguar|leopard|serval,222c7d7fa956f20ffdcad3de7a1667176ecd6881,6,0.16954165053827408,0.16478692960984764,0.2761513048809956,0.06439716008072806
rsn_ks,fair,0,dinov2_vitb14,rsn,main,3,cheetah|puma|serval,jaguar|leopard|lion|ocelot|tiger,dd42b033ed6686f8ec0c86f44b6925f18ffd65f7,3,0.11897130315055295,0.12817796610169496,0.15196161293939836,0.05074684213701642
rsn_ks,fair,0,dinov2_vitl14,rsn,main,3,cheetah|lion|tiger,jaguar|leopard|ocelot|puma|serval,cb0c347d2860f84ae95dfd87c66018291ad27dd0,3,0.21077805594905455,0.1929990849919923,0.3014216731603594,0.06990226081240589
rsn_ks,fair,0,dinov2_vitb14,rsn,main,3,cheetah|puma|tiger,jaguar|leopard|lion|ocelot|serval,379e451db5eb2717029b95506ee3481bced0e46b,3,0.09683910622676556,0.09914416919654379,0.11459881907318736,0.031258283826023574
rsn_ks,fair,1,dinov2_vitb14,rsn,main,5,cheetah|jaguar|leopard|lion|puma,ocelot|serval|tiger,029e986968bd8bb7b5c7d76aac360b60c2582dc5,10,0.10475815194402009,0.09772190026957742,0.189154404525944,0.028982712277041932
rsn_ks,fair,1,dinov2_vitl14,rsn,main,4,lion|ocelot|serval|tiger,cheetah|jaguar|leopard|puma,0b1ef7328378acf0a67febbc6abaf5ad2bd5536b,6,0.1705542913940622,0.16264492607273454,0.2661037486442516,0.05797970974650791
rsn_ks,fair,0,dinov2_vitb14,rsn,main,3,cheetah|serval|tiger,jaguar|leopard|lion|ocelot|puma,721c4f84a7830c84f2241d2e446a703304c430bc,3,0.10610531009470614,0.09914416919654379,0.12817796610169496,0.04604570933776683
rsn_ks,fair,0,dinov2_vitl14,rsn,main,3,cheetah|ocelot|puma,jaguar|leopard|lion|serval|tiger,c324fac1025c8bfa27e658a71ef2b8af5b36ddd9,3,0.11301484699496307,0.10883956226328284,0.14582297550148499,0.019154391896257967
rsn_ks,fair,1,dinov2_vitb14,rsn,main,5,cheetah|jaguar|leopard|lion|serval,ocelot|puma|tiger,8962d3e617f18a04170acb9f490667acb628c166,10,0.11534216697592344,0.1261623294154604,0.189154404525944,0.04163952761719105
rsn_ks,fair,1,dinov2_vitl14,rsn,main,4,lion|puma|serval|tiger,cheetah|jaguar|leopard|ocelot,33c910a50513384b0528e8888169cd0280b84739,6,0.17708427788427974,0.15421212397945253,0.2761513048809956,0.06951441109650736
rsn_ks,fair,0,dinov2_vitb14,rsn,main,3,jaguar|leopard|lion,cheetah|ocelot|puma|serval|tiger,d71503df266e19e01827ff8b09819bba8c56116c,3,0.15889951453096876,0.17413978092172566,0.22030609160030545,0.050118914164581994
rsn_ks,fair,0,dinov2_vitl14,rsn,main,3,cheetah|ocelot|serval,jaguar|leopard|lion|puma|tiger,17e3778a35f5bc081020b7a11ea1c591ebb3a58b,3,0.12922050108669483,0.12019230769230771,0.15862963330449398,0.07374207675795762
rsn_ks,fair,1,dinov2_vitb14,rsn,main,5,cheetah|jaguar|leopard|lion|tiger,ocelot|puma|serval,c4d214e34231f95fc814af4307a11e0caa94c67c,10,0.10870479783840334,0.08433703540752152,0.19178198699142146,0.030798998120694084
rsn_ks,fair,0,dinov2_vitb14,rsn,main,3,jaguar|leopard|ocelot,cheetah|lion|puma|serval|tiger,a1ab078d97adab95e0e7300ced57a129351549c3,3,0.08824407674170848,0.08426504983723115,0.09821450931701908,0.0362667805769412
rsn_ks,fair,0,dinov2_vitl14,rsn,main,3,cheetah|ocelot|tiger,jaguar|leopard|lion|puma|serval,b4552d5adfc73ab62ce1884bb24bac6be417c600,3,0.2133840646008369,0.2298909583788684,0.3014216731603594,0.08040441150489776
rsn_ks,fair,1,dinov2_vitl14,rsn,main,4,ocelot|puma|serval|tiger,cheetah|jaguar|leopard|lion,2e5450edc73e8c6854973706a763dae5f6a3058f,6,0.1921708503887832,0.17723906483770507,0.2761513048809956,0.07455755969502553
rsn_ks,fair,0,dinov2_vitb14,rsn,main,3,jaguar|leopard|puma,cheetah|lion|ocelot|serval|tiger,3a428f0e7306d10c719e292c3f900a7f686d05f9,3,0.09859710207134477,0.08649242057562939,0.12704621456752974,0.03718743455424369
rsn_ks,fair,1,dinov2_vitb14,rsn,main,5,cheetah|jaguar|leopard|ocelot|puma,lion|serval|tiger,fa61623676a6383bc9d541a27e81093fd7282292,10,0.08171825435669058,0.08443821539253568,0.1256659515014783,0.017895144706344478
rsn_ks,fair,0,dinov2_vitl14,rsn,main,3,cheetah|puma|serval,jaguar|leopard|lion|ocelot|tiger,6d452c1ff5b0c6a23b32aaf824387cf1a0a2c5c9,3,0.11402809670294602,0.12019230769230771,0.13750997919640895,0.08298191983055289
rsn_ks,fair,0,dinov2_vitb14,rsn,main,3,jaguar|leopard|serval,cheetah|lion|ocelot|puma|tiger,918b6e922ec159b3140e9a35467fe0cbd4540bd4,3,0.11436957105737411,0.09020668134310816,0.17064936075813897,0.06641535849449891
rsn_ks,fair,1,dinov2_vitl14,rsn,main,5,cheetah|jaguar|leopard|lion|ocelot,puma|serval|tiger,218288a176530cd1d8861bb2f6c79e1ecbdee5d1,10,0.12186520385375563,0.11328610452028114,0.21648085930880012,0.027504110205515617
rsn_ks,fair,1,dinov2_vitb14,rsn,main,5,cheetah|jaguar|leopard|ocelot|serval,lion|puma|tiger,840e78a6849b4204964edbf5500179ee5635a45f,10,0.09125766686073136,0.09117478542824858,0.1507060781786942,0.03981888734355286
rsn_ks,fair,0,dinov2_vitl14,rsn,main,3,cheetah|puma|tiger,jaguar|leopard|lion|ocelot|serval,c3ffa0e99c1d303348f1ecba4e96d0bec85feca0,3,0.2257148309422324,0.29134081644621646,0.3014216731603594,0.0895302182468744
rsn_ks,fair,0,dinov2_vitb14,rsn,main,3,jaguar|leopard|tiger,cheetah|lion|ocelot|puma|serval,fd127e62405e572b4059fc43d147a26fa0da1142,3,0.08776163330209279,0.0822526710708752,0.11373114346824476,0.05100181340206213
rsn_ks,fair,0,dinov2_vitb14,rsn,main,3,jaguar|lion|ocelot,cheetah|leopard|puma|serval|tiger,3d9c94ad7728157f6f21d5a4a9a74723e2a29238,3,0.15817335017421383,0.15599944960531692,0.22030609160030545,0.04939247369255289
rsn_ks,fair,0,dinov2_vitl14,rsn,main,3,cheetah|serval|tiger,jaguar|leopard|lion|ocelot|puma,dd4a858f746db2a811aa986d92eb6fa20467667d,3,0.22712455512453364,0.25975968452093373,0.3014216731603594,0.06976720837079614
rsn_ks,fair,1,dinov2_vitl14,rsn,main,5,cheetah|jaguar|leopard|lion|puma,ocelot|serval|tiger,0271f796041deb639ece04d2308608ede910fc12,10,0.13643389993549043,0.1349401144058342,0.21927365924533437,0.0362593947531943
rsn_ks,fair,1,dinov2_vitb14,rsn,main,5,cheetah|jaguar|leopard|ocelot|tiger,lion|puma|serval,420edce421b44e818a2ccbf25a65efd8acb015c6,10,0.07739506016817155,0.0757938030357807,0.12934997556058897,0.02357383409612619
rsn_ks,fair,0,dinov2_vitl14,rsn,main,3,jaguar|leopard|lion,cheetah|ocelot|puma|serval|tiger,35785f5a23da2f4a718f4c6db8242e0032277e5d,3,0.10849838085795065,0.10086422471415324,0.14142525638146566,0.03734367980747905
rsn_ks,fair,0,dinov2_vitb14,rsn,main,3,jaguar|lion|puma,cheetah|leopard|ocelot|serval|tiger,7e3ac1973bcec6870a14c69b67190ea3fe1ac8db,3,0.14846855290910535,0.12704621456752974,0.22030609160030545,0.04885980473198152
rsn_ks,fair,1,dinov2_vitb14,rsn,main,5,cheetah|jaguar|leopard|puma|serval,lion|ocelot|tiger,1401434716779cdc3b7f52c59b01620b3dc901fe,10,0.09748227274117591,0.10414971932618614,0.1475851741233697,0.0392415424087318
rsn_ks,fair,1,dinov2_vitl14,rsn,main,5,cheetah|jaguar|leopard|lion|serval,ocelot|puma|tiger,63763e816db293beb0f740966fe0fb8540e6beb0,10,0.13894919676562406,0.1349401144058342,0.21648085930880012,0.045658252576332777
rsn_ks,fair,0,dinov2_vitl14,rsn,main,3,jaguar|leopard|ocelot,cheetah|lion|puma|serval|tiger,3667258b5f90e8d072b9e24bc30ef187eaaec18c,3,0.09931906691612373,0.08320566147823306,0.13343054440850904,0.04525824865437783
rsn_ks,fair,0,dinov2_vitb14,rsn,main,3,jaguar|lion|serval,cheetah|leopard|ocelot|puma|tiger,1eb0cfd038aa62cd5a387be5e53c18b138a64c0f,3,0.1757909046209245,0.17064936075813897,0.22030609160030545,0.06775752686993324
rsn_ks,fair,1,dinov2_vitb14,rsn,main,5,cheetah|jaguar|leopard|puma|tiger,lion|ocelot|serval,5841970684abd888861c754a2d09caacd302c587,10,0.08419639694776923,0.08433703540752152,0.13199638049679585,0.02355215276186633
rsn_ks,fair,0,dinov2_vitb14,rsn,main,3,jaguar|lion|tiger,cheetah|leopard|ocelot|puma|serval,4e482dcc019e1df8c6fbce6fe3a2c27616f9832e,3,0.17328556935750092,0.18581947300395252,0.22030609160030545,0.05595040307947765
rsn_ks,fair,0,dinov2_vitl14,rsn,main,3,jaguar|leopard|puma,cheetah|lion|ocelot|serval|tiger,fd33d0b9ae4a02f32c6c9149c01f7b14ea2e23bd,3,0.1602143230366725,0.1630689497117945,0.2343683579199899,0.054722721242167253
rsn_ks,fair,1,dinov2_vitl14,rsn,main,5,cheetah|jaguar|leopard|lion|tiger,ocelot|puma|serval,3bd7aed43ee1534d61ebc6f3b8122d432af0bc95,10,0.15469754517653034,0.14292407200764226,0.29876282637961454,0.04829387817769619
rsn_ks,fair,0,dinov2_vitl14,rsn,main,3,jaguar|leopard|serval,cheetah|lion|ocelot|puma|tiger,59c1a5feba8625b9c2fa3b618c37cb070b669b6e,3,0.1524006629529308,0.17569907956955777,0.1982972478110016,0.062248197495565254
rsn_ks,fair,0,dinov2_vitb14,rsn,main,3,jaguar|ocelot|puma,cheetah|leopard|lion|serval|tiger,bd89a6b925022c51fa887a3807fb978f5d65f717,3,0.10519887521635224,0.09821450931701908,0.12704621456752974,0.02755094068307969
rsn_ks,fair,1,dinov2_vitb14,rsn,main,5,cheetah|jaguar|leopard|serval|tiger,lion|ocelot|puma,e04ebb3e73813bda9b716fcd11e46cee72d0c5d4,10,0.083449047556591,0.08433703540752152,0.14046336206896548,0.039699688805007315
rsn_ks,fair,1,dinov2_vitl14,rsn,main,5,cheetah|jaguar|leopard|ocelot|puma,lion|serval|tiger,f649ecae8d2881a3c681370259917ed2fd7ba0ed,10,0.1347858410193116,0.12921922191340585,0.21927365924533437,0.03646711028078888
rsn_ks,fair,0,dinov2_vitb14,rsn,main,3,jaguar|ocelot|serval,cheetah|leopard|lion|puma|tiger,94eba67455b06cfe4c380d3f1584216da9d7295c,3,0.14691592240369142,0.17064936075813897,0.17188389713591623,0.06921428578734126
rsn_ks,fair,0,dinov2_vitl14,rsn,main,3,jaguar|leopard|tiger,cheetah|lion|ocelot|puma|serval,2cf8110b8a86c019b89d0e9ca780063ac084cd84,3,0.11873994816517786,0.10594316781385102,0.16707101520344947,0.0676693277258014
rsn_ks,fair,1,dinov2_vitb14,rsn,main,5,cheetah|jaguar|lion|ocelot|puma,leopard|serval|tiger,bbca2858c9f9878595e54ed4e11a82a91590553e,10,0.10910684224848714,0.09643639412895519,0.189154404525944,0.028881897477092515
rsn_ks,fair,0,dinov2_vitb14,rsn,main,3,jaguar|ocelot|tiger,cheetah|leopard|lion|puma|serval,73ebaf9bbf0575551e90bb7f8a508aa6bddad8be,3,0.10783902817342461,0.11157143173501,0.11373114346824476,0.050555353948417016
rsn_ks,fair,1,dinov2_vitl14,rsn,main,5,cheetah|jaguar|leopard|ocelot|serval,lion|puma|tiger,df0817aae734cb45eb2a1f3fcca7d38332ed4ee9,10,0.13483199629745274,0.12707721837629274,0.21648085930880012,0.04984677672154599
rsn_ks,fair,0,dinov2_vitl14,rsn,main,3,jaguar|lion|ocelot,cheetah|leopard|puma|serval|tiger,bc4c1ca0a991c8b7ac2941848a102df7ff559048,3,0.10319401239102201,0.10086422471415324,0.12739681759728372,0.020145205220409933
rsn_ks,fair,0,dinov2_vitb14,rsn,main,3,jaguar|puma|serval,cheetah|leopard|lion|ocelot|tiger,5484d277f4d402acd407f6726ed134ecfadbc554,3,0.149885729421689,0.15196161293939836,0.17064936075813897,0.06757193447253339
rsn_ks,fair,1,dinov2_vitb14,rsn,main,5,cheetah|jaguar|lion|ocelot|serval,leopard|puma|tiger,f6fd1e0438808924d3017e0e0c9fccb0298e1132,10,0.12646674999209187,0.14067453806404748,0.189154404525944,0.04297110409830748
rsn_ks,fair,0,dinov2_vitl14,rsn,main,3,jaguar|lion|puma,cheetah|leopard|ocelot|serval|tiger,1fa3db2ac989334204c95535ba8e73840c0a72e6,3,0.12475473341026615,0.11033102580485066,0.1630689497117945,0.03126479965566274
rsn_ks,fair,1,dinov2_vitl14,rsn,main,5,cheetah|jaguar|leopard|ocelot|tiger,lion|puma|serval,9485dbc933c6b639986563f9c37bfe4e8b98cc67,10,0.15102458430136148,0.13086191439108238,0.29876282637961454,0.05246244688070477
rsn_ks,fair,0,dinov2_vitb14,rsn,main,3,jaguar|puma|tiger,cheetah|leopard|lion|ocelot|serval,f2d49c1965c996a7ff6c86fe11854a72641f9a8b,3,0.11845872570298728,0.11459881907318736,0.12704621456752974,0.04993227108692593
rsn_ks,fair,0,dinov2_vitl14,rsn,main,3,jaguar|lion|serval,cheetah|leopard|ocelot|puma|tiger,834d6f3f8c86e324f62f80c1940f578b8e3fb79d,3,0.13505808389267807,0.12861094739432322,0.17569907956955777,0.06592582117529086
rsn_ks,fair,1,dinov2_vitb14,rsn,main,5,cheetah|jaguar|lion|ocelot|tiger,leopard|puma|serval,47ac56edf500b47df33317159806c7e5afbe4497,10,0.12105570822192276,0.11675257933494532,0.19178198699142146,0.0313554676333226
rsn_ks,fair,0,dinov2_vitb14,rsn,main,3,jaguar|serval|tiger,cheetah|leopard|lion|ocelot|puma,a0a27fa3fe498f0d03f0ae9e8c3a8e13336c8e5a,3,0.1251247664040878,0.11373114346824476,0.17064936075813897,0.06801766883254536
rsn_ks,fair,1,dinov2_vitl14,rsn,main,5,cheetah|jaguar|leopard|puma|serval,lion|ocelot|tiger,d141a35e09f5baecbb4e33d5768d70288e387925,10,0.1483631740416556,0.15565289812398164,0.21927365924533437,0.05761822425713068
rsn_ks,fair,0,dinov2_vitl14,rsn,main,3,jaguar|lion|tiger,cheetah|leopard|ocelot|puma|serval,098482fd8ab39005722fe00a842b4832bcba455e,3,0.153644774969865,0.16707101520344947,0.1929990849919923,0.07240285113584187
rsn_ks,fair,1,dinov2_vitb14,rsn,main,5,cheetah|jaguar|lion|puma|serval,leopard|ocelot|tiger,4c6ba20880142b7e68587cb6a88f00c4b40e69d5,10,0.12127637829345037,0.1330646567852219,0.189154404525944,0.042082282087374884
rsn_ks,fair,0,dinov2_vitb14,rsn,main,3,leopard|lion|ocelot,cheetah|jaguar|puma|serval|tiger,b8a950fb7987e3972752469bd38e9adb769184af,3,0.1381347601214246,0.15599944960531692,0.17413978092172566,0.02855122784808835
rsn_ks,fair,0,dinov2_vitl14,rsn,main,3,jaguar|ocelot|puma,cheetah|leopard|lion|serval|tiger,cc71dc0bff52a5b9bab518f23668f7bca4638157,3,0.13007097335830287,0.14582297550148499,0.1630689497117945,0.016471773108852516
rsn_ks,fair,1,dinov2_vitl14,rsn,main,5,cheetah|jaguar|leopard|puma|tiger,lion|ocelot|serval,7f94d6e786fd709b609e2e243e6958f48e7a816d,10,0.17249591685813223,0.16246799387646274,0.29876282637961454,0.0600873954919138
rsn_ks,fair,0,dinov2_vitb14,rsn,main,3,leopard|lion|puma,cheetah|jaguar|ocelot|serval|tiger,3d26fa2b4269b302273ec958691f1dd87b63f97d,3,0.11956185135227865,0.09805335255948089,0.17413978092172566,0.02252811941827248
rsn_ks,fair,1,dinov2_vitb14,rsn,main,5,cheetah|jaguar|lion|puma|tiger,leopard|ocelot|serval,0253c7ae943c6972ebee19ccd77f14cef1f7ee0e,10,0.11644206742243442,0.10719177832504351,0.19178198699142146,0.030826865384212903
rsn_ks,fair,0,dinov2_vitl14,rsn,main,3,jaguar|ocelot|serval,cheetah|leopard|lion|puma|tiger,2f5afeac75ddbe1ff430328c4f0d73e51362b97b,3,0.13854990257856029,0.15862963330449398,0.17569907956955777,0.07555958644604852
rsn_ks,fair,0,dinov2_vitb14,rsn,main,3,leopard|lion|serval,cheetah|jaguar|ocelot|puma|tiger,151e94a77b08c43d767f91c9babf988828242a56,3,0.1335879079230543,0.1364172615043291,0.17413978092172566,0.030566555137623626
rsn_ks,fair,1,dinov2_vitl14,rsn,main,5,cheetah|jaguar|leopard|serval|tiger,lion|ocelot|puma,c952c1eb25d789e636d661982f95e54a1c562658,10,0.17196571722002157,0.15938334287891792,0.29876282637961454,0.05375362131262843
rsn_ks,fair,0,dinov2_vitl14,rsn,main,3,jaguar|ocelot|tiger,cheetah|leopard|lion|puma|serval,5900c5ba6f1b9f7850481769aefadcf2e81e5afb,3,0.1594276561479823,0.16707101520344947,0.2298909583788684,0.08224608225775247
rsn_ks,fair,1,dinov2_vitb14,rsn,main,5,cheetah|jaguar|lion|serval|tiger,leopard|ocelot|puma,35f22664d73c7c4f63d50e03c4277489cd3f8080,10,0.12351521327082009,0.1261623294154604,0.19178198699142146,0.04158203205854046
rsn_ks,fair,0,dinov2_vitb14,rsn,main,3,leopard|lion|tiger,cheetah|jaguar|ocelot|puma|serval,0a027c5469719a6894a536d5036105d89ea8d2e0,3,0.14242011309761218,0.17413978092172566,0.18581947300395252,0.015198182721341469
rsn_ks,fair,0,dinov2_vitl14,rsn,main,3,jaguar|puma|serval,cheetah|leopard|lion|ocelot|tiger,0d329080ff989d320403904176dd8a8c8854a047,3,0.15875933615925375,0.1630689497117945,0.17569907956955777,0.08437814635091277
rsn_ks,fair,0,dinov2_vitb14,rsn,main,3,leopard|ocelot|puma,cheetah|jaguar|lion|serval|tiger,f4b5615b1b5b87271581097e3d0224f0212a3a57,3,0.08703112405912282,0.08649242057562939,0.0903359017645079,0.016058828013566298
rsn_ks,fair,1,dinov2_vitl14,rsn,main,5,cheetah|jaguar|lion|ocelot|puma,leopard|serval|tiger,259de3481fe9de5a39c85b7576db9d203789c512,10,0.11461819455538214,0.10559821672321935,0.16619843863139902,0.021565895948962164
rsn_ks,fair,1,dinov2_vitb14,rsn,main,5,cheetah|jaguar|ocelot|puma|serval,leopard|lion|tiger,73a36fa23426797566c6db4d220747c42a3f0f35,10,0.10890688502468393,0.1080082399356285,0.1507060781786942,0.039817845018705396
rsn_ks,fair,0,dinov2_vitb14,rsn,main,3,leopard|ocelot|serval,cheetah|jaguar|lion|puma|tiger,05214acbf4615003fff349f674dcadcf9ec717fb,3,0.11545187610541852,0.09020668134310816,0.17188389713591623,0.04735226335993381
rsn_ks,fair,0,dinov2_vitl14,rsn,main,3,jaguar|puma|tiger,cheetah|leopard|lion|ocelot|serval,bee080a0b1d2a3564797a780223b92c810bbc2b3,3,0.20716026045382016,0.16707101520344947,0.29134081644621646,0.0909889700244141
rsn_ks,fair,1,dinov2_vitl14,rsn,main,5,cheetah|jaguar|lion|ocelot|serval,leopard|puma|tiger,41c41d6a73c167f0d3c4951a50dc97f122e00629,10,0.11845983387160346,0.11255671054044615,0.16619843863139902,0.04796445133168203
rsn_ks,fair,1,dinov2_vitb14,rsn,main,5,cheetah|jaguar|ocelot|puma|tiger,leopard|lion|serval,a178d2bd1dddc32f80171f07b3c5683a6139a3c6,10,0.09684733659862824,0.08840885416950453,0.13199638049679585,0.022758302337335067
rsn_ks,fair,0,dinov2_vitb14,rsn,main,3,leopard|ocelot|tiger,cheetah|jaguar|lion|puma|serval,1d68942c75dfb7d169933ed82833fc8b1c7407f5,3,0.08771252231313319,0.08426504983723115,0.11157143173501,0.02960390520531737
rsn_ks,fair,0,dinov2_vitl14,rsn,main,3,jaguar|serval|tiger,cheetah|leopard|lion|ocelot|puma,d8cd8d8fa1c917a3ad6e5bc33ea48de393d7f2df,3,0.200843259764647,0.17569907956955777,0.25975968452093373,0.0733481494088942
rsn_ks,fair,0,dinov2_vitb14,rsn,main,3,leopard|puma|serval,cheetah|jaguar|lion|ocelot|tiger,7d93fb0e4a1e87f83fbd2453d4d2fc2e3e0aa25a,3,0.10955357161937863,0.09020668134310816,0.15196161293939836,0.04228157912264995
rsn_ks,fair,1,dinov2_vitb14,rsn,main,5,cheetah|jaguar|ocelot|serval|tiger,leopard|lion|puma,ade60ce404e01bb66da2dd070f0c8e2e667adee2,10,0.10287587991915137,0.0979449598211006,0.1507060781786942,0.040749352669555365
rsn_ks,fair,0,dinov2_vitl14,rsn,main,3,leopard|lion|ocelot,cheetah|jaguar|puma|serval|tiger,78c3cd26e9591418ceb587a7f0db47454b8f0819,3,0.13408420612908614,0.13343054440850904,0.14142525638146566,0.040077468261571485
rsn_ks,fair,1,dinov2_vitl14,rsn,main,5,cheetah|jaguar|lion|ocelot|tiger,leopard|puma|serval,2e11411966fffc064b5f55f2e9b6d5d7dd7906a2,10,0.15199602659687161,0.13616419608707417,0.29876282637961454,0.051021142877715545
rsn_ks,fair,0,dinov2_vitb14,rsn,main,3,leopard|puma|tiger,cheetah|jaguar|lion|ocelot|serval,7272b49e96289b845e3d696807d2e66a295f1354,3,0.08946410833865838,0.08649242057562939,0.11459881907318736,0.023664425045294556
rsn_ks,fair,0,dinov2_vitl14,rsn,main,3,leopard|lion|puma,cheetah|jaguar|ocelot|serval|tiger,720b251b7fed4ff10a86bc946503cfd685954791,3,0.16204154670210205,0.14142525638146566,0.2343683579199899,0.05261497097063761
rsn_ks,fair,1,dinov2_vitb14,rsn,main,5,cheetah|jaguar|puma|serval|tiger,leopard|lion|ocelot,af0b27ed88b7855beccc7c34f11394d2cb459289,10,0.10577363460185105,0.10179801664742744,0.1475851741233697,0.04000440367484053
rsn_ks,fair,0,dinov2_vitb14,rsn,main,3,leopard|serval|tiger,cheetah|jaguar|lion|ocelot|puma,b4f3d8dfa197de2a08cab3cdc8112f9b39c01cee,3,0.0828338538987154,0.09020668134310816,0.09099379498587967,0.030435080763043562
rsn_ks,fair,1,dinov2_vitl14,rsn,main,5,cheetah|jaguar|lion|puma|serval,leopard|ocelot|tiger,3ad443bc1d20fc06663c3c308caf8a89f70d2f6f,10,0.12117217111947665,0.11791502230317574,0.16619843863139902,0.05494927568368216
rsn_ks,fair,0,dinov2_vitl14,rsn,main,3,leopard|lion|serval,cheetah|jaguar|ocelot|puma|tiger,3ca62eb17cb31fe42aa1e0aa864e69afa692336a,3,0.15611115052893018,0.14142525638146566,0.1982972478110016,0.046818702332850654
rsn_ks,fair,0,dinov2_vitb14,rsn,main,3,lion|ocelot|puma,cheetah|jaguar|leopard|serval|tiger,8dade4d1313cd777309d10a81026ba81453aa4d3,3,0.1147962346431019,0.09805335255948089,0.15599944960531692,0.030317689643582852
rsn_ks,fair,1,dinov2_vitb14,rsn,main,5,cheetah|leopard|lion|ocelot|puma,jaguar|serval|tiger,393d7e64d500df498d55a8331e217c2389aa5acc,10,0.10371295387003772,0.09643639412895519,0.16769495754295632,0.02096126518027801
rsn_ks,fair,0,dinov2_vitl14,rsn,main,3,leopard|lion|tiger,cheetah|jaguar|ocelot|puma|serval,005998beb289b91ef6314dfd13fa89fa4273d330,3,0.146789169729103,0.14142525638146566,0.1929990849919923,0.05274654813901127
rsn_ks,fair,1,dinov2_vitl14,rsn,main,5,cheetah|jaguar|lion|puma|tiger,leopard|ocelot|serval,324bd832c416d40b7270c0951c12a4edb24ef20a,10,0.16264851865731267,0.15144285140520436,0.29876282637961454,0.05784717188054738
rsn_ks,fair,0,dinov2_vitb14,rsn,main,3,lion|ocelot|serval,cheetah|jaguar|leopard|puma|tiger,19c5ee87bd8b4547f2f88426837cefaa92f666ba,3,0.1547668694151874,0.15599944960531692,0.17188389713591623,0.04632993456768596
rsn_ks,fair,1,dinov2_vitb14,rsn,main,5,cheetah|leopard|lion|ocelot|serval,jaguar|puma|tiger,5cab6a4a7f5fe3f3bae9465cc6b649570fd32846,10,0.11907782534402171,0.1263735054105424,0.16769495754295632,0.03374943498258672
rsn_ks,fair,0,dinov2_vitl14,rsn,main,3,leopard|ocelot|puma,cheetah|jaguar|lion|serval|tiger,42b960b28e65d48bffe99c2ea3c43324715e9734,3,0.17120729260999465,0.14582297550148499,0.2343683579199899,0.0557437163314479
rsn_ks,fair,0,dinov2_vitb14,rsn,main,3,lion|ocelot|tiger,cheetah|jaguar|leopard|puma|serval,52978f8d510dc07a1947b2c7181ba3e043c5efba,3,0.15113011811475982,0.15599944960531692,0.18581947300395252,0.03319665970115111
rsn_ks,fair,1,dinov2_vitl14,rsn,main,5,cheetah|jaguar|lion|serval|tiger,leopard|ocelot|puma,c54fa0387d751809bb95f915c403071781d6bb8c,10,0.16591380305728226,0.1483582004076595,0.29876282637961454,0.0565856540872414
rsn_ks,fair,0,dinov2_vitl14,rsn,main,3,leopard|ocelot|serval,cheetah|jaguar|lion|puma|tiger,cdc86c1ab717796b31686463e9fb4edd60ec1cea,3,0.1634524751746682,0.15862963330449398,0.1982972478110016,0.0651951621409569
rsn_ks,fair,1,dinov2_vitb14,rsn,main,5,cheetah|leopard|lion|ocelot|tiger,jaguar|puma|serval,04d84b1a105b12557ae14c204ee54b6c1729dba6,10,0.1156325046140007,0.11675257933494532,0.19178198699142146,0.021951638263083023
rsn_ks,fair,0,dinov2_vitb14,rsn,main,3,lion|puma|serval,cheetah|jaguar|leopard|ocelot|tiger,861fa1202deff37dd40f53d3f1f6a7b478a0873a,3,0.1288107423344028,0.1364172615043291,0.15196161293939836,0.040070440478500224
rsn_ks,fair,1,dinov2_vitl14,rsn,main,5,cheetah|jaguar|ocelot|puma|serval,leopard|lion|tiger,2d0d6693b75c09c09c892e0e3d2d8ab43d92f066,10,0.12398273117917888,0.12814595956602093,0.16619843863139902,0.05642752743606548
rsn_ks,fair,0,dinov2_vitl14,rsn,main,3,leopard|ocelot|tiger,cheetah|jaguar|lion|puma|serval,5456c6ea7131d21905c62ca1c9dd87622c0faeb9,3,0.15642155686707615,0.13343054440850904,0.2298909583788684,0.07053580263100243
rsn_ks,fair,0,dinov2_vitb14,rsn,main,3,lion|puma|tiger,cheetah|jaguar|leopard|ocelot|serval,6198f107baaa4ccb016861e4217ddbff517fba30,3,0.13282388154554026,0.11459881907318736,0.18581947300395252,0.026285730562102524
rsn_ks,fair,1,dinov2_vitb14,rsn,main,5,cheetah|leopard|lion|puma|serval,jaguar|ocelot|tiger,1100023248b4b3e46d83102847fd2af5d723d897,10,0.11298998294606508,0.10929374607625073,0.16769495754295632,0.03204444826913777
rsn_ks,fair,0,dinov2_vitl14,rsn,main,3,leopard|puma|serval,cheetah|jaguar|lion|ocelot|tiger,f1fcabba491b5e574a9067d27fcaa3ddb95e9438,3,0.19005852830913347,0.1982972478110016,0.2343683579199899,0.07816365868019932
rsn_ks,fair,0,dinov2_vitb14,rsn,main,3,lion|serval|tiger,cheetah|jaguar|leopard|ocelot|puma,0e64e8176866587e6a4a7d3e3d7b89af14c8d554,3,0.13774350983138708,0.1364172615043291,0.18581947300395252,0.0199577011782005
rsn_ks,fair,1,dinov2_vitl14,rsn,main,5,cheetah|jaguar|ocelot|puma|tiger,leopard|lion|serval,9221be2b1b6bec38baac912fa55aaf25c0b3e65c,10,0.1659033183100173,0.15144285140520436,0.29876282637961454,0.05944328772249392
rsn_ks,fair,1,dinov2_vitb14,rsn,main,5,cheetah|leopard|lion|puma|tiger,jaguar|ocelot|serval,28f089a1efdcc04b131a6029350fdd9af229009b,10,0.1101213931151972,0.09772190026957742,0.19178198699142146,0.020248139598342606
rsn_ks,fair,0,dinov2_vitl14,rsn,main,3,leopard|puma|tiger,cheetah|jaguar|lion|ocelot|serval,9ecf7203124473726fddd5d524b15e858ef0e3e9,3,0.2105507807266858,0.2343683579199899,0.29134081644621646,0.08319866893015206
rsn_ks,fair,0,dinov2_vitb14,rsn,main,3,ocelot|puma|serval,cheetah|jaguar|leopard|lion|tiger,e44674c07c6727cb8a2480dc467b2a24699824c7,3,0.13806047061327417,0.15196161293939836,0.17188389713591623,0.051019757395394265
rsn_ks,fair,1,dinov2_vitl14,rsn,main,5,cheetah|jaguar|ocelot|serval|tiger,leopard|lion|puma,396b71cb1269aedd326e27eef5abbae06821c996,10,0.16669946115799436,0.1483582004076595,0.29876282637961454,0.06119047539361867
rsn_ks,fair,1,dinov2_vitb14,rsn,main,5,cheetah|leopard|lion|serval|tiger,jaguar|ocelot|puma,2bcfe3b91acc93c6ab5fb3e016c2cd8aa8d8c091,10,0.11519950269396217,0.10671727001189074,0.19178198699142146,0.029822454437972382
rsn_ks,fair,0,dinov2_vitl14,rsn,main,3,leopard|serval|tiger,cheetah|jaguar|lion|ocelot|puma,4c493cb86d10b1bc0c7c93d6da1922af1d7c2f3b,3,0.1880000333819288,0.1982972478110016,0.25975968452093373,0.032515113371735516
rsn_ks,fair,0,dinov2_vitb14,rsn,main,3,ocelot|puma|tiger,cheetah|jaguar|leopard|lion|serval,287cd76fb9bfe8b96c2754010846f9dd67ef7d2e,3,0.10550205085756842,0.11157143173501,0.11459881907318736,0.03155420785386626
rsn_ks,fair,0,dinov2_vitb14,rsn,main,3,ocelot|serval|tiger,cheetah|jaguar|leopard|lion|puma,9e48d97e33c370bbf1abdb3f34f293096b8cb84a,3,0.1248163746189353,0.11157143173501,0.17188389713591623,0.04645444981480211
rsn_ks,fair,0,dinov2_vitl14,rsn,main,3,lion|ocelot|puma,cheetah|jaguar|leopard|serval|tiger,bf62c2d1826acebd7e8a6dfa96590df1984b3935,3,0.12785027296787313,0.12739681759728372,0.14582297550148499,0.031562533321294904
rsn_ks,fair,1,dinov2_vitb14,rsn,main,5,cheetah|leopard|ocelot|puma|serval,jaguar|lion|tiger,c88b3237b1c440cde1fb4fc977bf51fa1cc07519,10,0.10176992946381933,0.10286421318556391,0.1507060781786942,0.03247707019562232
rsn_ks,fair,1,dinov2_vitl14,rsn,main,5,cheetah|jaguar|puma|serval|tiger,leopard|lion|ocelot,30031d3054f2418e2caf39f1f37a7974433643ca,10,0.17631443488090354,0.15565289812398164,0.29876282637961454,0.06886853812277119
rsn_ks,fair,0,dinov2_vitb14,rsn,main,3,puma|serval|tiger,cheetah|jaguar|leopard|lion|ocelot,40105276e7ad389209e309c787d0220e2e65dbc5,3,0.1191847423328218,0.11459881907318736,0.15196161293939836,0.04012178652755318
rsn_ks,fair,0,dinov2_vitl14,rsn,main,3,lion|ocelot|serval,cheetah|jaguar|leopard|puma|tiger,f804d8df1986e07f9a51533b37d3b15c15c5885d,3,0.1382124660987003,0.12861094739432322,0.15862963330449398,0.0682582590714764
rsn_ks,fair,1,dinov2_vitb14,rsn,main,5,cheetah|leopard|ocelot|puma|tiger,jaguar|lion|serval,f03e4f52fe1734334cb8fe0554486208424bca01,10,0.09167610207791173,0.08840885416950453,0.13199638049679585,0.014311905584765304
rsn_ks,fair,1,dinov2_vitl14,rsn,main,5,cheetah|leopard|lion|ocelot|puma,jaguar|serval|tiger,9ab0de448bbfd91f68358e77474d3ae4ee296669,10,0.13471284178656467,0.12287795678927432,0.21927365924533437,0.03697439192658113
rsn_ks,fair,0,dinov2_vitb14,rsn,main,4,cheetah|jaguar|leopard|lion,ocelot|puma|serval|tiger,f9dfaf111564e9cd2f2234c14772e28f30bee795,6,0.12709197212632753,0.12510783851508311,0.22030609160030545,0.04445839945501422
rsn_ks,fair,0,dinov2_vitl14,rsn,main,3,lion|ocelot|tiger,cheetah|jaguar|leopard|puma|serval,13b475fbb8b6eef770b92c1cec9c79da6384ac56,3,0.18342895365604814,0.1929990849919923,0.2298909583788684,0.07468565476681704
rsn_ks,fair,1,dinov2_vitb14,rsn,main,5,cheetah|leopard|ocelot|serval|tiger,jaguar|lion|puma,577f85fa5adcd2a8258a92a63d490616c4c3e4de,10,0.09570960912881414,0.09665398989736285,0.1507060781786942,0.03205359780617091
rsn_ks,fair,0,dinov2_vitb14,rsn,main,4,cheetah|jaguar|leopard|ocelot,lion|puma|serval|tiger,baac6b349392692b8fd0a14b4e4a7d833f213930,6,0.07870388136314571,0.08325886045405317,0.09821450931701908,0.03142408638821108
rsn_ks,fair,0,dinov2_vitl14,rsn,main,3,lion|puma|serval,cheetah|jaguar|leopard|ocelot|tiger,5e09e539ec36e47dfee25eb8db516fb3369be416,3,0.12548398413186093,0.12861094739432322,0.13750997919640895,0.07907645565918425
rsn_ks,fair,1,dinov2_vitl14,rsn,main,5,cheetah|leopard|lion|ocelot|serval,jaguar|puma|tiger,8ada4cd1902bb83c346c52be5018e93310a27dcb,10,0.13741666810878467,0.12287795678927432,0.21648085930880012,0.047544516885962215
rsn_ks,fair,0,dinov2_vitb14,rsn,main,4,cheetah|jaguar|leopard|puma,lion|ocelot|serval|tiger,783e43e6e2640b6998652d65083c9b5f3e5da702,6,0.0817426533050613,0.07951350074072036,0.12704621456752974,0.03221703458851432
rsn_ks,fair,1,dinov2_vitb14,rsn,main,5,cheetah|leopard|puma|serval|tiger,jaguar|lion|ocelot,f161955c63668376cf561e78b8d9ec0b37879127,10,0.09770989311219866,0.09665398989736285,0.1475851741233697,0.03049266094618122
rsn_ks,fair,0,dinov2_vitl14,rsn,main,3,lion|puma|tiger,cheetah|jaguar|leopard|ocelot|serval,9bd604ce37a439608657b23c3a679d527e2d18bd,3,0.19822364241435317,0.1929990849919923,0.29134081644621646,0.0852583493915362
rsn_ks,fair,1,dinov2_vitl14,rsn,main,5,cheetah|leopard|lion|ocelot|tiger,jaguar|puma|serval,1b4142129270a4f2db3fc2a18184ef097c534f4e,10,0.16171068579170425,0.1349401144058342,0.29876282637961454,0.05014511476143534
rsn_ks,fair,0,dinov2_vitb14,rsn,main,4,cheetah|jaguar|leopard|serval,lion|ocelot|puma|tiger,ad67b06aa3f6c604e0d378b91f7adb7f9447c914,6,0.09819616041326419,0.08622967620699168,0.17064936075813897,0.059968493991836166
rsn_ks,fair,1,dinov2_vitb14,rsn,main,5,cheetah|lion|ocelot|puma|serval,jaguar|leopard|tiger,a9f0e112e63171ccafd3f05226fc2d4a9a9c7fe0,10,0.11954722334165324,0.1263735054105424,0.1507060781786942,0.03457350144668199
rsn_ks,fair,0,dinov2_vitl14,rsn,main,3,lion|serval|tiger,cheetah|jaguar|leopard|ocelot|puma,984427fca1c1970b7989db32d5b842578d0b309a,3,0.19378990563574974,0.1929990849919923,0.25975968452093373,0.05618814536820343
rsn_ks,fair,0,dinov2_vitb14,rsn,main,4,cheetah|jaguar|leopard|tiger,lion|ocelot|puma|serval,a090156f567b2297b86301c7593c856d75e17271,6,0.080053225384765,0.0747768782190168,0.11373114346824476,0.04529890091240508
rsn_ks,fair,1,dinov2_vitl14,rsn,main,5,cheetah|leopard|lion|puma|serval,jaguar|ocelot|tiger,b1ce361ec7702e4306cfb164300e8f56ad4420ac,10,0.14196614208334896,0.12394669797900251,0.21927365924533437,0.0560325874696343
rsn_ks,fair,0,dinov2_vitl14,rsn,main,3,ocelot|puma|serval,cheetah|jaguar|leopard|lion|tiger,5a78cf312f6f3c2f0df1488bcaae6f9de0438989,3,0.14732086266746264,0.14582297550148499,0.15862963330449398,0.08572406095812957
rsn_ks,fair,1,dinov2_vitb14,rsn,main,5,cheetah|lion|ocelot|puma|tiger,jaguar|leopard|serval,ae080c27d22653330c6e65f2d4d88f4a30a774d1,10,0.11790496087813636,0.11675257933494532,0.19178198699142146,0.022452342639333087
rsn_ks,fair,0,dinov2_vitb14,rsn,main,4,cheetah|jaguar|lion|ocelot,leopard|puma|serval|tiger,a1b02d1b2b2e7f060bb72923cadf90bb0842bcb5,6,0.13317060315461163,0.127106979461168,0.22030609160030545,0.04295294582020576
rsn_ks,fair,0,dinov2_vitl14,rsn,main,3,ocelot|puma|tiger,cheetah|jaguar|leopard|lion|serval,2d64533ff9f8e9d9db126781d19536c0e7843272,3,0.22235158344218994,0.2298909583788684,0.29134081644621646,0.09237935278183781
rsn_ks,fair,1,dinov2_vitl14,rsn,main,5,cheetah|leopard|lion|puma|tiger,jaguar|ocelot|serval,9be2297ac02f7ccd4b4c680d15268ba6845f82dd,10,0.1742003145788364,0.1652055404062842,0.29876282637961454,0.058448479582924026
rsn_ks,fair,1,dinov2_vitb14,rsn,main,5,cheetah|lion|ocelot|serval|tiger,jaguar|leopard|puma,c0f731f8aa4eea430f4c939e3a9c8f240ac1fb95,10,0.1297589631686027,0.13511784480985922,0.19178198699142146,0.03305822852415007
rsn_ks,fair,0,dinov2_vitb14,rsn,main,4,cheetah|jaguar|lion|puma,leopard|ocelot|serval|tiger,ccf97952f33b4c0de0e59cadbed7926bbb14b85e,6,0.12618046379915482,0.11254978356350531,0.22030609160030545,0.04274896717594759
rsn_ks,fair,0,dinov2_vitl14,rsn,main,3,ocelot|serval|tiger,cheetah|jaguar|leopard|lion|puma,54450dd60a3a1695e3af7ccc54a156afe02c2da5,3,0.21609342540143203,0.2298909583788684,0.25975968452093373,0.07650258342398678
rsn_ks,fair,0,dinov2_vitb14,rsn,main,4,cheetah|jaguar|lion|serval,leopard|ocelot|puma|tiger,58e191ee71a2ff83acc8ee00bf22478697af066f,6,0.14840891227025263,0.15219013373181006,0.22030609160030545,0.06249778294455286
rsn_ks,fair,1,dinov2_vitl14,rsn,main,5,cheetah|leopard|lion|serval|tiger,jaguar|ocelot|puma,3b86a0825e2a3d97e6781b528ab4d89d5dc6e7e2,10,0.17632778598480456,0.1652055404062842,0.29876282637961454,0.04974851506776142
rsn_ks,fair,1,dinov2_vitb14,rsn,main,5,cheetah|lion|puma|serval|tiger,jaguar|leopard|ocelot,d3bfcda6299fc995bc7f54f91154195644f1042f,10,0.12034426957290119,0.12192883862937559,0.19178198699142146,0.031106433826354973
rsn_ks,fair,0,dinov2_vitl14,rsn,main,3,puma|serval|tiger,cheetah|jaguar|leopard|lion|ocelot,d6ce4f0a5abdbc190ca3171243ad86e1f41b65c3,3,0.22953682672118636,0.25975968452093373,0.29134081644621646,0.09013118535383378
rsn_ks,fair,0,dinov2_vitb14,rsn,main,4,cheetah|jaguar|lion|tiger,leopard|ocelot|puma|serval,288c2cc55d2ca1b6ae271d8b324363a164a467bd,6,0.1423172784876823,0.1408470747137679,0.22030609160030545,0.050672733253653825
rsn_ks,fair,1,dinov2_vitb14,rsn,main,5,cheetah|ocelot|puma|serval|tiger,jaguar|leopard|lion,d66f7f1b5182384b7c269f7f03198ef93753fb75,10,0.11256938285417879,0.1080082399356285,0.1507060781786942,0.03273261545996969
rsn_ks,fair,1,dinov2_vitl14,rsn,main,5,cheetah|leopard|ocelot|puma|serval,jaguar|lion|tiger,6fa4b8724fee4a2c79e93f0169775e6b99261463,10,0.1441968565633689,0.12814595956602093,0.21927365924533437,0.058782818419541985
rsn_ks,fair,0,dinov2_vitl14,rsn,main,4,cheetah|jaguar|leopard|lion,ocelot|puma|serval|tiger,5257afa365ce48ef1ec35f69bbda2d6e0bbee520,6,0.1391988603353625,0.13966933303813883,0.22371607854033526,0.03604845840897317
rsn_ks,fair,0,dinov2_vitb14,rsn,main,4,cheetah|jaguar|ocelot|puma,leopard|lion|serval|tiger,c30c1b99eee6ea85037260b55a563721fccb8766,6,0.09148525308422657,0.08996833825624442,0.12704621456752974,0.024372546768458216
rsn_ks,fair,0,dinov2_vitl14,rsn,main,4,cheetah|jaguar|leopard|ocelot,lion|puma|serval|tiger,e96c0859486e1f1e0cca4065499483416ff99b97,6,0.12976356212586085,0.12113505333589594,0.22371607854033526,0.04040749693143364
rsn_ks,fair,1,dinov2_vitb14,rsn,main,5,jaguar|leopard|lion|ocelot|puma,cheetah|serval|tiger,19be738321500c198432361d4b86745f8225ff4f,10,0.10965604982735255,0.09741314929047323,0.189154404525944,0.02871748174560659
rsn_ks,fair,0,dinov2_vitb14,rsn,main,4,cheetah|jaguar|ocelot|serval,leopard|lion|puma|tiger,435976a01d2e3575c43608e589ec76cf2f505aa6,6,0.12091104929308442,0.11319623770935702,0.17188389713591623,0.06104888075222444
rsn_ks,fair,1,dinov2_vitl14,rsn,main,5,cheetah|leopard|ocelot|puma|tiger,jaguar|lion|serval,45c61a7037ad171089a193f37df583b73e17436e,10,0.17687526865185876,0.17723906483770507,0.29876282637961454,0.06126129524471458
rsn_ks,fair,0,dinov2_vitl14,rsn,main,4,cheetah|jaguar|leopard|puma,lion|ocelot|serval|tiger,650b8f1a52e08a7320e651182f895d4c0553c067,6,0.15613493034560832,0.15556874045748514,0.2343683579199899,0.04775646589569906
rsn_ks,fair,0,dinov2_vitb14,rsn,main,4,cheetah|jaguar|ocelot|tiger,leopard|lion|puma|serval,4b3c40e25481df6496335b6b3dd28bbaeb0f50c1,6,0.09653363602709249,0.09867933925678143,0.11373114346824476,0.043998615177609314
rsn_ks,fair,1,dinov2_vitb14,rsn,main,5,jaguar|leopard|lion|ocelot|serval,cheetah|puma|tiger,2c0c5537a52bdbd9055ad5bdd6eba75d2041121c,10,0.1241862931967506,0.14067453806404748,0.189154404525944,0.04122590181024544
rsn_ks,fair,1,dinov2_vitl14,rsn,main,5,cheetah|leopard|ocelot|serval|tiger,jaguar|lion|puma,f2b96661f8a7ac840ee6da925e72d9ed6b67957a,10,0.17653359850583447,0.169152494484767,0.29876282637961454,0.05602956338469681
rsn_ks,fair,0,dinov2_vitl14,rsn,main,4,cheetah|jaguar|leopard|serval,lion|ocelot|puma|tiger,5ff4478a299ebbde1e34e8b0f0293def3647bf67,6,0.1581964843824352,0.16188380538636676,0.22371607854033526,0.06349731696953859
rsn_ks,fair,0,dinov2_vitb14,rsn,main,4,cheetah|jaguar|puma|serval,leopard|lion|ocelot|tiger,88157d38e1fb8f3d3c698deb7a8346b5a12a5886,6,0.12025821207918064,0.12761209033461235,0.17064936075813897,0.06008312926276151
rsn_ks,fair,1,dinov2_vitb14,rsn,main,5,jaguar|leopard|lion|ocelot|tiger,cheetah|puma|serval,99cdfb29dfec5c4fe8a126071b59a824234d799e,10,0.11845071392969816,0.10826837546822923,0.19178198699142146,0.030443548930970225
rsn_ks,fair,0,dinov2_vitl14,rsn,main,4,cheetah|jaguar|leopard|tiger,lion|ocelot|puma|serval,4b92cb0d2544bcdf1577bd106be7acca3a98ab23,6,0.17157102123323398,0.1575697732033126,0.3014216731603594,0.0687086394229195
rsn_ks,fair,1,dinov2_vitl14,rsn,main,5,cheetah|leopard|puma|serval|tiger,jaguar|lion|ocelot,4264bf1e2e66eb31c85ac7db5d75d8962020dad4,10,0.18798570895543473,0.20910354330951558,0.29876282637961454,0.06539663770406269
rsn_ks,fair,0,dinov2_vitb14,rsn,main,4,cheetah|jaguar|puma|tiger,leopard|lion|ocelot|serval,43aff2c85225fa3a77c4fcd2d6a769fecaaa269f,6,0.09970574406897126,0.10643765633239427,0.12704621456752974,0.043732433228726206
rsn_ks,fair,1,dinov2_vitb14,rsn,main,5,jaguar|leopard|lion|puma|serval,cheetah|ocelot|tiger,b03e413f4d08c835cbf86bd1dcba14ec98e3e171,10,0.12413117098554398,0.1330646567852219,0.189154404525944,0.04009770053856175
rsn_ks,fair,0,dinov2_vitl14,rsn,main,4,cheetah|jaguar|lion|ocelot,leopard|puma|serval|tiger,bcf3d507c74bbcc197ebbf383cbc3429915a4bd5,6,0.11740059005572279,0.11811818993028328,0.14806853120317578,0.017493058659817623
rsn_ks,fair,0,dinov2_vitb14,rsn,main,4,cheetah|jaguar|serval|tiger,leopard|lion|ocelot|puma,aabac5e48a3270c5063157cc99b2387e0500981a,6,0.11160603703470974,0.10643765633239427,0.17064936075813897,0.0628457678925047
rsn_ks,fair,1,dinov2_vitl14,rsn,main,5,cheetah|lion|ocelot|puma|serval,jaguar|leopard|tiger,3d6b0bb280f7ce8cbf7919cb59f6a7bb44944bf3,10,0.11291186484819922,0.11255671054044615,0.14086276873352913,0.055855974080145025
rsn_ks,fair,1,dinov2_vitb14,rsn,main,5,jaguar|leopard|lion|puma|tiger,cheetah|ocelot|serval,3335474fc2c16ca497f23fbe449cc3cf2051d58d,10,0.11897232261764468,0.11619607344601221,0.19178198699142146,0.029609650774639687
rsn_ks,fair,0,dinov2_vitb14,rsn,main,4,cheetah|leopard|lion|ocelot,jaguar|puma|serval|tiger,b54324f5e6e9f7b4fc1a2fee6da9496181a3fd1a,6,0.12048642609659288,0.12280011217664893,0.17413978092172566,0.029281017655404043
rsn_ks,fair,0,dinov2_vitl14,rsn,main,4,cheetah|jaguar|lion|puma,leopard|ocelot|serval|tiger,dd0f83b01df44e9323042a0031ce69318476ea1e,6,0.12410469072481793,0.12412221774983134,0.1630689497117945,0.027219197579736763
rsn_ks,fair,1,dinov2_vitb14,rsn,main,5,jaguar|leopard|lion|serval|tiger,cheetah|ocelot|puma,456bdeb0c6ba005790cfec634b997342d464691f,10,0.12321580409182371,0.12101830266539582,0.19178198699142146,0.039035961059406085
rsn_ks,fair,1,dinov2_vitl14,rsn,main,5,cheetah|lion|ocelot|puma|tiger,jaguar|leopard|serval,0eac4d09d716f93f50f6f849be607c00c23d677a,10,0.1629338816580485,0.13452150360939763,0.29876282637961454,0.0587709804433369
rsn_ks,fair,0,dinov2_vitb14,rsn,main,4,cheetah|leopard|lion|puma,jaguar|ocelot|serval|tiger,6127d8ea65de9dd6d4d44e3eaff7dcaff31dbc0a,6,0.10906223098911734,0.09227288656755514,0.17413978092172566,0.026282498426064248
rsn_ks,fair,0,dinov2_vitl14,rsn,main,4,cheetah|jaguar|lion|serval,leopard|ocelot|puma|tiger,3cfe0a41abe915db91ec8a9aca52fe9c3a65a4fc,6,0.13522475004472162,0.13326217854456762,0.17569907956955777,0.06294118277558002
rsn_ks,fair,0,dinov2_vitb14,rsn,main,4,cheetah|leopard|lion|serval,jaguar|ocelot|puma|tiger,86001eaf3f3ae937af6949e55658fbf92446bbd2,6,0.12464253188969342,0.13229761380301203,0.17413978092172566,0.04126706055796608
rsn_ks,fair,1,dinov2_vitb14,rsn,main,5,jaguar|leopard|ocelot|puma|serval,cheetah|lion|tiger,f41c27bae30d2ab1c888a1ec3eff57be4e727932,10,0.10661367073758558,0.10414971932618614,0.1507060781786942,0.03894040470221734
rsn_ks,fair,0,dinov2_vitl14,rsn,main,4,cheetah|jaguar|lion|tiger,leopard|ocelot|puma|serval,b7e17d55032449fd588582bd7067dd529fa9a5ab,6,0.17472298982799037,0.1575697732033126,0.3014216731603594,0.0690578221342047
rsn_ks,fair,1,dinov2_vitl14,rsn,main,5,cheetah|lion|ocelot|serval|tiger,jaguar|leopard|puma,27d6111c9bd3482cb3784007f222c28c44f47a12,10,0.1663876955501044,0.13237950007228452,0.29876282637961454,0.05851028035444608
rsn_ks,fair,0,dinov2_vitb14,rsn,main,4,cheetah|leopard|lion|tiger,jaguar|ocelot|puma|serval,625f60ec0bedd4978659f3ecae1438b0a1b0fd8f,6,0.12421966832611382,0.1335535875779174,0.18581947300395252,0.02872544235074687
rsn_ks,fair,1,dinov2_vitb14,rsn,main,5,jaguar|leopard|ocelot|puma|tiger,cheetah|lion|serval,87d92ae7105c8f1930b4b98720411808019951ad,10,0.09422958481464658,0.08764343928313492,0.13199638049679585,0.023331400012354366
rsn_ks,fair,0,dinov2_vitl14,rsn,main,4,cheetah|jaguar|ocelot|puma,leopard|lion|serval|tiger,ce9f82aa9e96d5c9f89452becc2cf2edf9783cff,6,0.12191716946024811,0.1273312688823839,0.1630689497117945,0.017367511858852002
rsn_ks,fair,1,dinov2_vitl14,rsn,main,5,cheetah|lion|puma|serval|tiger,jaguar|leopard|ocelot,93d96d8895ab8f7e5820528e4e1a56514d90892e,10,0.16702096550337492,0.12394669797900251,0.29876282637961454,0.06680107749303195
rsn_ks,fair,0,dinov2_vitb14,rsn,main,4,cheetah|leopard|ocelot|puma,jaguar|lion|serval|tiger,af456899b68666cc17667c48380652a50c80dd8f,6,0.07973649547398774,0.08537873520643027,0.0903359017645079,0.015801143430916657
rsn_ks,fair,1,dinov2_vitb14,rsn,main,5,jaguar|leopard|ocelot|serval|tiger,cheetah|lion|puma,27c56692e7fae8a3cc3bbac623bf7732d3c2dcf1,10,0.09742846376096306,0.08946075595438452,0.1507060781786942,0.03932309626437925
rsn_ks,fair,0,dinov2_vitl14,rsn,main,4,cheetah|jaguar|ocelot|serval,leopard|lion|puma|tiger,a394644fc82f12214ebcb447d81b72581f55fde8,6,0.13212501814907454,0.13413041944774173,0.17569907956955777,0.06868148161484207
rsn_ks,fair,0,dinov2_vitb14,rsn,main,4,cheetah|leopard|ocelot|serval,jaguar|lion|puma|tiger,3c8a18c82b1c0a19204381b483fbdaa26277ece0,6,0.10251414411232385,0.08990372804554456,0.17188389713591623,0.04687198142438935
rsn_ks,fair,1,dinov2_vitl14,rsn,main,5,cheetah|ocelot|puma|serval|tiger,jaguar|leopard|lion,b1df90012ed612920a942abdb5ecba0ec492a778,10,0.1741545385522784,0.13872076519641602,0.29876282637961454,0.07019624969655325
rsn_ks,fair,0,dinov2_vitl14,rsn,main,4,cheetah|jaguar|ocelot|tiger,leopard|lion|puma|serval,eb88f7a4c6cafa645e6cbbe0209a46ccde80a8ed,6,0.1727687891784608,0.1575697732033126,0.3014216731603594,0.07497415298417767
rsn_ks,fair,1,dinov2_vitb14,rsn,main,5,jaguar|leopard|puma|serval|tiger,cheetah|lion|ocelot,af6507d2b727818c2568b09b4d6ea8c4d6fb26aa,10,0.10546146793109759,0.10414971932618614,0.1475851741233697,0.03833548192455832
rsn_ks,fair,0,dinov2_vitb14,rsn,main,4,cheetah|leopard|ocelot|tiger,jaguar|lion|puma|serval,a90685311f01502909af2e0f6f8630bdc0193ef8,6,0.08380550106532264,0.08693291229260605,0.11157143173501,0.030271141892786974
rsn_ks,fair,0,dinov2_vitl14,rsn,main,4,cheetah|jaguar|puma|serval,leopard|lion|ocelot|tiger,63e98618f57da0405633397bee414dc3180877c7,6,0.13815347509889433,0.14278925519979235,0.17569907956955777,0.07508139449330989
rsn_ks,fair,1,dinov2_vitl14,rsn,main,5,jaguar|leopard|lion|ocelot|puma,cheetah|serval|tiger,1a0df78869914c0a477fcc5030d01d63089bc7dc,10,0.12133794239531151,0.10988778729622076,0.21927365924533437,0.03688631167681586
rsn_ks,fair,1,dinov2_vitb14,rsn,main,5,jaguar|lion|ocelot|puma|serval,cheetah|leopard|tiger,94aa9d185097ad6772d781a923e7de5ffe21e2b5,10,0.1277239401704277,0.14067453806404748,0.189154404525944,0.04169566903264697
rsn_ks,fair,0,dinov2_vitb14,rsn,main,4,cheetah|leopard|puma|serval,jaguar|lion|ocelot|tiger,3c911a62315accb960a82982ffe40ace45460c38,6,0.09742725114640133,0.08834955095936878,0.15196161293939836,0.04406962354107305
rsn_ks,fair,0,dinov2_vitl14,rsn,main,4,cheetah|jaguar|puma|tiger,leopard|lion|ocelot|serval,8422c29dd62f1c9a72a4267d478f6c8149c40ed0,6,0.19255883149085284,0.165069982457622,0.3014216731603594,0.08126192554567394
rsn_ks,fair,0,dinov2_vitb14,rsn,main,4,cheetah|leopard|puma|tiger,jaguar|lion|ocelot|serval,50268bb44a18a255005bceac83603a57a88aeb1a,6,0.08254355335518267,0.08163337549309746,0.11459881907318736,0.027286244266985706
rsn_ks,fair,1,dinov2_vitl14,rsn,main,5,jaguar|leopard|lion|ocelot|serval,cheetah|puma|tiger,b75ae4c1335de8c941018dd16882c7f8265e91d8,10,0.12057860913943945,0.11684628111344755,0.20172622731023102,0.047220608863817966
rsn_ks,fair,1,dinov2_vitb14,rsn,main,5,jaguar|lion|ocelot|puma|tiger,cheetah|leopard|serval,39a5788ad2286a25bf578961cef1e6fa07f714c1,10,0.12379141916987942,0.12750796353103364,0.19178198699142146,0.03050468783232038
rsn_ks,fair,0,dinov2_vitb14,rsn,main,4,cheetah|leopard|serval|tiger,jaguar|lion|ocelot|puma,6ee36d38fe11cbf9e19997bf6828e42f67bb7f2d,6,0.08779569875039943,0.09060023816449392,0.12817796610169496,0.04147113553942024
rsn_ks,fair,0,dinov2_vitl14,rsn,main,4,cheetah|jaguar|serval|tiger,leopard|lion|ocelot|puma,7d62b26840f2eca99f05225d98c4c9ae8d2eb84e,6,0.195368715224964,0.17138504738650362,0.3014216731603594,0.07781838598447799
rsn_ks,fair,1,dinov2_vitl14,rsn,main,5,jaguar|leopard|lion|ocelot|tiger,cheetah|puma|serval,b89c3ac371f971fd9a6fd4eedc5d5661f9b8d6cc,10,0.12461549567309316,0.10988778729622076,0.21361536094188102,0.04982548681667775
rsn_ks,fair,1,dinov2_vitb14,rsn,main,5,jaguar|lion|ocelot|serval|tiger,cheetah|leopard|puma,684b27a7b303047fba0c11a38b52867b5624700f,10,0.13481079335575982,0.14067453806404748,0.19178198699142146,0.04111855823817229
rsn_ks,fair,0,dinov2_vitb14,rsn,main,4,cheetah|lion|ocelot|puma,jaguar|leopard|serval|tiger,1f67b0d5d3e8bd7fb4a4b60791c9bd934d382848,6,0.11312113584119053,0.0941946271619944,0.16796300595929103,0.029015169949134254
rsn_ks,fair,0,dinov2_vitl14,rsn,main,4,cheetah|leopard|lion|ocelot,jaguar|puma|serval|tiger,031543396c671c00c0ebe44952978de60e574686,6,0.14545361148094807,0.13567197705166054,0.22371607854033526,0.037829147806357946
rsn_ks,fair,1,dinov2_vitl14,rsn,main,5,jaguar|leopard|lion|puma|serval,cheetah|ocelot|tiger,c1556d8abd3877e01252e717a487e4afaa13a04e,10,0.13674546674337779,0.1307065738995706,0.21927365924533437,0.05579430643588304
rsn_ks,fair,1,dinov2_vitb14,rsn,main,5,jaguar|lion|puma|serval|tiger,cheetah|leopard|ocelot,a2b8fe15303d164596bd0f3d7e5413ad0a7ef5c2,10,0.13142881994680833,0.13622987128288067,0.19178198699142146,0.03981790364520875
rsn_ks,fair,0,dinov2_vitb14,rsn,main,4,cheetah|lion|ocelot|serval,jaguar|leopard|puma|tiger,d941b250c8ebfc22c515f8befb516d51a1a93b91,6,0.14167372584242152,0.146208355554823,0.17188389713591623,0.048364466430285545
rsn_ks,fair,0,dinov2_vitl14,rsn,main,4,cheetah|leopard|lion|puma,jaguar|ocelot|serval|tiger,b3e5ac46b2a764dca9fcf1480dba3917b5ef0981,6,0.15535602192692916,0.13966933303813883,0.2343683579199899,0.04695691642660676
rsn_ks,fair,0,dinov2_vitb14,rsn,main,4,cheetah|lion|ocelot|tiger,jaguar|leopard|puma|serval,fb9a596f5ed5c7c3d2a5044ed06805b608ca9fdf,6,0.1350163840413492,0.13378544067016346,0.18581947300395252,0.03538371449572694
rsn_ks,fair,1,dinov2_vitb14,rsn,main,5,jaguar|ocelot|puma|serval|tiger,cheetah|leopard|lion,01d3a98fc7b1c97be3accf5f42b983a55d1dcbae,10,0.11735648646237329,0.12750796353103364,0.1507060781786942,0.03965505967800141
rsn_ks,fair,1,dinov2_vitl14,rsn,main,5,jaguar|leopard|lion|puma|tiger,cheetah|ocelot|serval,9881625086e0cf37c043ea65044adb294c5c63f8,10,0.1487225080895994,0.14292407200764226,0.2761513048809956,0.058208874025350216
rsn_ks,fair,0,dinov2_vitl14,rsn,main,4,cheetah|leopard|lion|serval,jaguar|ocelot|puma|tiger,23c57da3aa0ecd6e5af8fa1d465e4aa1418139f2,6,0.15835920791904093,0.13966933303813883,0.22371607854033526,0.05544213573899906
rsn_ks,fair,0,dinov2_vitb14,rsn,main,4,cheetah|lion|puma|serval,jaguar|leopard|ocelot|tiger,c458ea6f6481e4b6bcefdad0f8632d381fc0981a,6,0.12655792157912663,0.13229761380301203,0.16796300595929103,0.04506859425381644
rsn_ks,fair,1,dinov2_vitb14,rsn,main,5,leopard|lion|ocelot|puma|serval,cheetah|jaguar|tiger,7c2f6026acebbee9895b257966d89e23a8da956b,10,0.11879850306854375,0.1238059547248378,0.16769495754295632,0.031363609795261316
rsn_ks,fair,0,dinov2_vitl14,rsn,main,4,cheetah|leopard|lion|tiger,jaguar|ocelot|puma|serval,126896875318fa326074298c96b0c8953678a0da,6,0.1839031117638026,0.167212170686729,0.3014216731603594,0.060750052636476586
rsn_ks,fair,1,dinov2_vitl14,rsn,main,5,jaguar|leopard|lion|serval|tiger,cheetah|ocelot|puma,1bb109817811cad7c0e83f0c79df8af4385ac182,10,0.14738681991747557,0.14292407200764226,0.2661037486442516,0.049260823597106075
rsn_ks,fair,0,dinov2_vitb14,rsn,main,4,cheetah|lion|puma|tiger,jaguar|leopard|ocelot|serval,2f7d0d82cc86495c1567c0ef30b793ed7d225ddf,6,0.12372552503383684,0.10687149413486557,0.18581947300395252,0.03198913395148272
rsn_ks,fair,1,dinov2_vitb14,rsn,main,5,leopard|lion|ocelot|puma|tiger,cheetah|jaguar|serval,fa382833ef0a6097cd140c4ea80c7458301b7d88,10,0.11683170310814353,0.11803808547556754,0.19178198699142146,0.019460779971437414
rsn_ks,fair,0,dinov2_vitl14,rsn,main,4,cheetah|leopard|ocelot|puma,jaguar|lion|serval|tiger,d5ff7ccf6bd8ad82f652f4fb5e6371732a3289c2,6,0.15509325364228724,0.13962675995499702,0.2343683579199899,0.04852362045778726
rsn_ks,fair,1,dinov2_vitl14,rsn,main,5,jaguar|leopard|ocelot|puma|serval,cheetah|lion|tiger,0f9ae7ff5c54ce5101260a701f100116a321e1fa,10,0.1390619657335667,0.13872076519641602,0.21927365924533437,0.05858859251783607
rsn_ks,fair,0,dinov2_vitb14,rsn,main,4,cheetah|lion|serval|tiger,jaguar|leopard|ocelot|puma,cdc8f0e4b7a5c4a98102fe60e577adecde06fd82,6,0.1347526117919485,0.13229761380301203,0.18581947300395252,0.039913917196083594
rsn_ks,fair,0,dinov2_vitl14,rsn,main,4,cheetah|leopard|ocelot|serval,jaguar|lion|puma|tiger,2b2342ff503a5d5b5dfc0e34b338ae68915dad6b,6,0.15718422900332177,0.1460300888565015,0.22371607854033526,0.06529538031513517
rsn_ks,fair,1,dinov2_vitb14,rsn,main,5,leopard|lion|ocelot|serval|tiger,cheetah|jaguar|puma,c03f3a720ff8f43baa21335694b35ba647eb7254,10,0.12585604102440323,0.13511784480985922,0.19178198699142146,0.028993479052392118
rsn_ks,fair,0,dinov2_vitb14,rsn,main,4,cheetah|ocelot|puma|serval,jaguar|leopard|lion|tiger,60bf6700521addc1091911104e044099a754896b,6,0.11812241385001065,0.10925693393310143,0.17188389713591623,0.04831393968588942
rsn_ks,fair,1,dinov2_vitl14,rsn,main,5,jaguar|leopard|ocelot|puma|tiger,cheetah|lion|serval,78d80a5389a2ae591ec307e1f1a5f05dc6fcf320,10,0.1514832466727907,0.14250546121120566,0.2761513048809956,0.06106391149927521
rsn_ks,fair,0,dinov2_vitl14,rsn,main,4,cheetah|leopard|ocelot|tiger,jaguar|lion|puma|serval,39d803dc62283a1a34924e463a4f0b40795ba9fe,6,0.183873664094201,0.17857331147442215,0.3014216731603594,0.07046555315797375
rsn_ks,fair,1,dinov2_vitb14,rsn,main,5,leopard|lion|puma|serval|tiger,cheetah|jaguar|ocelot,ff0311b366fa0b37ade96c4e8787d55b7197b172,10,0.12157659691613658,0.11936128794367099,0.19178198699142146,0.026467668416678778
rsn_ks,fair,0,dinov2_vitb14,rsn,main,4,cheetah|ocelot|puma|tiger,jaguar|leopard|lion|serval,cbe230e9dc3ff30803a95f77fbd47d54d9a53962,6,0.09700423782129926,0.09474003548052584,0.11459881907318736,0.030163697112927164
rsn_ks,fair,1,dinov2_vitl14,rsn,main,5,jaguar|leopard|ocelot|serval|tiger,cheetah|lion|puma,a197fa9af6c754e6adf8517f8edff56cf6aa8c36,10,0.1476784169486744,0.14036345767409258,0.2661037486442516,0.0556246887707228
rsn_ks,fair,0,dinov2_vitl14,rsn,main,4,cheetah|leopard|puma|serval,jaguar|lion|ocelot|tiger,a89a17ed967e0e26a859992239f8aac1f36f3dcc,6,0.1664109957300275,0.16790361350370528,0.2343683579199899,0.07389021203873486
rsn_ks,fair,0,dinov2_vitb14,rsn,main,4,cheetah|ocelot|serval|tiger,jaguar|leopard|lion|puma,98c5066eddb8363a53b9c518c560d71c0b7424df,6,0.11522867231717093,0.10535780046577689,0.17188389713591623,0.04866401931562737
rsn_ks,fair,1,dinov2_vitb14,rsn,main,5,leopard|ocelot|puma|serval|tiger,cheetah|jaguar|lion,c14604c6a4139f0f43259c475f75e6e1b0cb90c1,10,0.10865370321822224,0.10414971932618614,0.1507060781786942,0.029848406951672925
rsn_ks,fair,1,dinov2_vitl14,rsn,main,5,jaguar|leopard|puma|serval|tiger,cheetah|lion|ocelot,bd554bc7877a96d48ce9ec7bc17d32d350f35750,10,0.17074791102764872,0.15565289812398164,0.2761513048809956,0.0650768252675455
rsn_ks,fair,0,dinov2_vitl14,rsn,main,4,cheetah|leopard|puma|tiger,jaguar|lion|ocelot|serval,c545f36c610d0635060706c7e229bb7937a9c831,6,0.20686201618347888,0.22904221823016258,0.3014216731603594,0.07884398988636827
rsn_ks,fair,0,dinov2_vitb14,rsn,main,4,cheetah|puma|serval|tiger,jaguar|leopard|lion|ocelot,11735324eb07a635eedef71e12a8dc6649c61f81,6,0.1102751154512116,0.10687149413486557,0.15196161293939836,0.04533913246357598
rsn_ks,fair,1,dinov2_vitb14,rsn,main,5,lion|ocelot|puma|serval|tiger,cheetah|jaguar|leopard,40ffb7e750ebca943632e4ca37c977472ca75aac,10,0.12860424355949243,0.13644104727796266,0.19178198699142146,0.030341171164435937
rsn_ks,fair,0,dinov2_vitb14,rsn,main,4,jaguar|leopard|lion|ocelot,cheetah|puma|serval|tiger,eee3924ef43782056e0e37e0a96e08aab4632fa4,6,0.1358629253920789,0.127106979461168,0.22030609160030545,0.04454985597641987
rsn_ks,fair,0,dinov2_vitl14,rsn,main,4,cheetah|leopard|serval|tiger,jaguar|lion|ocelot|puma,bc0d22b5d246bd4b1b7875ee3dd1736165f77a70,6,0.2015550265897981,0.21100666317566844,0.3014216731603594,0.06138541666074558
rsn_ks,fair,1,dinov2_vitl14,rsn,main,5,jaguar|lion|ocelot|puma|serval,cheetah|leopard|tiger,7ec89e3c9f0cf3fea3fdc9b061b438a08fab6cbf,10,0.11916344733432878,0.11791502230317574,0.15873754912152646,0.05571327842714735
rsn_ks,fair,1,dinov2_vitb14,rsn,main,6,cheetah|jaguar|leopard|lion|ocelot|puma,serval|tiger,c5cf1b063f5a0c939b3745891755cd96ce0c377b,15,0.10249953229872527,0.08871760514860871,0.189154404525944,0.026743120049917943
rsn_ks,fair,0,dinov2_vitb14,rsn,main,4,jaguar|leopard|lion|puma,cheetah|ocelot|serval|tiger,4090b6b75f2fddc9df9876c983a002ff6b2d54b8,6,0.1313817552159244,0.11254978356350531,0.22030609160030545,0.043543354288500966
rsn_ks,fair,0,dinov2_vitl14,rsn,main,4,cheetah|lion|ocelot|puma,jaguar|leopard|serval|tiger,3729ec81421e8c64d3d79c0b024392d2419d2eb3,6,0.11911429901363928,0.11886392170106719,0.14582297550148499,0.027599163826279412
rsn_ks,fair,1,dinov2_vitl14,rsn,main,5,jaguar|lion|ocelot|puma|tiger,cheetah|leopard|serval,423566631d0fa54061eb5f0902b86b223c199279,10,0.14892833299491218,0.14250546121120566,0.2761513048809956,0.05862325622654021
rsn_ks,fair,0,dinov2_vitb14,rsn,main,4,jaguar|leopard|lion|serval,cheetah|ocelot|puma|tiger,d4b6f81016f52f684a528c1f5bdf7c51a631e6d8,6,0.1456619745330804,0.15353331113123403,0.22030609160030545,0.05889222581072159
rsn_ks,fair,1,dinov2_vitb14,rsn,main,6,cheetah|jaguar|leopard|lion|ocelot|serval,puma|tiger,30e771e71b9b997e652999803417fa7196c83132,15,0.11372927398588042,0.11186129676195533,0.189154404525944,0.03925206015957625
rsn_ks,fair,0,dinov2_vitl14,rsn,main,4,cheetah|lion|ocelot|serval,jaguar|leopard|puma|tiger,6fc876e70d86e2f435f7034b42ceea3cb396adbf,6,0.13026377965775057,0.12800388249580347,0.15862963330449398,0.06445209781263331
rsn_ks,fair,1,dinov2_vitl14,rsn,main,5,jaguar|lion|ocelot|serval|tiger,cheetah|leopard|puma,8e4d8080b0a4d1aa4f5debd0abd662a68b371b6c,10,0.14891898730887607,0.14036345767409258,0.2661037486442516,0.058170489656750285
rsn_ks,fair,0,dinov2_vitb14,rsn,main,4,jaguar|leopard|lion|tiger,cheetah|ocelot|puma|serval,852f3ae0512ffdf85ae12dba14aea8e7234447a7,6,0.14059170757204367,0.1439354621949852,0.22030609160030545,0.048457134762680765
rsn_ks,fair,1,dinov2_vitb14,rsn,main,6,cheetah|jaguar|leopard|lion|ocelot|tiger,puma|serval,d6745a5a01fb2f0af216cc2026b9527fd7e45756,15,0.10788062105299336,0.0871867753758695,0.19178198699142146,0.028725689183576486
rsn_ks,fair,0,dinov2_vitl14,rsn,main,4,cheetah|lion|ocelot|tiger,jaguar|leopard|puma|serval,e6628cc15692d73c10591879a81c0bd2d15f766c,6,0.1830769176810998,0.16545624734340217,0.3014216731603594,0.07053673668256547
rsn_ks,fair,0,dinov2_vitb14,rsn,main,4,jaguar|leopard|ocelot|puma,cheetah|lion|serval|tiger,b6776b00ebd30698275a345f90095b42c9cd00f7,6,0.09476779452213208,0.08841416117006864,0.12704621456752974,0.03223333396547287
rsn_ks,fair,1,dinov2_vitl14,rsn,main,5,jaguar|lion|puma|serval|tiger,cheetah|leopard|ocelot,dc1b2400d97da04b92f160024b27ac4292ee9c7b,10,0.1611696408915207,0.1483582004076595,0.2761513048809956,0.06653150861808653
rsn_ks,fair,0,dinov2_vitl14,rsn,main,4,cheetah|lion|puma|serval,jaguar|leopard|ocelot|tiger,a9662fa96bcb69bcf051a48052e38c86f88b9894,6,0.11982327883380399,0.12440162754331546,0.13791340969481203,0.07201222673553163
rsn_ks,fair,1,dinov2_vitb14,rsn,main,6,cheetah|jaguar|leopard|lion|puma|serval,ocelot|tiger,0b8c69ae13f58c773e15c0123342c79d707dc7b0,15,0.1126633539810298,0.11186129676195533,0.189154404525944,0.0384781124410839
rsn_ks,fair,0,dinov2_vitb14,rsn,main,4,jaguar|leopard|ocelot|serval,cheetah|lion|puma|tiger,928fffdfca68b8cc86d90ac6eb0b78793b53a69c,6,0.11624536157704812,0.09421059533006362,0.17188389713591623,0.06008606262602458
rsn_ks,fair,0,dinov2_vitb14,rsn,main,4,jaguar|leopard|ocelot|tiger,cheetah|lion|puma|serval,54779e871bc54a541b760c9f63f7c7458b5a3c59,6,0.09288931513258976,0.09123977957712512,0.11373114346824476,0.04539254250146749
rsn_ks,fair,1,dinov2_vitl14,rsn,main,5,jaguar|ocelot|puma|serval|tiger,cheetah|leopard|lion,100ad61dfa6b36ef63cf53bf23e1d4a53974aeec,10,0.16838899845059302,0.1483582004076595,0.2761513048809956,0.06996504908305023
rsn_ks,fair,0,dinov2_vitl14,rsn,main,4,cheetah|lion|puma|tiger,jaguar|leopard|ocelot|serval,c446a2e803e2d7d32dcfcba03f4a01cac62c8931,6,0.18639800221972536,0.16545624734340217,0.3014216731603594,0.07788612918289738
rsn_ks,fair,1,dinov2_vitb14,rsn,main,6,cheetah|jaguar|leopard|lion|puma|tiger,ocelot|serval,a77269056948c155b67a84657df15b097ce31ef5,15,0.10719918831424483,0.08871760514860871,0.19178198699142146,0.02818956293222788
rsn_ks,fair,0,dinov2_vitb14,rsn,main,4,jaguar|leopard|puma|serval,cheetah|lion|ocelot|tiger,f0d5a3cf31756a1d18a5770fff1ec01d9fbb05d3,6,0.11810149354244663,0.10862644795531895,0.17064936075813897,0.05854392265670532
rsn_ks,fair,0,dinov2_vitl14,rsn,main,4,cheetah|lion|serval|tiger,jaguar|leopard|ocelot|puma,ad50b582f97400a00e4a6f68179beb1828e6dea4,6,0.1901495179091214,0.16545624734340217,0.3014216731603594,0.06891024911914218
rsn_ks,fair,1,dinov2_vitl14,rsn,main,5,leopard|lion|ocelot|puma|serval,cheetah|jaguar|tiger,36f7159de80b02ee44283d2ac0a99513b3542b3d,10,0.13914565051615063,0.12814595956602093,0.21927365924533437,0.05712397026331057
rsn_ks,fair,1,dinov2_vitb14,rsn,main,6,cheetah|jaguar|leopard|lion|serval|tiger,ocelot|puma,30a7e95c0767ae4fd484be19c1aa360f37e6326c,15,0.11157108873792063,0.10157324326182615,0.19178198699142146,0.038185469940217445
rsn_ks,fair,0,dinov2_vitb14,rsn,main,4,jaguar|leopard|puma|tiger,cheetah|lion|ocelot|serval,df41533610217bf4839e465eba0ee212761c32dc,6,0.09857039235377081,0.10011178202193707,0.12704621456752974,0.0443425292959636
rsn_ks,fair,0,dinov2_vitl14,rsn,main,4,cheetah|ocelot|puma|serval,jaguar|leopard|lion|tiger,34438aa0f25902b9d12d75ac71d2c0bfb271ae9c,6,0.12589607686301665,0.12885114344435833,0.15862963330449398,0.07601701930253094
rsn_ks,fair,0,dinov2_vitb14,rsn,main,4,jaguar|leopard|serval|tiger,cheetah|lion|ocelot|puma,b3f537a539881555be64ca3d584f5663bbfe5bb4,6,0.10252245616556753,0.09060023816449392,0.17064936075813897,0.059154080346472224
rsn_ks,fair,1,dinov2_vitl14,rsn,main,5,leopard|lion|ocelot|puma|tiger,cheetah|jaguar|serval,7be2c599dcb0e8c792c0269d74d8cd1c9396a732,10,0.15966836113438546,0.14128137952996572,0.2761513048809956,0.05954112030769222
rsn_ks,fair,1,dinov2_vitb14,rsn,main,6,cheetah|jaguar|leopard|ocelot|puma|serval,lion|tiger,54c240d8d2301d6ea80591c5d30e836acfa78cdf,15,0.09795811319744778,0.10157324326182615,0.1507060781786942,0.036393056472828735
rsn_ks,fair,0,dinov2_vitl14,rsn,main,4,cheetah|ocelot|puma|tiger,jaguar|leopard|lion|serval,42ff91164c8d6f226f79e26d8c86b76b6b39acff,6,0.19361633149505555,0.18785696694017667,0.3014216731603594,0.08222101126391887
rsn_ks,fair,0,dinov2_vitb14,rsn,main,4,jaguar|lion|ocelot|puma,cheetah|leopard|serval|tiger,07f76c83d42a37ab2636f6ac3db5856700ee3536,6,0.13165925323569333,0.11263036194227441,0.22030609160030545,0.04281056460943459
rsn_ks,fair,1,dinov2_vitl14,rsn,main,5,leopard|lion|ocelot|serval|tiger,cheetah|jaguar|puma,083ff07487acb302ffa0c67481ce5f8842fa288f,10,0.15852120245434798,0.13913937599285262,0.2661037486442516,0.051847437591455596
rsn_ks,fair,1,dinov2_vitb14,rsn,main,6,cheetah|jaguar|leopard|ocelot|puma|tiger,lion|serval,f562b2de2fa822caca07394f8ce94ac71d8bcb36,15,0.08767712249396965,0.0871867753758695,0.13199638049679585,0.021633064479853626
rsn_ks,fair,0,dinov2_vitl14,rsn,main,4,cheetah|ocelot|serval|tiger,jaguar|leopard|lion|puma,29bb473af2d92cd275b85cf99823b1627f09786f,6,0.19645563655337436,0.1942602958416812,0.3014216731603594,0.07968447360783266
rsn_ks,fair,0,dinov2_vitb14,rsn,main,4,jaguar|lion|ocelot|serval,cheetah|leopard|puma|tiger,9e8bc1200142f91391eb5f3eca731394b624e7f4,6,0.1589117616535043,0.16332440518172794,0.22030609160030545,0.06263933739312269
rsn_ks,fair,1,dinov2_vitb14,rsn,main,6,cheetah|jaguar|leopard|ocelot|serval|tiger,lion|puma,db5cd7e444da32f362a4c1917f5086268f3e5a98,15,0.09135262123240376,0.0871867753758695,0.1507060781786942,0.037193886178443825
rsn_ks,fair,1,dinov2_vitl14,rsn,main,5,leopard|lion|puma|serval|tiger,cheetah|jaguar|ocelot,c78720d0491d20bfd87832dc82c9dbebda3b8665,10,0.17260899276368372,0.1652055404062842,0.2761513048809956,0.06217649095049654
rsn_ks,fair,0,dinov2_vitb14,rsn,main,4,jaguar|lion|ocelot|tiger,cheetah|leopard|puma|serval,fa0d49188509e59ab9c0df1b949ceb2726f73d91,6,0.1476070164549748,0.13486529653678084,0.22030609160030545,0.05079446229783194
rsn_ks,fair,0,dinov2_vitl14,rsn,main,4,cheetah|puma|serval|tiger,jaguar|leopard|lion|ocelot,a57610227297f2e1031b16cca67ae3a56fc83db7,6,0.19910107737272462,0.19863483185867134,0.3014216731603594,0.08836711886771231
rsn_ks,fair,0,dinov2_vitb14,rsn,main,4,jaguar|lion|puma|serval,cheetah|leopard|ocelot|tiger,633c3e7e447d32f65fd1411842caa7d711c2248a,6,0.1507389823215304,0.14418943722186373,0.22030609160030545,0.06069503038873984
rsn_ks,fair,0,dinov2_vitl14,rsn,main,4,jaguar|leopard|lion|ocelot,cheetah|puma|serval|tiger,17541919e81a1385563a6ab8eb6785d0e3118a0b,6,0.11127391657354564,0.11413052115571848,0.14142525638146566,0.039320004994477
rsn_ks,fair,1,dinov2_vitb14,rsn,main,6,cheetah|jaguar|leopard|puma|serval|tiger,lion|ocelot,49d5f1b81efab01e7e35296572426374a062f849,15,0.09567878548178058,0.09173473653289954,0.1475851741233697,0.03652359679079824
rsn_ks,fair,1,dinov2_vitl14,rsn,main,5,leopard|ocelot|puma|serval|tiger,cheetah|jaguar|lion,8292d67ca5e3059ccd165cb902c6bf0a4bc8d874,10,0.1792485047430738,0.17129449802188007,0.2761513048809956,0.06680422406218947
rsn_ks,fair,0,dinov2_vitb14,rsn,main,4,jaguar|lion|puma|tiger,cheetah|leopard|ocelot|serval,fc17589290aafaf5a215f7ed4fb59ac7e55f8243,6,0.14325918237878346,0.12082251682035855,0.22030609160030545,0.04924350125660269
rsn_ks,fair,0,dinov2_vitl14,rsn,main,4,jaguar|leopard|lion|puma,cheetah|ocelot|serval|tiger,45ed1267ff481f781e7bd197bdb2317dfa1c2e4f,6,0.13887724600174783,0.12587814109315815,0.2343683579199899,0.04791073133141385
rsn_ks,fair,1,dinov2_vitb14,rsn,main,6,cheetah|jaguar|lion|ocelot|puma|serval,leopard|tiger,18b7ff1cab51bf4530269627b209e6e7c48f2053,15,0.11883800317846571,0.1256659515014783,0.189154404525944,0.0394996717238851
rsn_ks,fair,1,dinov2_vitl14,rsn,main,5,lion|ocelot|puma|serval|tiger,cheetah|jaguar|leopard,18b67062eec1a56a7bf3d54092723327b1f5f81d,10,0.16557624581395505,0.13872076519641602,0.2761513048809956,0.06800351665137769
rsn_ks,fair,0,dinov2_vitb14,rsn,main,4,jaguar|lion|serval|tiger,cheetah|leopard|ocelot|puma,498e7acd241abad2ea94da8244978ff117b0f4dc,6,0.15298618755347507,0.15353331113123403,0.22030609160030545,0.05937320797398554
rsn_ks,fair,0,dinov2_vitl14,rsn,main,4,jaguar|leopard|lion|serval,cheetah|ocelot|puma|tiger,6e3dd353137aa26075e2161434fba4277c678e3a,6,0.1380170695581224,0.13501810188789443,0.1982972478110016,0.0577677324541804
rsn_ks,fair,1,dinov2_vitb14,rsn,main,6,cheetah|jaguar|lion|ocelot|puma|tiger,leopard|serval,efce8b177ec1f8027c4c8d9635043f616d997650,15,0.11419138908991472,0.10415518310930165,0.19178198699142146,0.028629588885032267
rsn_ks,fair,0,dinov2_vitb14,rsn,main,4,jaguar|ocelot|puma|serval,cheetah|leopard|lion|tiger,92ccb2f5bf39f634add93c5eb5c69233a87becb4,6,0.13501524941375173,0.13950391375346405,0.17188389713591623,0.060178381186378985
rsn_ks,fair,1,dinov2_vitl14,rsn,main,6,cheetah|jaguar|leopard|lion|ocelot|puma,serval|tiger,cf05b75d9689cb4ac0daf5f24dcdd70e47f178a7,15,0.12729232059096934,0.11757567509328254,0.21927365924533437,0.03386052801682814
rsn_ks,fair,0,dinov2_vitl14,rsn,main,4,jaguar|leopard|lion|tiger,cheetah|ocelot|puma|serval,8a42bb46caa3354457ad7a816c738000bd64e0c1,6,0.13191806843052412,0.12368421209765834,0.1929990849919923,0.06299267376197883
rsn_ks,fair,0,dinov2_vitb14,rsn,main,4,jaguar|ocelot|puma|tiger,cheetah|leopard|lion|serval,91a9a2a011d8d9f3ccd2fc4e5c513b09d961ea8f,6,0.10924966998758313,0.11265128760162738,0.12704621456752974,0.043796811870681046
rsn_ks,fair,1,dinov2_vitb14,rsn,main,6,cheetah|jaguar|lion|ocelot|serval|tiger,leopard|puma,6616b2cc3df8801ecdbcbf8b9e5e60b568831200,15,0.12308055132139144,0.12934997556058897,0.19178198699142146,0.03954445513141948
rsn_ks,fair,0,dinov2_vitl14,rsn,main,4,jaguar|leopard|ocelot|puma,cheetah|lion|serval|tiger,6f65218aa16215eb43948d66eff610f9e53a48fe,6,0.14020291398027343,0.13962675995499702,0.2343683579199899,0.049009096924330864
rsn_ks,fair,1,dinov2_vitl14,rsn,main,6,cheetah|jaguar|leopard|lion|ocelot|serval,puma|tiger,cb9748ea5203a372f8e70bbb18cb35614633d1fd,15,0.12868358467277666,0.11757567509328254,0.21648085930880012,0.04595968129858095
rsn_ks,fair,0,dinov2_vitb14,rsn,main,4,jaguar|ocelot|serval|tiger,cheetah|leopard|lion|puma,49b2b9d760dc5cad96392d23c3ad00ba7fe4ec17,6,0.1261740229000348,0.11265128760162738,0.17188389713591623,0.06298901650697379
rsn_ks,fair,0,dinov2_vitl14,rsn,main,4,jaguar|leopard|ocelot|serval,cheetah|lion|puma|tiger,9ca5d7d5957ab0b7e8ac7ff3d2a1c8bc9ab7f74c,6,0.13843052690557076,0.1460300888565015,0.1982972478110016,0.06704829114064678
rsn_ks,fair,1,dinov2_vitb14,rsn,main,6,cheetah|jaguar|lion|puma|serval|tiger,leopard|ocelot,b7eb8ca3f1cd9f5e0e83ed8c40df0ad349b8e4b3,15,0.11979673051804425,0.1256659515014783,0.19178198699142146,0.038651131450305264
rsn_ks,fair,0,dinov2_vitb14,rsn,main,4,jaguar|puma|serval|tiger,cheetah|leopard|lion|ocelot,733ca5a1be110b174375d681aa71905e51c0a1d3,6,0.12816349096539648,0.12082251682035855,0.17064936075813897,0.06101548212090139
rsn_ks,fair,1,dinov2_vitl14,rsn,main,6,cheetah|jaguar|leopard|lion|ocelot|tiger,puma|serval,e8453f11daab0908fc2949e20de1c057b280ac02,15,0.14431825689888608,0.1281802384852661,0.29876282637961454,0.04842000463248927
rsn_ks,fair,0,dinov2_vitl14,rsn,main,4,jaguar|leopard|ocelot|tiger,cheetah|lion|puma|serval,be412cd07279b0d1ca175a7850a9f5ea423f7da2,6,0.13347705702409002,0.11968685611118003,0.2298909583788684,0.07219755501066853
rsn_ks,fair,0,dinov2_vitb14,rsn,main,4,leopard|lion|ocelot|puma,cheetah|jaguar|serval|tiger,0720f19bb7728d1c5caae34e83798a8f4ddccea3,6,0.11488099254398199,0.0941946271619944,0.17413978092172566,0.026557007830323914
rsn_ks,fair,1,dinov2_vitb14,rsn,main,6,cheetah|jaguar|ocelot|puma|serval|tiger,leopard|lion,366e4875fa15e099436d5c6fe8a1bad3ca726642,15,0.1073882675768111,0.10415518310930165,0.1507060781786942,0.037333773464209914
rsn_ks,fair,0,dinov2_vitl14,rsn,main,4,jaguar|leopard|puma|serval,cheetah|lion|ocelot|tiger,94a9f2974ca90c4f582ba92d508a84bb5adb7e72,6,0.16535821261449765,0.16938401464067615,0.2343683579199899,0.0753128524359255
rsn_ks,fair,1,dinov2_vitl14,rsn,main,6,cheetah|jaguar|leopard|lion|puma|serval,ocelot|tiger,08559e088698d3ff0527f1cffbfda40ceb32e57f,15,0.13727167511482893,0.1281802384852661,0.21927365924533437,0.052758529651653986
rsn_ks,fair,0,dinov2_vitb14,rsn,main,4,leopard|lion|ocelot|serval,cheetah|jaguar|puma|tiger,8a72f5af80d2f1e83928342a115e64e26099c295,6,0.1354853533912712,0.146208355554823,0.17413978092172566,0.04157487298758956
rsn_ks,fair,1,dinov2_vitb14,rsn,main,6,cheetah|leopard|lion|ocelot|puma|serval,jaguar|tiger,13fd81d790d2e13468508757c8830b44cca6327d,15,0.11264940300569014,0.10672619539054612,0.16769495754295632,0.0318776609001135
rsn_ks,fair,0,dinov2_vitl14,rsn,main,4,jaguar|leopard|puma|tiger,cheetah|lion|ocelot|serval,419bece9aaaa61b9ddb5b8e9edd5d1dea960c3b2,6,0.17416632809558907,0.165069982457622,0.29134081644621646,0.08027656582559436
rsn_ks,fair,0,dinov2_vitb14,rsn,main,4,leopard|lion|ocelot|tiger,cheetah|jaguar|puma|serval,947d7435c9d55479107fad00b71ede497c6d173b,6,0.12984937841173247,0.13378544067016346,0.18581947300395252,0.029084300647553307
rsn_ks,fair,1,dinov2_vitl14,rsn,main,6,cheetah|jaguar|leopard|lion|puma|tiger,ocelot|serval,3713e962ac110da23bfa841e4f33dd67a3dc57a9,15,0.1581997838826502,0.14414815368888223,0.29876282637961454,0.055062458394427374
rsn_ks,fair,0,dinov2_vitl14,rsn,main,4,jaguar|leopard|serval|tiger,cheetah|lion|ocelot|puma,052123a38d9157add10b47dc903a889c609623a9,6,0.1649959760661711,0.17138504738650362,0.25975968452093373,0.06429781305846252
rsn_ks,fair,1,dinov2_vitb14,rsn,main,6,cheetah|leopard|lion|ocelot|puma|tiger,jaguar|serval,5873b0b158e49b13960829c807ebb7da164cac85,15,0.1093132696105712,0.10415518310930165,0.19178198699142146,0.020504337630300913
rsn_ks,fair,0,dinov2_vitb14,rsn,main,4,leopard|lion|puma|serval,cheetah|jaguar|ocelot|tiger,b72063fc63472080469fcc1637878164f434f20d,6,0.12287851830727858,0.11723530703190499,0.17413978092172566,0.03695166994731775
rsn_ks,fair,0,dinov2_vitl14,rsn,main,4,jaguar|lion|ocelot|puma,cheetah|leopard|serval|tiger,1f3973c846285a54d147fa9ea870edae8e910fb0,6,0.12146749803186603,0.11886392170106719,0.1630689497117945,0.027332637089537398
rsn_ks,fair,1,dinov2_vitl14,rsn,main,6,cheetah|jaguar|leopard|lion|serval|tiger,ocelot|puma,f1c48609ab6eef8bf9dd60f7991b2f418f4c700d,15,0.15920681135362305,0.14414815368888223,0.29876282637961454,0.05175332645433123
rsn_ks,fair,0,dinov2_vitb14,rsn,main,4,leopard|lion|puma|tiger,cheetah|jaguar|ocelot|serval,808fbca2bb19d2192c1dddc8f0e0fc062522569f,6,0.12106748858352236,0.10632608581633413,0.18581947300395252,0.023621171104735307
rsn_ks,fair,1,dinov2_vitb14,rsn,main,6,cheetah|leopard|lion|ocelot|serval|tiger,jaguar|puma,25bfaeb11541c9f1d08a8adc2a210eb6af4639d0,15,0.11687240766230077,0.11186129676195533,0.19178198699142146,0.03084088812845027
rsn_ks,fair,0,dinov2_vitl14,rsn,main,4,jaguar|lion|ocelot|serval,cheetah|leopard|puma|tiger,a1c2efe5871f9dbf90f0ad9ef7b2681203d7b61a,6,0.12875361624024015,0.12800388249580347,0.17569907956955777,0.06588058833921827
rsn_ks,fair,0,dinov2_vitb14,rsn,main,4,leopard|lion|serval|tiger,cheetah|jaguar|ocelot|puma,47961a3a107ad77c59ed40c3b5c1dacd9fd113a0,6,0.12414634618769226,0.11370552824510438,0.18581947300395252,0.02649746330150813
rsn_ks,fair,1,dinov2_vitl14,rsn,main,6,cheetah|jaguar|leopard|ocelot|puma|serval,lion|tiger,9d88a34763f7c438f6522a319ba020ce35baf3b8,15,0.13753709413908904,0.13657876165930294,0.21927365924533437,0.054754528816075614
rsn_ks,fair,1,dinov2_vitb14,rsn,main,6,cheetah|leopard|lion|puma|serval|tiger,jaguar|ocelot,693b6458da1e3b0a6decf8c580c9b726cf0f30ce,15,0.11299027305941013,0.10672619539054612,0.19178198699142146,0.02925974620464989
rsn_ks,fair,0,dinov2_vitl14,rsn,main,4,jaguar|lion|ocelot|tiger,cheetah|leopard|puma|serval,b016b011a408cc45c606c385d3aee9ea34fdb7b9,6,0.14992384929122937,0.1472339164003666,0.2298909583788684,0.07195769276104427
rsn_ks,fair,0,dinov2_vitb14,rsn,main,4,leopard|ocelot|puma|serval,cheetah|jaguar|lion|tiger,e576cb4ee62988cb7ddd863b67157c0e247817d1,6,0.11252426059929854,0.09027129155380803,0.17188389713591623,0.04429580215005171
rsn_ks,fair,1,dinov2_vitb14,rsn,main,6,cheetah|leopard|ocelot|puma|serval|tiger,jaguar|lion,8e4dbbe40be071634e7c32da3ed9babb3309192b,15,0.10134810330919082,0.10157324326182615,0.1507060781786942,0.030036862762808054
rsn_ks,fair,1,dinov2_vitl14,rsn,main,6,cheetah|jaguar|leopard|ocelot|puma|tiger,lion|serval,96379a4edda7fd1ea5b8eaec7419f7f53450c18b,15,0.1587613626355787,0.14414815368888223,0.29876282637961454,0.05710908124205171
rsn_ks,fair,0,dinov2_vitl14,rsn,main,4,jaguar|lion|puma|serval,cheetah|leopard|ocelot|tiger,4f0f144aa035b1750b824d66b338bbfc0ddefccd,6,0.13601403439851473,0.13306046329536608,0.17569907956955777,0.07314553173130431
rsn_ks,fair,0,dinov2_vitb14,rsn,main,4,leopard|ocelot|puma|tiger,cheetah|jaguar|lion|serval,8448ac70493e273f54d869a99bfd047b03e595c3,6,0.0924274513921207,0.08841416117006864,0.11459881907318736,0.027556606818826733
rsn_ks,fair,0,dinov2_vitb14,rsn,main,4,leopard|ocelot|serval|tiger,cheetah|jaguar|lion|puma,e974b058c0dc7e3b21f78bc945fc256e0a090bac,6,0.10270365673405062,0.09060023816449392,0.17188389713591623,0.04178074548876626
rsn_ks,fair,0,dinov2_vitl14,rsn,main,4,jaguar|lion|puma|tiger,cheetah|leopard|ocelot|serval,e6a1286138944a71aead404ee040ab64b8915b9e,6,0.1709458528120761,0.165069982457622,0.29134081644621646,0.07904232554136911
rsn_ks,fair,1,dinov2_vitl14,rsn,main,6,cheetah|jaguar|leopard|ocelot|serval|tiger,lion|puma,63859b6a019413601af9643f1a4871837bf1cdca,15,0.15812229573855652,0.14414815368888223,0.29876282637961454,0.05609715597016698
rsn_ks,fair,1,dinov2_vitb14,rsn,main,6,cheetah|lion|ocelot|puma|serval|tiger,jaguar|leopard,e26e2f3bade7798709c20b17206e6578dcb4369c,15,0.12145484056249413,0.12934997556058897,0.19178198699142146,0.031625579325167595
rsn_ks,fair,0,dinov2_vitb14,rsn,main,4,leopard|puma|serval|tiger,cheetah|jaguar|lion|ocelot,08e44da558c61ef34e3808b342d36ff7262ff4f7,6,0.10025906904739357,0.09060023816449392,0.15196161293939836,0.03712446477078634
rsn_ks,fair,0,dinov2_vitl14,rsn,main,4,jaguar|lion|serval|tiger,cheetah|leopard|ocelot|puma,2189dde0e665bb0c018cacc699fa897cd398e62a,6,0.17083400606573496,0.17138504738650362,0.25975968452093373,0.07127710430967496
rsn_ks,fair,1,dinov2_vitb14,rsn,main,6,jaguar|leopard|lion|ocelot|puma|serval,cheetah|tiger,517cbaaf0ebde4a7fc629e6be4796eb6e2062616,15,0.11851827133103401,0.1256659515014783,0.189154404525944,0.03813950640900467
rsn_ks,fair,0,dinov2_vitb14,rsn,main,4,lion|ocelot|puma|serval,cheetah|jaguar|leopard|tiger,8fec595555d242717901cae2883bc046f88964e1,6,0.13410857925149156,0.14418943722186373,0.17188389713591623,0.04532611078332478
rsn_ks,fair,1,dinov2_vitl14,rsn,main,6,cheetah|jaguar|leopard|puma|serval|tiger,lion|ocelot,6b0df2dc58754b46962a80adce4a3e2d3cfe2a00,15,0.17131214383063273,0.15873754912152646,0.29876282637961454,0.06329441190511916
rsn_ks,fair,0,dinov2_vitl14,rsn,main,4,jaguar|ocelot|puma|serval,cheetah|leopard|lion|tiger,98ddf19af6f7392125405129c775578db2210c2a,6,0.1436752686908949,0.15222630440298948,0.17569907956955777,0.07684231668611528
rsn_ks,fair,0,dinov2_vitb14,rsn,main,4,lion|ocelot|puma|tiger,cheetah|jaguar|leopard|serval,fd862da45a6ceab6ff3dc5dcfed75b2a6a2164fc,6,0.1260630712902426,0.11308512540409868,0.18581947300395252,0.03227478719367469
rsn_ks,fair,1,dinov2_vitb14,rsn,main,6,jaguar|leopard|lion|ocelot|puma|tiger,cheetah|serval,fc2bbffbcb36c1cda1039523b74adb541e88d6e7,15,0.11365529891122748,0.10672619539054612,0.19178198699142146,0.02788337301835442
rsn_ks,fair,1,dinov2_vitl14,rsn,main,6,cheetah|jaguar|lion|ocelot|puma|serval,leopard|tiger,ae0dfc5375f1085d8d27ee74607b86d51a758ad5,15,0.1183847071513615,0.11611688713361257,0.16619843863139902,0.0515163427485904
rsn_ks,fair,0,dinov2_vitl14,rsn,main,4,jaguar|ocelot|puma|tiger,cheetah|leopard|lion|serval,ad3db79401e6ee341640bb7999161e0a773a5bc0,6,0.17975261835057385,0.165069982457622,0.29134081644621646,0.08309294320741703
rsn_ks,fair,0,dinov2_vitb14,rsn,main,4,lion|ocelot|serval|tiger,cheetah|jaguar|leopard|puma,d0c8257ace71c6b79c467ed87709489e57281916,6,0.1421142179950674,0.146208355554823,0.18581947300395252,0.04027289211562108
rsn_ks,fair,1,dinov2_vitb14,rsn,main,6,jaguar|leopard|lion|ocelot|serval|tiger,cheetah|puma,17949919f59adc84ae4d47729ca2428e8efac426,15,0.12065801822656644,0.12934997556058897,0.19178198699142146,0.03778924776603788
rsn_ks,fair,0,dinov2_vitl14,rsn,main,4,jaguar|ocelot|serval|tiger,cheetah|leopard|lion|puma,ab1b4b83d2c46e57037f599755f07f109b60f55f,6,0.1787285609731554,0.17138504738650362,0.25975968452093373,0.08157506018342316
rsn_ks,fair,0,dinov2_vitb14,rsn,main,4,lion|puma|serval|tiger,cheetah|jaguar|leopard|ocelot,4b5d5caeeb83e35a96a2287f6e4d437f4695103c,6,0.129640719011038,0.12550804028875823,0.18581947300395252,0.03474042897713938
rsn_ks,fair,1,dinov2_vitl14,rsn,main,6,cheetah|jaguar|lion|ocelot|puma|tiger,leopard|serval,58b626b5c47d3172a993112571a2721391a03434,15,0.15117137879542403,0.14086276873352913,0.29876282637961454,0.054252107780676476
rsn_ks,fair,0,dinov2_vitl14,rsn,main,4,jaguar|puma|serval|tiger,cheetah|leopard|lion|ocelot,b28c3d24b3631289c0d745c718f81ac990f6aa05,6,0.1990749207747268,0.17138504738650362,0.29134081644621646,0.08998219115157502
rsn_ks,fair,1,dinov2_vitb14,rsn,main,6,jaguar|leopard|lion|puma|serval|tiger,cheetah|ocelot,ea8f11d2326970fd959fe7f0d7a5302de11ba714,15,0.12079769708150917,0.1256659515014783,0.19178198699142146,0.036702706658169305
rsn_ks,fair,0,dinov2_vitb14,rsn,main,4,ocelot|puma|serval|tiger,cheetah|jaguar|leopard|lion,931ac99c318bc4d3973edafc1114af5ea7be20bf,6,0.12189090960564991,0.11308512540409868,0.17188389713591623,0.04559825441942962
rsn_ks,fair,1,dinov2_vitl14,rsn,main,6,cheetah|jaguar|lion|ocelot|serval|tiger,leopard|puma,481419f613e9334f566706a7dabda1f4df8e5228,15,0.15306263459045538,0.13657876165930294,0.29876282637961454,0.05700782626960269
rsn_ks,fair,0,dinov2_vitl14,rsn,main,4,leopard|lion|ocelot|puma,cheetah|jaguar|serval|tiger,416d38df296329f3ee3ad05670887314df7a755c,6,0.148795829602264,0.13742790039498737,0.2343683579199899,0.04893566281368081
rsn_ks,fair,0,dinov2_vitb14,rsn,main,5,cheetah|jaguar|leopard|lion|ocelot,puma|serval|tiger,6ad86dfa946cb34c57eb60cd5a67283aefca6513,10,0.11906316162655135,0.09390764203250002,0.22030609160030545,0.04039383857600371
rsn_ks,fair,1,dinov2_vitb14,rsn,main,6,jaguar|leopard|ocelot|puma|serval|tiger,cheetah|lion,a2f0fddff3c22f41c5fd1949b23494b2e90d1500,15,0.10495722948748137,0.10157324326182615,0.1507060781786942,0.036210618939069066
rsn_ks,fair,0,dinov2_vitl14,rsn,main,4,leopard|lion|ocelot|serval,cheetah|jaguar|puma|tiger,6171500005fd1bc942f65d7450eb76968c814888,6,0.1479650744828462,0.13742790039498737,0.1982972478110016,0.05989252517108712
rsn_ks,fair,0,dinov2_vitb14,rsn,main,5,cheetah|jaguar|leopard|lion|puma,ocelot|serval|tiger,1a1b7264831e2f290f0f9bcfed83c159476b9f68,10,0.11509181508711708,0.09227288656755514,0.22030609160030545,0.03977429259381586
rsn_ks,fair,1,dinov2_vitl14,rsn,main,6,cheetah|jaguar|lion|puma|serval|tiger,leopard|ocelot,0ef71a0b34b97f58a96c1df5b5f180c23b708762,15,0.15903992235164513,0.14414815368888223,0.29876282637961454,0.0635357075939409
rsn_ks,fair,1,dinov2_vitb14,rsn,main,6,jaguar|lion|ocelot|puma|serval|tiger,cheetah|leopard,ca0a649d43244b2907aa5f29b1bb2b3c8e597025,15,0.12728595044412352,0.13199638049679585,0.19178198699142146,0.03827663972786932
rsn_ks,fair,0,dinov2_vitl14,rsn,main,4,leopard|lion|ocelot|tiger,cheetah|jaguar|puma|serval,ced59bb8d293a9397125bb1bb5724ed2ae25db8e,6,0.15518097159532837,0.13742790039498737,0.2298909583788684,0.06504231637258878
rsn_ks,fair,0,dinov2_vitb14,rsn,main,5,cheetah|jaguar|leopard|lion|serval,ocelot|puma|tiger,d8f4963e9ed08653775ee0c06987e27f71576b54,10,0.12880031024652364,0.13229761380301203,0.22030609160030545,0.05587823775254993
rsn_ks,fair,1,dinov2_vitl14,rsn,main,6,cheetah|jaguar|ocelot|puma|serval|tiger,leopard|lion,7a54e40d3a7dbc2bda014626a504ceb22d799361,15,0.16257391375516092,0.14414815368888223,0.29876282637961454,0.06602121066202413
rsn_ks,fair,1,dinov2_vitb14,rsn,main,6,leopard|lion|ocelot|puma|serval|tiger,cheetah|jaguar,181815d8106b0f9eb22e7d8000f07cea24bdc46e,15,0.12005346514915695,0.12934997556058897,0.19178198699142146,0.028633808635266107
rsn_ks,fair,0,dinov2_vitl14,rsn,main,4,leopard|lion|puma|serval,cheetah|jaguar|ocelot|tiger,dbab009632c44662a0b58e6433c1d122a0c56e88,6,0.15842380241800666,0.1394676177889373,0.2343683579199899,0.06971808024778309
rsn_ks,fair,0,dinov2_vitb14,rsn,main,5,cheetah|jaguar|leopard|lion|tiger,ocelot|puma|serval,425400a84cb7e7f2258970fb7949f6b197327ee5,10,0.12285477037938648,0.10643765633239427,0.22030609160030545,0.04555400850245135
rsn_ks,fair,1,dinov2_vitl14,rsn,main,6,cheetah|leopard|lion|ocelot|puma|serval,jaguar|tiger,21e96950c97b6b43f8244acd4e681bca81e845ca,15,0.13505833731773617,0.11971315747273892,0.21927365924533437,0.053768143438034044
rsn_ks,fair,0,dinov2_vitl14,rsn,main,4,leopard|lion|puma|tiger,cheetah|jaguar|ocelot|serval,ac619d1e2ea67664ed22d1acf6372b49b347db42,6,0.17940128489306098,0.167212170686729,0.29134081644621646,0.07454179021767231
rsn_ks,fair,1,dinov2_vitb14,rsn,main,7,cheetah|jaguar|leopard|lion|ocelot|puma|serval,tiger,ee357b199a95fb96f84ba43a3ba096776e9f8514,21,0.11097942156832476,0.10672619539054612,0.189154404525944,0.03657301852959544
rsn_ks,fair,0,dinov2_vitb14,rsn,main,5,cheetah|jaguar|leopard|ocelot|puma,lion|serval|tiger,87826e185d26cf5e6e6c6f07f5dd926879c9a6f7,10,0.0852872155497107,0.08537873520643027,0.12704621456752974,0.02883441463309772
rsn_ks,fair,0,dinov2_vitb14,rsn,main,5,cheetah|jaguar|leopard|ocelot|serval,lion|puma|tiger,3ae5d577805dd4761eb9f5d71ca9754f2530ae2f,10,0.10331411935177326,0.08990372804554456,0.17188389713591623,0.05502834244263129
rsn_ks,fair,0,dinov2_vitl14,rsn,main,4,leopard|lion|serval|tiger,cheetah|jaguar|ocelot|puma,d2be618fb79935cea15aa75b44e16a268f0f9548,6,0.17117256481892795,0.167212170686729,0.25975968452093373,0.0506859720832168
rsn_ks,fair,1,dinov2_vitl14,rsn,main,6,cheetah|leopard|lion|ocelot|puma|tiger,jaguar|serval,7854f5ef8df951ebe7d355caa807effec9c38eba,15,0.1616835589335663,0.14086276873352913,0.29876282637961454,0.05607365380582983
rsn_ks,fair,1,dinov2_vitb14,rsn,main,7,cheetah|jaguar|leopard|lion|ocelot|puma|tiger,serval,6a70e1a22ec770cd9ce280983d0a7c214eafb895,21,0.10605948882452094,0.08871760514860871,0.19178198699142146,0.026613489344813442
rsn_ks,fair,0,dinov2_vitb14,rsn,main,5,cheetah|jaguar|leopard|ocelot|tiger,lion|puma|serval,3b0ff06ced03ca6c58cb39f661fdd0ce91691155,10,0.08639711179458312,0.08693291229260605,0.11373114346824476,0.041187517764896694
rsn_ks,fair,0,dinov2_vitl14,rsn,main,4,leopard|ocelot|puma|serval,cheetah|jaguar|lion|tiger,bb0b833e6b07c3587110d891776d879557e64ff7,6,0.16800978969031477,0.15222630440298948,0.2343683579199899,0.07666576590047915
rsn_ks,fair,1,dinov2_vitl14,rsn,main,6,cheetah|leopard|lion|ocelot|serval|tiger,jaguar|puma,b11434c4e33fe9895701bede645cba655a7e84eb,15,0.16281627273259675,0.13657876165930294,0.29876282637961454,0.05354868014256254
rsn_ks,fair,1,dinov2_vitb14,rsn,main,7,cheetah|jaguar|leopard|lion|ocelot|serval|tiger,puma,2b0325b6d2160f7315cde227baa17d1398b27f38,21,0.11216351174563668,0.10415518310930165,0.19178198699142146,0.036676804446883066
rsn_ks,fair,0,dinov2_vitb14,rsn,main,5,cheetah|jaguar|leopard|puma|serval,lion|ocelot|tiger,e37a11691d9a723bbccb6d1b082e9df48df78ee8,10,0.1031451540972708,0.08834955095936878,0.17064936075813897,0.05400454756653478
rsn_ks,fair,0,dinov2_vitl14,rsn,main,4,leopard|ocelot|puma|tiger,cheetah|jaguar|lion|serval,8e69da84150e958aa0d00b7fb41cb567d2c03078,6,0.19013280341148664,0.18785696694017667,0.29134081644621646,0.08163117725953205
rsn_ks,fair,0,dinov2_vitb14,rsn,main,5,cheetah|jaguar|leopard|puma|tiger,lion|ocelot|serval,7bf6cd74015b95ac1cf9ccec5bc149eab3ab10e5,10,0.0885231136935502,0.08437254582325229,0.12704621456752974,0.04053534540207455
rsn_ks,fair,0,dinov2_vitl14,rsn,main,4,leopard|ocelot|serval|tiger,cheetah|jaguar|lion|puma,25293854826b28e4290cf91fd3b1cb66bd0afc0a,6,0.18099187270627629,0.1784634405577478,0.25975968452093373,0.06688614078592256
rsn_ks,fair,1,dinov2_vitb14,rsn,main,7,cheetah|jaguar|leopard|lion|puma|serval|tiger,ocelot,0559a5054502494a71c73257052f124d48898e28,21,0.11152815959627704,0.10672619539054612,0.19178198699142146,0.035891672903989376
rsn_ks,fair,1,dinov2_vitl14,rsn,main,6,cheetah|leopard|lion|puma|serval|tiger,jaguar|ocelot,49c2d942fc597042fc98d68ea816ab2828ec1d2c,15,0.17001831831158054,0.1416999903264023,0.29876282637961454,0.06127155304795914
rsn_ks,fair,0,dinov2_vitb14,rsn,main,5,cheetah|jaguar|leopard|serval|tiger,lion|ocelot|puma,cab0ceafdecfe674d4d8d4d113b23d5ebb1e814e,10,0.09603471554974118,0.09060023816449392,0.17064936075813897,0.05619087258610767
rsn_ks,fair,0,dinov2_vitl14,rsn,main,4,leopard|puma|serval|tiger,cheetah|jaguar|lion|ocelot,7d3d405b94d585081945710728cac3698066891b,6,0.2045365422847336,0.21633280286549575,0.29134081644621646,0.07825350954999274
rsn_ks,fair,1,dinov2_vitb14,rsn,main,7,cheetah|jaguar|leopard|ocelot|puma|serval|tiger,lion,d3803d65e43a42f080247d7103ada75b041fe96a,21,0.09805146325415501,0.09173473653289954,0.1507060781786942,0.0345633358478486
rsn_ks,fair,1,dinov2_vitl14,rsn,main,6,cheetah|leopard|ocelot|puma|serval|tiger,jaguar|lion,3d0c6e3b34abf803b9aabdf99026cb459fb7eb83,15,0.17316574599530818,0.14086276873352913,0.29876282637961454,0.06457659593142538
rsn_ks,fair,0,dinov2_vitb14,rsn,main,5,cheetah|jaguar|lion|ocelot|puma,leopard|serval|tiger,0d1ef792e5ef07895d8858e06134e801e5ddc3ad,10,0.11912334182297539,0.09813393093824999,0.22030609160030545,0.03851401979902313
rsn_ks,fair,0,dinov2_vitl14,rsn,main,4,lion|ocelot|puma|serval,cheetah|jaguar|leopard|tiger,feda7ceb1ad2807efb4458908cff0d54899f0527,6,0.13471689646647425,0.13306046329536608,0.15862963330449398,0.07425781657465742
rsn_ks,fair,0,dinov2_vitb14,rsn,main,5,cheetah|jaguar|lion|ocelot|serval,leopard|puma|tiger,95179be2d3874ef22b06b641208198de10e91432,10,0.1406152104427749,0.146208355554823,0.22030609160030545,0.05801932323972071
rsn_ks,fair,1,dinov2_vitb14,rsn,main,7,cheetah|jaguar|lion|ocelot|puma|serval|tiger,leopard,9f82a6db403f22a7fc6266076d85745865e8966d,21,0.11886224752732069,0.1256659515014783,0.19178198699142146,0.03697281802297387
rsn_ks,fair,0,dinov2_vitl14,rsn,main,4,lion|ocelot|puma|tiger,cheetah|jaguar|leopard|serval,7d250adea8e767695d40b97265f375ead36e7654,6,0.18296361312011608,0.16941103024673865,0.29134081644621646,0.08016510879823602
rsn_ks,fair,1,dinov2_vitl14,rsn,main,6,cheetah|lion|ocelot|puma|serval|tiger,jaguar|leopard,08def694925d6681c3ab721445c6591cc0a012ad,15,0.15816419865432677,0.1281802384852661,0.29876282637961454,0.06464464406867285
rsn_ks,fair,0,dinov2_vitb14,rsn,main,5,cheetah|jaguar|lion|ocelot|tiger,leopard|puma|serval,54d27a9bf42584f5228f602bffd3c3b6b1084b0a,10,0.13092898363314207,0.11265128760162738,0.22030609160030545,0.04658675134951426
rsn_ks,fair,0,dinov2_vitl14,rsn,main,4,lion|ocelot|serval|tiger,cheetah|jaguar|leopard|puma,74e277cf678a1abc1ae30acac7d87f2ca5e4201c,6,0.18288118769798256,0.17581435914824314,0.25975968452093373,0.07341794958467278
rsn_ks,fair,1,dinov2_vitb14,rsn,main,7,cheetah|leopard|lion|ocelot|puma|serval|tiger,jaguar,bf38d872fd8c8e42fb7b6c6602d57ffabcf5dd14,21,0.1135259660512592,0.10672619539054612,0.19178198699142146,0.029628781979913723
rsn_ks,fair,1,dinov2_vitl14,rsn,main,6,jaguar|leopard|lion|ocelot|puma|serval,cheetah|tiger,efedbd5514d00920ac2222e9c1d815bf6231fd7c,15,0.12933884697702913,0.11971315747273892,0.21927365924533437,0.05360039711246365
rsn_ks,fair,0,dinov2_vitb14,rsn,main,5,cheetah|jaguar|lion|puma|serval,leopard|ocelot|tiger,47c64bd18f0ce995c95e84a9ae260dfda7966a63,10,0.13442889840984903,0.13229761380301203,0.22030609160030545,0.05671637595369902
rsn_ks,fair,0,dinov2_vitl14,rsn,main,4,lion|puma|serval|tiger,cheetah|jaguar|leopard|ocelot,13ece32ec36e858d15c7d5546d2840230a88e681,6,0.18675858972578754,0.16525453209420063,0.29134081644621646,0.08315950379952829
rsn_ks,fair,1,dinov2_vitb14,rsn,main,7,jaguar|leopard|lion|ocelot|puma|serval|tiger,cheetah,5b976271d547e9375f4c1691137e18a7e2a4818f,21,0.11798941866158559,0.1256659515014783,0.19178198699142146,0.03555984916678866
rsn_ks,fair,0,dinov2_vitb14,rsn,main,5,cheetah|jaguar|lion|puma|tiger,leopard|ocelot|serval,07e131d028bacda7c777d81dd28e8e22a3c5836e,10,0.12703763875368573,0.11416498127071606,0.22030609160030545,0.04557418518600157
rsn_ks,fair,1,dinov2_vitl14,rsn,main,6,jaguar|leopard|lion|ocelot|puma|tiger,cheetah|serval,745dba89452f36dc478a4fa06de32c14f434d309,15,0.14245931449334873,0.14086276873352913,0.2761513048809956,0.055904379624099686
rsn_ks,fair,0,dinov2_vitl14,rsn,main,4,ocelot|puma|serval|tiger,cheetah|jaguar|leopard|lion,a5c27828410850bb41fc507ec526582f79e1abf0,6,0.20382567455806774,0.1942602958416812,0.29134081644621646,0.09147982143908674
rsn_ks,fair,0,dinov2_vitb14,rsn,main,5,cheetah|jaguar|lion|serval|tiger,leopard|ocelot|puma,cead628a458a5eee6376ba29bf54af1f572ab8d0,10,0.13801420542761364,0.13229761380301203,0.22030609160030545,0.057469384220264874
rsn_ks,fair,2,dinov2_vitb14,rsn,main,2,cheetah|jaguar,leopard|lion|ocelot|puma|serval|tiger,1f23f44369dad82d4e2a12b3ecc2722e67b617e9,1,0.11563785607406313,0.11563785607406313,0.11563785607406313,0.04077265896341201
rsn_ks,fair,1,dinov2_vitl14,rsn,main,6,jaguar|leopard|lion|ocelot|serval|tiger,cheetah|puma,7e6cdbf41762e6c325a28eda6124c9a97bdb06cb,15,0.14128325524031776,0.13657876165930294,0.2661037486442516,0.053230492963474874
rsn_ks,fair,0,dinov2_vitl14,rsn,main,5,cheetah|jaguar|leopard|lion|ocelot,puma|serval|tiger,ee7799a6d6772107ccd64adf1a26cb10c135bb11,10,0.12861810811428798,0.13041368100289638,0.22371607854033526,0.03651656897648774
rsn_ks,fair,2,dinov2_vitb14,rsn,main,2,cheetah|leopard,jaguar|lion|ocelot|puma|serval|tiger,227b9b3fe3d490296406710b4873229115f5e2da,1,0.05656231117890531,0.05656231117890531,0.05656231117890531,0.00604853221240718
rsn_ks,fair,0,dinov2_vitb14,rsn,main,5,cheetah|jaguar|ocelot|puma|serval,leopard|lion|tiger,e39d7940906a34e10788c9ff2345e768cf2861d1,10,0.11715843554405081,0.11263036194227441,0.17188389713591623,0.054647169516063146
rsn_ks,fair,2,dinov2_vitb14,rsn,main,2,cheetah|lion,jaguar|leopard|ocelot|puma|serval|tiger,da5a48b900dd432d232af185f9fb841e57198eb1,1,0.11671846725567775,0.11671846725567775,0.11671846725567775,0.015843845272965625
rsn_ks,fair,0,dinov2_vitl14,rsn,main,5,cheetah|jaguar|leopard|lion|puma,ocelot|serval|tiger,9c6352d2b47f79499e5bbe805227b8856e57c5c3,10,0.14273434986689315,0.13966933303813883,0.2343683579199899,0.04344915161513733
rsn_ks,fair,2,dinov2_vitb14,rsn,main,2,cheetah|ocelot,jaguar|leopard|lion|puma|serval|tiger,7d1e7d33fe8bf1f60cc689cccdd34fdd140ca966,1,0.07759776867841672,0.07759776867841672,0.07759776867841672,0.015014594991005105
rsn_ks,fair,1,dinov2_vitl14,rsn,main,6,jaguar|leopard|lion|puma|serval|tiger,cheetah|ocelot,d80d9e494ebea8b509b93edd4254ad9621bf8fef,15,0.1562302232388843,0.14414815368888223,0.2761513048809956,0.06101437733061898
rsn_ks,fair,0,dinov2_vitb14,rsn,main,5,cheetah|jaguar|ocelot|puma|tiger,leopard|lion|serval,22a853c05c78df6523fcb923b4345e01441f4c7b,10,0.09879570819783455,0.09867933925678143,0.12704621456752974,0.03942495973370798
rsn_ks,fair,2,dinov2_vitb14,rsn,main,2,cheetah|puma,jaguar|leopard|lion|ocelot|serval|tiger,d15bc2bfcfd63369b9d2377e9e3cd1017693282b,1,0.05430440772502171,0.05430440772502171,0.05430440772502171,0.005866554386670305
rsn_ks,fair,0,dinov2_vitl14,rsn,main,5,cheetah|jaguar|leopard|lion|serval,ocelot|puma|tiger,6419d34ff0b91d60c30483504674371745aa4886,10,0.14579927444793653,0.13966933303813883,0.22371607854033526,0.05804905778202381
rsn_ks,fair,2,dinov2_vitb14,rsn,main,2,cheetah|serval,jaguar|leopard|lion|ocelot|puma|tiger,670b506cca972dce2d592783506752615587dcf9,1,0.1026142374689315,0.1026142374689315,0.1026142374689315,0.03487506395387208
rsn_ks,fair,0,dinov2_vitb14,rsn,main,5,cheetah|jaguar|ocelot|serval|tiger,leopard|lion|puma,aaa6002e2c7701c62780e5a3eaeeb46085510f53,10,0.11409068351441849,0.10535780046577689,0.17188389713591623,0.058395328531868004
rsn_ks,fair,1,dinov2_vitl14,rsn,main,6,jaguar|leopard|ocelot|puma|serval|tiger,cheetah|lion,1620eaf0bdc15539774f69ff1a821289c3737f2d,15,0.15943484059605786,0.14414815368888223,0.2761513048809956,0.06435127215973592
rsn_ks,fair,2,dinov2_vitb14,rsn,main,2,cheetah|tiger,jaguar|leopard|lion|ocelot|puma|serval,49f1033a88d69f975375eb81c2b7cf3644f54bce,1,0.08915628861642555,0.08915628861642555,0.08915628861642555,0.013727210612515174
rsn_ks,fair,0,dinov2_vitl14,rsn,main,5,cheetah|jaguar|leopard|lion|tiger,ocelot|puma|serval,3968a714797b872e5473e53a8452967439faefdb,10,0.1602628103181827,0.14474689379232072,0.3014216731603594,0.06296796330809198
rsn_ks,fair,2,dinov2_vitb14,rsn,main,2,jaguar|leopard,cheetah|lion|ocelot|puma|serval|tiger,6c347194798e82e7e2e7a4f14ed1d02ec4ad28a1,1,0.08220486552962103,0.08220486552962103,0.08220486552962103,0.04680964722678617
rsn_ks,fair,0,dinov2_vitb14,rsn,main,5,cheetah|jaguar|puma|serval|tiger,leopard|lion|ocelot,f5b03c25dc4b9f9b260fc71004c0c4e05e012336,10,0.11400171991989397,0.11416498127071606,0.17064936075813897,0.057072086873937874
rsn_ks,fair,2,dinov2_vitb14,rsn,main,2,jaguar|lion,cheetah|leopard|ocelot|puma|serval|tiger,d1898a275f97a87a1de04c95a38214b754d78984,1,0.22578087970268734,0.22578087970268734,0.22578087970268734,0.0565799538294985
rsn_ks,fair,1,dinov2_vitl14,rsn,main,6,jaguar|lion|ocelot|puma|serval|tiger,cheetah|leopard,f7a538650eec674c03e8aee252d49a0dc037b3e9,15,0.15202427546569763,0.14086276873352913,0.2761513048809956,0.06445270983715233
rsn_ks,fair,2,dinov2_vitb14,rsn,main,2,jaguar|ocelot,cheetah|leopard|lion|puma|serval|tiger,615a05c35daea6b0a07828ae19d1446e78e9b27d,1,0.09701743947304464,0.09701743947304464,0.09701743947304464,0.025773842331070253
rsn_ks,fair,0,dinov2_vitl14,rsn,main,5,cheetah|jaguar|leopard|ocelot|puma,lion|serval|tiger,d4ce6afdf85b3cb40313d116f2adc9cc7916f807,10,0.14062236591085558,0.13962675995499702,0.2343683579199899,0.04391112589438859
rsn_ks,fair,0,dinov2_vitb14,rsn,main,5,cheetah|leopard|lion|ocelot|puma,jaguar|serval|tiger,d93a7ec0dd620ac95f0f2b98c2a9efd020a2e2f3,10,0.10745745618897411,0.08996833825624442,0.17413978092172566,0.02675374321300964
rsn_ks,fair,2,dinov2_vitb14,rsn,main,2,jaguar|puma,cheetah|leopard|lion|ocelot|serval|tiger,54b8423dc1aa16d7e4a0e27dba36608adf7166e7,1,0.14667384489306745,0.14667384489306745,0.14667384489306745,0.03491445594077407
rsn_ks,fair,0,dinov2_vitl14,rsn,main,5,cheetah|jaguar|leopard|ocelot|serval,lion|puma|tiger,809bed631e49f885abb8b6a0b069657dd0dc24dd,10,0.1431399641132526,0.14074953780584243,0.22371607854033526,0.06412412129168601
rsn_ks,fair,2,dinov2_vitb14,rsn,main,2,jaguar|serval,cheetah|leopard|lion|ocelot|puma|tiger,643ce9e6377fe967a34cc0e02f392c4393576c3f,1,0.15652055575229495,0.15652055575229495,0.15652055575229495,0.0755403084445148
rsn_ks,fair,0,dinov2_vitb14,rsn,main,5,cheetah|leopard|lion|ocelot|serval,jaguar|puma|tiger,dd231c58384d38d076b312dc9861608de98e51e9,10,0.12496043626646058,0.13229761380301203,0.17413978092172566,0.043455691073089976
rsn_ks,fair,1,dinov2_vitl14,rsn,main,6,leopard|lion|ocelot|puma|serval|tiger,cheetah|jaguar,3d5fe223f248faad9e7adad88865d52566b6ffa2,15,0.16246149290426612,0.14086276873352913,0.2761513048809956,0.062416298796441214
rsn_ks,fair,2,dinov2_vitb14,rsn,main,2,jaguar|tiger,cheetah|leopard|lion|ocelot|puma|serval,35b93fb6b8d14f264555a8b80e739c5a1c9df92c,1,0.10068015872983127,0.10068015872983127,0.10068015872983127,0.05446938334112744
rsn_ks,fair,0,dinov2_vitb14,rsn,main,5,cheetah|leopard|lion|ocelot|tiger,jaguar|puma|serval,eed8b4bffe865c1def3ab37878d3600e7f250527,10,0.1186754715882222,0.10535780046577689,0.18581947300395252,0.03164767750448004
rsn_ks,fair,0,dinov2_vitl14,rsn,main,5,cheetah|jaguar|leopard|ocelot|tiger,lion|puma|serval,244b0273c00ec1ebe70bdf361d9dad1064ea3845,10,0.15829081873116932,0.14074953780584243,0.3014216731603594,0.06903724588177967
rsn_ks,fair,2,dinov2_vitb14,rsn,main,2,leopard|lion,cheetah|jaguar|ocelot|puma|serval|tiger,705924fb7f9c5eae1d7c2074059a98a6ef666a9f,1,0.1665570105005913,0.1665570105005913,0.1665570105005913,0.009796251855049506
rsn_ks,fair,2,dinov2_vitb14,rsn,main,2,leopard|ocelot,cheetah|jaguar|lion|puma|serval|tiger,d09749c630dd9222af0589c4dcd31be85a01ffa0,1,0.08492962416949326,0.08492962416949326,0.08492962416949326,0.021061214502649358
rsn_ks,fair,1,dinov2_vitl14,rsn,main,7,cheetah|jaguar|leopard|lion|ocelot|puma|serval,tiger,1106352621ef3456ea6285d8d15171f67b67d025,21,0.1305095094233987,0.11971315747273892,0.21927365924533437,0.05071180412338284
rsn_ks,fair,0,dinov2_vitb14,rsn,main,5,cheetah|leopard|lion|puma|serval,jaguar|ocelot|tiger,b00e3e83ff4333c402c140d6f9cebfb55b3007e2,10,0.11611369078232348,0.11311565933058793,0.17413978092172566,0.04068232144936938
rsn_ks,fair,2,dinov2_vitb14,rsn,main,2,leopard|puma,cheetah|jaguar|lion|ocelot|serval|tiger,7a5a2fb2e94a837b2f3ebf6085b5fa1069517585,1,0.09358897764899876,0.09358897764899876,0.09358897764899876,0.011914663818632026
rsn_ks,fair,0,dinov2_vitl14,rsn,main,5,cheetah|jaguar|leopard|puma|serval,lion|ocelot|tiger,a7089e7636483953790575d3549a55ece2088f88,10,0.1568508196342926,0.15556874045748514,0.2343683579199899,0.07036707629717537
rsn_ks,fair,2,dinov2_vitb14,rsn,main,2,leopard|serval,cheetah|jaguar|lion|ocelot|puma|tiger,385d54ad0e8efcfb39c51456334dbfcca5d8a05a,1,0.08264700094521915,0.08264700094521915,0.08264700094521915,0.02883261377800613
rsn_ks,fair,2,dinov2_vitb14,rsn,main,2,leopard|tiger,cheetah|jaguar|lion|ocelot|puma|serval,a293a239f8d6b54c1ac66275324f69a8b96139c7,1,0.058954190751928245,0.058954190751928245,0.058954190751928245,0.0076793160096890615
rsn_ks,fair,0,dinov2_vitb14,rsn,main,5,cheetah|leopard|lion|puma|tiger,jaguar|ocelot|serval,39a95147010e32f994891cefca2de0625b85b668,10,0.11212369325755463,0.09859876087801234,0.18581947300395252,0.028622991617141755
rsn_ks,fair,1,dinov2_vitl14,rsn,main,7,cheetah|jaguar|leopard|lion|ocelot|puma|tiger,serval,f479b6fba4b640e4a49a0f3278ea11337fd7a886,21,0.14912656803291766,0.14086276873352913,0.29876282637961454,0.052910351284472364
rsn_ks,fair,0,dinov2_vitl14,rsn,main,5,cheetah|jaguar|leopard|puma|tiger,lion|ocelot|serval,8472dce08862ecea672423fe697156fd1af617c8,10,0.1802586254697526,0.165069982457622,0.3014216731603594,0.07512233469706729
rsn_ks,fair,2,dinov2_vitb14,rsn,main,2,lion|ocelot,cheetah|jaguar|leopard|puma|serval|tiger,40b1a56c15f959a578811833249d514975e669ec,1,0.15947246394489556,0.15947246394489556,0.15947246394489556,0.030851101128846273
rsn_ks,fair,0,dinov2_vitb14,rsn,main,5,cheetah|leopard|lion|serval|tiger,jaguar|ocelot|puma,de20ee16bcbf508405760abed10200d6d8301007,10,0.1191113713891695,0.11366106764911937,0.18581947300395252,0.03734619767181063
rsn_ks,fair,2,dinov2_vitb14,rsn,main,2,lion|puma,cheetah|jaguar|leopard|ocelot|serval|tiger,332607a957d81464c53cf9f9323773afa07536c2,1,0.09327003178460347,0.09327003178460347,0.09327003178460347,0.021708381892023558
rsn_ks,fair,0,dinov2_vitl14,rsn,main,5,cheetah|jaguar|leopard|serval|tiger,lion|ocelot|puma,90c1893ed3c3bbba3b9582dd691a21991e4f92e3,10,0.1783374446993205,0.17138504738650362,0.3014216731603594,0.06956077027059103
rsn_ks,fair,2,dinov2_vitb14,rsn,main,2,lion|serval,cheetah|jaguar|leopard|ocelot|puma|tiger,4afc8b6eebbe5fde3800ee5dfe86f87423ae338d,1,0.13896340115172123,0.13896340115172123,0.13896340115172123,0.01904174029194459
rsn_ks,fair,1,dinov2_vitl14,rsn,main,7,cheetah|jaguar|leopard|lion|ocelot|serval|tiger,puma,0da557fb85c6a9ba9ebaca206e1c393e1ab62246,21,0.1496418730324589,0.13657876165930294,0.29876282637961454,0.05320224782361237
rsn_ks,fair,0,dinov2_vitb14,rsn,main,5,cheetah|leopard|ocelot|puma|serval,jaguar|lion|tiger,357dacb1f55b6c12f1a40208a510472609dc9753,10,0.10206491303640441,0.08990372804554456,0.17188389713591623,0.043221740131512386
rsn_ks,fair,2,dinov2_vitb14,rsn,main,2,lion|tiger,cheetah|jaguar|leopard|ocelot|puma|serval,7dfb9dcc7a9f31a3a18f393405b65d5bd8276584,1,0.18827223884801092,0.18827223884801092,0.18827223884801092,0.002117095111279037
rsn_ks,fair,0,dinov2_vitl14,rsn,main,5,cheetah|jaguar|lion|ocelot|puma,leopard|serval|tiger,d78669c5e42a9bf58d74cdd3dd862232dc1e39ab,10,0.12080084945725884,0.11886392170106719,0.1630689497117945,0.02469043613545642
rsn_ks,fair,2,dinov2_vitb14,rsn,main,2,ocelot|puma,cheetah|jaguar|leopard|lion|serval|tiger,1a4190498db0547649ab586e5dd6c951aa9a83e9,1,0.0950413026436917,0.0950413026436917,0.0950413026436917,0.009148846470761094
rsn_ks,fair,0,dinov2_vitb14,rsn,main,5,cheetah|leopard|ocelot|puma|tiger,jaguar|lion|serval,b2f8b103b5f299988786bc986f9d40d5fc9a087d,10,0.08710344782158261,0.08804659766180517,0.11459881907318736,0.027680987563041992
rsn_ks,fair,1,dinov2_vitl14,rsn,main,7,cheetah|jaguar|leopard|lion|puma|serval|tiger,ocelot,1cab340c0fa0dd07fa8876e08bed2a1182f61176,21,0.1587541254405493,0.14414815368888223,0.29876282637961454,0.05942286097821872
rsn_ks,fair,2,dinov2_vitb14,rsn,main,2,ocelot|serval,cheetah|jaguar|leopard|lion|puma|tiger,8585c193f0d66fa730eed3f98efb46d103a5c73d,1,0.15286688750902244,0.15286688750902244,0.15286688750902244,0.049863548647548106
rsn_ks,fair,0,dinov2_vitl14,rsn,main,5,cheetah|jaguar|lion|ocelot|serval,leopard|puma|tiger,f1de563155636f884717f109fccfc24c89b2018f,10,0.12875355082950196,0.12800388249580347,0.17569907956955777,0.06146432743484821
rsn_ks,fair,0,dinov2_vitb14,rsn,main,5,cheetah|leopard|ocelot|serval|tiger,jaguar|lion|puma,b46b73b056becb462a80abb6d8ee644acf4794ee,10,0.09840953459585348,0.09060023816449392,0.17188389713591623,0.04375007688258149
rsn_ks,fair,2,dinov2_vitb14,rsn,main,2,ocelot|tiger,cheetah|jaguar|leopard|lion|puma|serval,17d57481c2a4f662ea221d97b349b6159b07935c,1,0.10846947883963548,0.10846947883963548,0.10846947883963548,0.028735882893579548
rsn_ks,fair,2,dinov2_vitb14,rsn,main,2,puma|serval,cheetah|jaguar|leopard|lion|ocelot|tiger,bc53bf0b2d7d01130e12c559b748b92bd7d68dbd,1,0.14051232645658884,0.14051232645658884,0.14051232645658884,0.04073328445476223
rsn_ks,fair,0,dinov2_vitl14,rsn,main,5,cheetah|jaguar|lion|ocelot|tiger,leopard|puma|serval,72c9801e36cd878e7d227f12a96c1aacf3de5a2f,10,0.1595786272069006,0.1429909704489939,0.3014216731603594,0.06718266202748185
rsn_ks,fair,0,dinov2_vitb14,rsn,main,5,cheetah|leopard|puma|serval|tiger,jaguar|lion|ocelot,2667db7bae836e3a431748075d0189738b6871f1,10,0.09566013755011772,0.09060023816449392,0.15196161293939836,0.0409601480984447
rsn_ks,fair,1,dinov2_vitl14,rsn,main,7,cheetah|jaguar|leopard|ocelot|puma|serval|tiger,lion,c7b3d13369f7fa6a2ece528af5c5a32a62607a12,21,0.16012962809862627,0.14414815368888223,0.29876282637961454,0.06194362531671776
rsn_ks,fair,2,dinov2_vitb14,rsn,main,2,puma|tiger,cheetah|jaguar|leopard|lion|ocelot|serval,8a913c8df6f54389e857d36008667f9691956031,1,0.11197759194097234,0.11197759194097234,0.11197759194097234,0.019592187212378757
rsn_ks,fair,2,dinov2_vitb14,rsn,main,2,serval|tiger,cheetah|jaguar|leopard|lion|ocelot|puma,5a1aa9e9e531dff142756a0c1e6915e8bb6bca73,1,0.10943136137852583,0.10943136137852583,0.10943136137852583,0.02115798245776819
rsn_ks,fair,0,dinov2_vitl14,rsn,main,5,cheetah|jaguar|lion|puma|serval,leopard|ocelot|tiger,13a9b9f3b950541eb670900e102c8fdff0ffed22,10,0.13066404582015054,0.13306046329536608,0.17569907956955777,0.06711736822820126
rsn_ks,fair,0,dinov2_vitb14,rsn,main,5,cheetah|lion|ocelot|puma|serval,jaguar|leopard|tiger,96f36e88147baf7b38cd2faccff18fd7f905954d,10,0.12671675527284817,0.13229761380301203,0.17188389713591623,0.045363947054348965
rsn_ks,fair,2,dinov2_vitb14,rsn,main,3,cheetah|jaguar|leopard,lion|ocelot|puma|serval|tiger,a79aeb70ea99fce276f40e1f768a2da9d4d7cd09,3,0.08480167759419649,0.08220486552962103,0.11563785607406313,0.041017315991383654
rsn_ks,fair,1,dinov2_vitl14,rsn,main,7,cheetah|jaguar|lion|ocelot|puma|serval|tiger,leopard,665044d86e7deb2a36d7a3a3050cfd611c8104d5,21,0.15063157582343875,0.13657876165930294,0.29876282637961454,0.06137945729778143
rsn_ks,fair,2,dinov2_vitb14,rsn,main,3,cheetah|jaguar|lion,leopard|ocelot|puma|serval|tiger,6811e23706622fa7ffcb46e014e1a063c45f0fa8,3,0.1527124010108094,0.11671846725567775,0.22578087970268734,0.04714916344200748
rsn_ks,fair,0,dinov2_vitb14,rsn,main,5,cheetah|lion|ocelot|puma|tiger,jaguar|leopard|serval,36e896b44345a50e7992470e92d1a974517c740c,10,0.1189860708055837,0.10535780046577689,0.18581947300395252,0.03291094580863743
rsn_ks,fair,0,dinov2_vitl14,rsn,main,5,cheetah|jaguar|lion|puma|tiger,leopard|ocelot|serval,e1f3e6617af29c5f01da75b9305a8b35ebc82e8d,10,0.16974607341509254,0.15556874045748514,0.3014216731603594,0.0726664007897362
rsn_ks,fair,2,dinov2_vitb14,rsn,main,3,cheetah|jaguar|ocelot,leopard|lion|puma|serval|tiger,0b3cebb2a3c6d09daa425b5f8d4bfbe7c82a5f96,3,0.09675102140850816,0.09701743947304464,0.11563785607406313,0.03351012007457297
rsn_ks,fair,0,dinov2_vitb14,rsn,main,5,cheetah|lion|ocelot|serval|tiger,jaguar|leopard|puma,26a320b1aba4b6a2138f6c0acb78f24419fc7fcd,10,0.13375712239759152,0.13229761380301203,0.18581947300395252,0.04423498507673583
rsn_ks,fair,0,dinov2_vitl14,rsn,main,5,cheetah|jaguar|lion|serval|tiger,leopard|ocelot|puma,927bdde46246307b7f282d66ae82fd7a1cad344a,10,0.17325999581450646,0.1575697732033126,0.3014216731603594,0.07258158951415396
rsn_ks,fair,2,dinov2_vitb14,rsn,main,3,cheetah|jaguar|puma,leopard|lion|ocelot|serval|tiger,da827fe6d9ff5fb889c823e24af0561d6ce4f715,3,0.1055387028973841,0.11563785607406313,0.14667384489306745,0.035583276590634066
rsn_ks,fair,1,dinov2_vitl14,rsn,main,7,cheetah|leopard|lion|ocelot|puma|serval|tiger,jaguar,ea912be29ab0a9b86564f336d460d1734668b2b1,21,0.1604811321213401,0.13657876165930294,0.29876282637961454,0.060514082242553856
rsn_ks,fair,2,dinov2_vitb14,rsn,main,3,cheetah|jaguar|serval,leopard|lion|ocelot|puma|tiger,8fd210e957ad7abf8854a769a2dbb82c1f61677a,3,0.1249242164317632,0.11563785607406313,0.15652055575229495,0.06163250575915065
rsn_ks,fair,0,dinov2_vitb14,rsn,main,5,cheetah|lion|puma|serval|tiger,jaguar|leopard|ocelot,8d71e025d95660214a61819c75a83d43179db027,10,0.12499037857343234,0.12138839258744116,0.18581947300395252,0.04107971947743408
rsn_ks,fair,0,dinov2_vitl14,rsn,main,5,cheetah|jaguar|ocelot|puma|serval,leopard|lion|tiger,e502dcb6ddec4a00b44c7cdae6b17f7194f64089,10,0.1323534016524257,0.14166647734894697,0.17569907956955777,0.0695580358222473
rsn_ks,fair,2,dinov2_vitb14,rsn,main,3,cheetah|jaguar|tiger,leopard|lion|ocelot|puma|serval,ba4ace0a989e30433a6f20966e6b1ae44e0e6f93,3,0.10182476780677331,0.10068015872983127,0.11563785607406313,0.04572603173662742
rsn_ks,fair,1,dinov2_vitl14,rsn,main,7,jaguar|leopard|lion|ocelot|puma|serval|tiger,cheetah,30b2940ca1b6c79a0ba0e055dcb640dd7e2e627a,21,0.1490331784165145,0.14086276873352913,0.2761513048809956,0.060323315956201655
rsn_ks,fair,0,dinov2_vitb14,rsn,main,5,cheetah|ocelot|puma|serval|tiger,jaguar|leopard|lion,c1a3b20be27cb5a6102e52e01b8a88baf4a04687,10,0.11250426980906847,0.10535780046577689,0.17188389713591623,0.04570255852396122
rsn_ks,fair,2,dinov2_vitb14,rsn,main,3,cheetah|leopard|lion,jaguar|ocelot|puma|serval|tiger,09a97332dd308a86a65c47874ee79ef1ab82ed02,3,0.11327926297839146,0.11671846725567775,0.1665570105005913,0.013081042462360153
rsn_ks,fair,0,dinov2_vitl14,rsn,main,5,cheetah|jaguar|ocelot|puma|tiger,leopard|lion|serval,7040e0a8ede731d7dc8b54a80ed339ca9d4b25f4,10,0.17212274799503824,0.15556874045748514,0.3014216731603594,0.07537712923025047
rsn_ks,fair,2,dinov2_vitb14,rsn,main,3,cheetah|leopard|ocelot,jaguar|lion|puma|serval|tiger,45ed9d8a30b1d439ecf40818a4c010e8cf76912e,3,0.07302990134227176,0.07759776867841672,0.08492962416949326,0.01763625279090006
rsn_ks,fair,2,dinov2_vitl14,rsn,main,2,cheetah|jaguar,leopard|lion|ocelot|puma|serval|tiger,d42326cb091748693b827363d526e5680291e06f,1,0.1145981082433497,0.1145981082433497,0.1145981082433497,0.022164971740993033
rsn_ks,fair,0,dinov2_vitb14,rsn,main,5,jaguar|leopard|lion|ocelot|puma,cheetah|serval|tiger,97562272c82eca3ab7579961b666ddabaf1f5a58,10,0.12171054418196214,0.09813393093824999,0.22030609160030545,0.0398534249814692
rsn_ks,fair,2,dinov2_vitb14,rsn,main,3,cheetah|leopard|puma,jaguar|lion|ocelot|serval|tiger,e11735273b10c59866a244178c85fb2d031b63ed,3,0.06815189885097526,0.05656231117890531,0.09358897764899876,0.009729833299442022
rsn_ks,fair,2,dinov2_vitl14,rsn,main,2,cheetah|leopard,jaguar|lion|ocelot|puma|serval|tiger,ac3e5b48e473fc6019bc43a94bb2893d9fc41910,1,0.20457512242717207,0.20457512242717207,0.20457512242717207,0.028335878185671282
rsn_ks,fair,0,dinov2_vitl14,rsn,main,5,cheetah|jaguar|ocelot|serval|tiger,leopard|lion|puma,d35d2afa307497614e705d70fa12ce586ac97544,10,0.17508934401580584,0.16285032425397172,0.3014216731603594,0.07936414667095175
rsn_ks,fair,2,dinov2_vitb14,rsn,main,3,cheetah|leopard|serval,jaguar|lion|ocelot|puma|tiger,60cd68de83e13d360f6267f742d523b195631543,3,0.08060784986435199,0.08264700094521915,0.1026142374689315,0.030728262082438167
rsn_ks,fair,0,dinov2_vitb14,rsn,main,5,jaguar|leopard|lion|ocelot|serval,cheetah|puma|tiger,f1c99733420502561494bde41e1007fc4bba28ba,10,0.1384334753093966,0.146208355554823,0.22030609160030545,0.056004464339870955
rsn_ks,fair,2,dinov2_vitl14,rsn,main,2,cheetah|lion,jaguar|leopard|ocelot|puma|serval|tiger,91a803bba003f7a8dd06e1729bc0114bea609ca4,1,0.09751425640546474,0.09751425640546474,0.09751425640546474,0.010266732163280392
rsn_ks,fair,2,dinov2_vitb14,rsn,main,3,cheetah|leopard|tiger,jaguar|lion|ocelot|puma|serval,54d5bc9d71c5b788349b8130015b5a4a01ee4341,3,0.06822426351575304,0.058954190751928245,0.08915628861642555,0.011244092656998935
rsn_ks,fair,2,dinov2_vitl14,rsn,main,2,cheetah|ocelot,jaguar|leopard|lion|puma|serval|tiger,22a5ebc9d36e620fb75b368736aba043be9fb240,1,0.0767081298232849,0.0767081298232849,0.0767081298232849,0.026878267151344004
rsn_ks,fair,0,dinov2_vitl14,rsn,main,5,cheetah|jaguar|puma|serval|tiger,leopard|lion|ocelot,633e891efcd7255e4bd7e12bc1c9c0877a2dd021,10,0.18485140399243252,0.165069982457622,0.3014216731603594,0.08556472312413746
rsn_ks,fair,0,dinov2_vitb14,rsn,main,5,jaguar|leopard|lion|ocelot|tiger,cheetah|puma|serval,45aaa13b6ff67cd45697fad2889545acdcdfc62d,10,0.1293600685926839,0.11265128760162738,0.22030609160030545,0.04567152405568956
rsn_ks,fair,2,dinov2_vitb14,rsn,main,3,cheetah|lion|ocelot,jaguar|leopard|puma|serval|tiger,51443bb138cda2a77b88c2de6f871a648ea7f578,3,0.11792956662633002,0.11671846725567775,0.15947246394489556,0.025208289419377788
rsn_ks,fair,2,dinov2_vitl14,rsn,main,2,cheetah|puma,jaguar|leopard|lion|ocelot|serval|tiger,c08d662006077735c9d6511ea25364b462e515e5,1,0.08368266012842465,0.08368266012842465,0.08368266012842465,0.035374488946668635
rsn_ks,fair,2,dinov2_vitl14,rsn,main,2,cheetah|serval,jaguar|leopard|lion|ocelot|puma|tiger,a0beb55dc275d402e6cbe697fcb98d65701228dc,1,0.09205735433112427,0.09205735433112427,0.09205735433112427,0.04670559588174003
rsn_ks,fair,0,dinov2_vitl14,rsn,main,5,cheetah|leopard|lion|ocelot|puma,jaguar|serval|tiger,8073a5f9eec6758478d3d9a4ec41859aff7c8e56,10,0.14476260313321357,0.13567197705166054,0.2343683579199899,0.04425164315901718
rsn_ks,fair,0,dinov2_vitb14,rsn,main,5,jaguar|leopard|lion|puma|serval,cheetah|ocelot|tiger,98695cb48a601df40250c0dec2bd40dccb356008,10,0.1337525447840521,0.1317317380359294,0.22030609160030545,0.05428726689075414
rsn_ks,fair,2,dinov2_vitb14,rsn,main,3,cheetah|lion|puma,jaguar|leopard|ocelot|serval|tiger,158dd3fc326bd7627a7f338f14ca89b08d7cc5ff,3,0.08809763558843431,0.09327003178460347,0.11671846725567775,0.018423190882298556
rsn_ks,fair,2,dinov2_vitl14,rsn,main,2,cheetah|tiger,jaguar|leopard|lion|ocelot|puma|serval,c952f6b523189cb935055c5724e934d3b3c85ca8,1,0.26532606504649314,0.26532606504649314,0.26532606504649314,0.05608706072809609
rsn_ks,fair,2,dinov2_vitb14,rsn,main,3,cheetah|lion|serval,jaguar|leopard|ocelot|puma|tiger,430fa896fbe344f8b999fe0898234c1b8c80c9a4,3,0.11943203529211016,0.11671846725567775,0.13896340115172123,0.02856785114805645
rsn_ks,fair,0,dinov2_vitl14,rsn,main,5,cheetah|leopard|lion|ocelot|serval,jaguar|puma|tiger,fd2695697fe8ab3808d2c7c4527ae2582e70330e,10,0.14784518050878154,0.13567197705166054,0.22371607854033526,0.05950897695950295
rsn_ks,fair,2,dinov2_vitl14,rsn,main,2,jaguar|leopard,cheetah|lion|ocelot|puma|serval|tiger,671c34049fcbca04aadaf9eaf90b190c0c35606e,1,0.09560163059905727,0.09560163059905727,0.09560163059905727,0.05046915207220366
rsn_ks,fair,0,dinov2_vitb14,rsn,main,5,jaguar|leopard|lion|puma|tiger,cheetah|ocelot|serval,95d7c7de5712e963ce9e7d7bc8c51846fb4da898,10,0.12697410522080896,0.11416498127071606,0.22030609160030545,0.04416227539426652
rsn_ks,fair,2,dinov2_vitb14,rsn,main,3,cheetah|lion|tiger,jaguar|leopard|ocelot|puma|serval,af7e40b8bcec3e985e8b8f3ab0fbd4a185c6a8e3,3,0.1313823315733714,0.11671846725567775,0.18827223884801092,0.013982012923293262
rsn_ks,fair,2,dinov2_vitl14,rsn,main,2,jaguar|lion,cheetah|leopard|ocelot|puma|serval|tiger,ffab93a28caf7fb175f1348cad711b3bee4e742d,1,0.08783422279179343,0.08783422279179343,0.08783422279179343,0.011900947779147427
rsn_ks,fair,0,dinov2_vitb14,rsn,main,5,jaguar|leopard|lion|serval|tiger,cheetah|ocelot|puma,6df0c891a048152d3a5657454631184b569124b4,10,0.13318173440237177,0.12507420248628692,0.22030609160030545,0.05356292005863083
rsn_ks,fair,2,dinov2_vitl14,rsn,main,2,jaguar|ocelot,cheetah|leopard|lion|puma|serval|tiger,e7a6d5529dd5301441a7ee1d28e5b7a7fbe7fdf0,1,0.07437880781382256,0.07437880781382256,0.07437880781382256,0.004716105058386374
rsn_ks,fair,2,dinov2_vitb14,rsn,main,3,cheetah|ocelot|puma,jaguar|leopard|lion|serval|tiger,136c8632f6c4badf35fb9f150c23c2c8faf166c3,3,0.07564782634904338,0.07759776867841672,0.0950413026436917,0.012337323117950615
rsn_ks,fair,0,dinov2_vitl14,rsn,main,5,cheetah|leopard|lion|ocelot|tiger,jaguar|puma|serval,4b73e4e9c07b96a0111ecee04092e1ad9bc37e3f,10,0.17029765532307597,0.13966933303813883,0.3014216731603594,0.06438288595290347
rsn_ks,fair,2,dinov2_vitb14,rsn,main,3,cheetah|ocelot|serval,jaguar|leopard|lion|puma|tiger,fcbf98836f4ae5dae6dfe6ca9baa29453323fcea,3,0.11102629788545688,0.1026142374689315,0.15286688750902244,0.042182024954648435
rsn_ks,fair,2,dinov2_vitl14,rsn,main,2,jaguar|puma,cheetah|leopard|lion|ocelot|serval|tiger,30a68abffe27b8837b7cdcb8e602940176c874e8,1,0.1532375020786545,0.1532375020786545,0.1532375020786545,0.013219882579131533
rsn_ks,fair,0,dinov2_vitb14,rsn,main,5,jaguar|leopard|ocelot|puma|serval,cheetah|lion|tiger,9ec571bd474774c92bfae07ca0d4f266a8cccfc3,10,0.1153308319309354,0.09427520554076349,0.17188389713591623,0.054098527134684285
rsn_ks,fair,2,dinov2_vitl14,rsn,main,2,jaguar|serval,cheetah|leopard|lion|ocelot|puma|tiger,1a9ccb27280567d841ae984247f4ddda1bf7bf96,1,0.17716803619803356,0.17716803619803356,0.17716803619803356,0.06879934460017634
rsn_ks,fair,0,dinov2_vitl14,rsn,main,5,cheetah|leopard|lion|puma|serval,jaguar|ocelot|tiger,a77e32392dcce58c615a42115a013e41b8436eea,10,0.15167466136556165,0.1377116944456105,0.2343683579199899,0.06669223714176904
rsn_ks,fair,2,dinov2_vitb14,rsn,main,3,cheetah|ocelot|tiger,jaguar|leopard|lion|puma|serval,8de300a84f40fbc6d10f6d3ed5c12097401def52,3,0.09174117871149258,0.08915628861642555,0.10846947883963548,0.023459533206041005
rsn_ks,fair,2,dinov2_vitl14,rsn,main,2,jaguar|tiger,cheetah|leopard|lion|ocelot|puma|serval,77a614b3b6ed367b431ccd88b08c6bbe56becaef,1,0.16879215410275525,0.16879215410275525,0.16879215410275525,0.07815487282307969
rsn_ks,fair,2,dinov2_vitb14,rsn,main,3,cheetah|puma|serval,jaguar|leopard|lion|ocelot|tiger,d84eaa77928c0c63e1545296fa0bf49fbc6b34d3,3,0.09914365721684736,0.1026142374689315,0.14051232645658884,0.03638961098396568
rsn_ks,fair,0,dinov2_vitb14,rsn,main,5,jaguar|leopard|ocelot|puma|tiger,cheetah|lion|serval,7a981dfa81c9a4c3f21b691f372a5b0479751957,10,0.09758092467763929,0.09427520554076349,0.12704621456752974,0.040615776113032145
rsn_ks,fair,2,dinov2_vitl14,rsn,main,2,leopard|lion,cheetah|jaguar|ocelot|puma|serval|tiger,51cd1967b5326b5cedf2c10e02d134414a0d8188,1,0.14371984065659826,0.14371984065659826,0.14371984065659826,0.038591383464390235
rsn_ks,fair,0,dinov2_vitl14,rsn,main,5,cheetah|leopard|lion|puma|tiger,jaguar|ocelot|serval,495b8db095646bc3d961690d3d530b7ca8e68870,10,0.18238408739739942,0.167212170686729,0.3014216731603594,0.07132850509746731
rsn_ks,fair,2,dinov2_vitb14,rsn,main,3,cheetah|puma|tiger,jaguar|leopard|lion|ocelot|serval,f7361b8c2a0f13c3df0951a25e7d49fca5c8ad76,3,0.08514609609413987,0.08915628861642555,0.11197759194097234,0.01648182203644391
rsn_ks,fair,2,dinov2_vitl14,rsn,main,2,leopard|ocelot,cheetah|jaguar|lion|puma|serval|tiger,7dbc653f317537fd94169f9a5959877f47b30364,1,0.15288754649439273,0.15288754649439273,0.15288754649439273,0.055172125181443085
rsn_ks,fair,0,dinov2_vitb14,rsn,main,5,jaguar|leopard|ocelot|serval|tiger,cheetah|lion|puma,df4cb3b87e4796a0175f192bfe2ef1152b5bf65c,10,0.10810696250185817,0.09460415215144938,0.17188389713591623,0.0563181683390812
rsn_ks,fair,2,dinov2_vitb14,rsn,main,3,cheetah|serval|tiger,jaguar|leopard|lion|ocelot|puma,8ed9b755ece7b133b60a62893720a588f96af28a,3,0.10040062915462762,0.1026142374689315,0.10943136137852583,0.02880148441417583
rsn_ks,fair,2,dinov2_vitl14,rsn,main,2,leopard|puma,cheetah|jaguar|lion|ocelot|serval|tiger,9b30e668ad6a29ab9c5964ba4deb5bf0c0c08a66,1,0.23462791136701105,0.23462791136701105,0.23462791136701105,0.06364656989766633
rsn_ks,fair,0,dinov2_vitl14,rsn,main,5,cheetah|leopard|lion|serval|tiger,jaguar|ocelot|puma,5e5988c3cdcebb0544ae4602cf817731d14f753c,10,0.1810278858001382,0.167212170686729,0.3014216731603594,0.06168291865048541
rsn_ks,fair,0,dinov2_vitb14,rsn,main,5,jaguar|leopard|puma|serval|tiger,cheetah|lion|ocelot,a21f239a3a4972a461686941668ea19f7a6feb2a,10,0.10952338041491501,0.10236246922706221,0.17064936075813897,0.054581941464418256
rsn_ks,fair,2,dinov2_vitb14,rsn,main,3,jaguar|leopard|lion,cheetah|ocelot|puma|serval|tiger,7944883d48bdd6c1d966f0e1fbf5642d4e028fec,3,0.15818091857763322,0.1665570105005913,0.22578087970268734,0.04864374666375362
rsn_ks,fair,2,dinov2_vitl14,rsn,main,2,leopard|serval,cheetah|jaguar|lion|ocelot|puma|tiger,86b861a0432298d60e531a4396d3a2612d802368,1,0.21013115857638587,0.21013115857638587,0.21013115857638587,0.018394061207397953
rsn_ks,fair,2,dinov2_vitb14,rsn,main,3,jaguar|leopard|ocelot,cheetah|lion|puma|serval|tiger,a62db9fa23706d669dfab9090aca5f2dc34f6809,3,0.0880506430573863,0.08492962416949326,0.09701743947304464,0.038211926919515735
rsn_ks,fair,2,dinov2_vitl14,rsn,main,2,leopard|tiger,cheetah|jaguar|lion|ocelot|puma|serval,35a424a512d0484794bd196c5d404ce66d2a649c,1,0.09083494458988528,0.09083494458988528,0.09083494458988528,0.027795357039630993
rsn_ks,fair,0,dinov2_vitl14,rsn,main,5,cheetah|leopard|ocelot|puma|serval,jaguar|lion|tiger,02bb945c213c14ac8c33a4bfab9dbabf75b254e2,10,0.15451886898579356,0.14166647734894697,0.2343683579199899,0.07136185947888168
rsn_ks,fair,0,dinov2_vitb14,rsn,main,5,jaguar|lion|ocelot|puma|serval,cheetah|leopard|tiger,4d4f8de0f0a41e9eaf63d41e496f66afa081cbdc,10,0.14208676517519425,0.14418943722186373,0.22030609160030545,0.05682658827348383
rsn_ks,fair,2,dinov2_vitl14,rsn,main,2,lion|ocelot,cheetah|jaguar|leopard|puma|serval|tiger,f3bd2e2be3db9a9bb2ecef1915c2bca37ed08059,1,0.10399985954056834,0.10399985954056834,0.10399985954056834,0.016616120239174977
rsn_ks,fair,2,dinov2_vitb14,rsn,main,3,jaguar|leopard|puma,cheetah|lion|ocelot|serval|tiger,d468fcfb8b99c8aaf1cb3ea1249d689c7dc8644e,3,0.10748922935722909,0.09358897764899876,0.14667384489306745,0.0393311257840822
rsn_ks,fair,2,dinov2_vitb14,rsn,main,3,jaguar|leopard|serval,cheetah|lion|ocelot|puma|tiger,b9697440957a3cd1ba587d2df963ba0eb76e4ce4,3,0.10712414074237837,0.08264700094521915,0.15652055575229495,0.06178212608203522
rsn_ks,fair,2,dinov2_vitl14,rsn,main,2,lion|puma,cheetah|jaguar|leopard|ocelot|serval|tiger,621c276ee42c7aa98d75b1660681d8c8a0a97d34,1,0.10026969153917853,0.10026969153917853,0.10026969153917853,0.02511687874154246
rsn_ks,fair,0,dinov2_vitl14,rsn,main,5,cheetah|leopard|ocelot|puma|tiger,jaguar|lion|serval,92e77f785ae67fd507a2288cc4cfd2e2c5084b3f,10,0.18591561376530188,0.18476952702091012,0.3014216731603594,0.07611586691564388
rsn_ks,fair,0,dinov2_vitb14,rsn,main,5,jaguar|lion|ocelot|puma|tiger,cheetah|leopard|serval,bd8ed9a6f912ed63389f42aa96f4773bbd55e4fe,10,0.13156763866945548,0.11416498127071606,0.22030609160030545,0.04567299751193037
rsn_ks,fair,2,dinov2_vitb14,rsn,main,3,jaguar|leopard|tiger,cheetah|lion|ocelot|puma|serval,db791ee7b8245f9368f067e09c109bdc7c0ca9eb,3,0.08061307167046018,0.08220486552962103,0.10068015872983127,0.04740966500360371
rsn_ks,fair,2,dinov2_vitl14,rsn,main,2,lion|serval,cheetah|jaguar|leopard|ocelot|puma|tiger,ee1f605658b4513ea68d1b89f95f9fd7e58205ba,1,0.12897730706754296,0.12897730706754296,0.12897730706754296,0.05694502211859931
rsn_ks,fair,0,dinov2_vitl14,rsn,main,5,cheetah|leopard|ocelot|serval|tiger,jaguar|lion|puma,435c8952d0af4c323ec637c4e069bfca44473791,10,0.1840120857893943,0.1784634405577478,0.3014216731603594,0.07122869335436954
rsn_ks,fair,0,dinov2_vitb14,rsn,main,5,jaguar|lion|ocelot|serval|tiger,cheetah|leopard|puma,a8393497f6c7667c4ae3eafec6ccae969b814d00,10,0.14555864131141127,0.146208355554823,0.22030609160030545,0.057612877801952574
rsn_ks,fair,2,dinov2_vitl14,rsn,main,2,lion|tiger,cheetah|jaguar|leopard|ocelot|puma|serval,d3144186a16a16c3d96c7f43d0ec7c6fe554fca7,1,0.1876735466908236,0.1876735466908236,0.1876735466908236,0.06631560632072557
rsn_ks,fair,2,dinov2_vitb14,rsn,main,3,jaguar|lion|ocelot,cheetah|leopard|puma|serval|tiger,af4395b91056d1efe82cc2ee4a28079f156e1e87,3,0.16075692770687586,0.15947246394489556,0.22578087970268734,0.04640702843329895
rsn_ks,fair,2,dinov2_vitl14,rsn,main,2,ocelot|puma,cheetah|jaguar|leopard|lion|serval|tiger,027a98d1ab0281a0d6959d6b7c38ab7f5eed8aac,1,0.13654878963560463,0.13654878963560463,0.13654878963560463,0.008504307733335003
rsn_ks,fair,2,dinov2_vitb14,rsn,main,3,jaguar|lion|puma,cheetah|leopard|ocelot|serval|tiger,d7867cf65210f1ef5f067e4a252119c6666966f9,3,0.15524158546011943,0.14667384489306745,0.22578087970268734,0.04634391898567801
rsn_ks,fair,0,dinov2_vitb14,rsn,main,5,jaguar|lion|puma|serval|tiger,cheetah|leopard|ocelot,1b149bc56990a2b73dcdeb9d0741af9efefd3ff2,10,0.14095771244604466,0.1317317380359294,0.22030609160030545,0.05560568228160542
rsn_ks,fair,0,dinov2_vitl14,rsn,main,5,cheetah|leopard|puma|serval|tiger,jaguar|lion|ocelot,8bc76f0f7c5edaab1615200507229aee92bef008,10,0.19569313163215252,0.21100666317566844,0.3014216731603594,0.07902468258772127
rsn_ks,fair,2,dinov2_vitl14,rsn,main,2,ocelot|serval,cheetah|jaguar|leopard|lion|puma|tiger,8c36612db83dad4c1d38e105190171294e1e4b3b,1,0.1553363065789034,0.1553363065789034,0.1553363065789034,0.07349160420982667
rsn_ks,fair,2,dinov2_vitb14,rsn,main,3,jaguar|lion|serval,cheetah|leopard|ocelot|puma|tiger,ab5300a4b5e4a0e57ec56d0bb0c2b13e6136d01f,3,0.17375494553556783,0.15652055575229495,0.22578087970268734,0.0631453657353974
rsn_ks,fair,2,dinov2_vitl14,rsn,main,2,ocelot|tiger,cheetah|jaguar|leopard|lion|puma|serval,fc6617dbcd355fae6a054befe45ef2111892b82d,1,0.23879864977929086,0.23879864977929086,0.23879864977929086,0.08284044400460863
rsn_ks,fair,0,dinov2_vitb14,rsn,main,5,jaguar|ocelot|puma|serval|tiger,cheetah|leopard|lion,6d342fce01c98e21c3cf3c479ca7cb00f7c2c319,10,0.12409866857448322,0.11416498127071606,0.17188389713591623,0.05718340665534159
rsn_ks,fair,2,dinov2_vitb14,rsn,main,3,jaguar|lion|tiger,cheetah|leopard|ocelot|puma|serval,d456ba6c5123359537ca13c50977f41be1352b96,3,0.17157775909350984,0.18827223884801092,0.22578087970268734,0.05143015698887838
rsn_ks,fair,0,dinov2_vitl14,rsn,main,5,cheetah|lion|ocelot|puma|serval,jaguar|leopard|tiger,a456ef1771c8ff9f9029bf7a878138ade5791701,10,0.12596286616693692,0.12800388249580347,0.15862963330449398,0.06795370886373323
rsn_ks,fair,2,dinov2_vitl14,rsn,main,2,puma|serval,cheetah|jaguar|leopard|lion|ocelot|tiger,98fcdffdd54baf7aa153901b8b8a3b7f351788b6,1,0.1231765323162769,0.1231765323162769,0.1231765323162769,0.08194469689945767
rsn_ks,fair,2,dinov2_vitb14,rsn,main,3,jaguar|ocelot|puma,cheetah|leopard|lion|serval|tiger,eb95e7e1a5154725e744498cc0c1eea34109f5e7,3,0.11291086233660126,0.09701743947304464,0.14667384489306745,0.029348570733503474
rsn_ks,fair,0,dinov2_vitb14,rsn,main,5,leopard|lion|ocelot|puma|serval,cheetah|jaguar|tiger,d63792cace7bbf1d89e6c7c1a7e93adb236c2755,10,0.12397554081866438,0.11723530703190499,0.17413978092172566,0.04089942266584126
rsn_ks,fair,2,dinov2_vitl14,rsn,main,2,puma|tiger,cheetah|jaguar|leopard|lion|ocelot|serval,44934129f143907ca1a14a597a0abefd3db3d888,1,0.2784519725824885,0.2784519725824885,0.2784519725824885,0.09128044460734057
rsn_ks,fair,2,dinov2_vitb14,rsn,main,3,jaguar|ocelot|serval,cheetah|leopard|lion|puma|tiger,0a6c9f450f962eb643d7fc895bac9a03234e3be4,3,0.13546829424478735,0.15286688750902244,0.15652055575229495,0.06350620141529276
rsn_ks,fair,0,dinov2_vitl14,rsn,main,5,cheetah|lion|ocelot|puma|tiger,jaguar|leopard|serval,c665f00cddbfd46b4460a44e9b18850936418745,10,0.17303383270592723,0.1418681925981485,0.3014216731603594,0.07350665839929427
rsn_ks,fair,2,dinov2_vitl14,rsn,main,2,serval|tiger,cheetah|jaguar|leopard|lion|ocelot|puma,0b2e68c899f5e01bef062dbfce0feb9a53938793,1,0.25638636298925016,0.25638636298925016,0.25638636298925016,0.009406104886762915
rsn_ks,fair,2,dinov2_vitb14,rsn,main,3,jaguar|ocelot|tiger,cheetah|leopard|lion|puma|serval,f0dcf8e57cd38274610685927ab5a9be5fe2ac52,3,0.10205569234750379,0.10068015872983127,0.10846947883963548,0.04458928208973749
rsn_ks,fair,0,dinov2_vitb14,rsn,main,5,leopard|lion|ocelot|puma|tiger,cheetah|jaguar|serval,108ba7def75ca0289868392765e8dcf8c187aaf5,10,0.11685767644432002,0.10481239214724544,0.18581947300395252,0.02887578186182842
rsn_ks,fair,2,dinov2_vitl14,rsn,main,3,cheetah|jaguar|leopard,lion|ocelot|puma|serval|tiger,79553bdd3df18f2467ce2d8af48e235ae4774adf,3,0.13825828708985968,0.1145981082433497,0.20457512242717207,0.04145874397655425
rsn_ks,fair,0,dinov2_vitl14,rsn,main,5,cheetah|lion|ocelot|serval|tiger,jaguar|leopard|puma,963c1c8d02b169fb5779d58509cab346061a7bc8,10,0.17656540789986572,0.148271521499653,0.3014216731603594,0.07403686738331729
rsn_ks,fair,2,dinov2_vitb14,rsn,main,3,jaguar|puma|serval,cheetah|leopard|lion|ocelot|tiger,ba4cedbcf22b4e9d99cbc04b6e30c91edd543362,3,0.14790224236731708,0.14667384489306745,0.15652055575229495,0.06199183527077019
rsn_ks,fair,2,dinov2_vitl14,rsn,main,3,cheetah|jaguar|lion,leopard|ocelot|puma|serval|tiger,fe3e8e19a65c94d42f5df21ef8e648d13cc363ad,3,0.09998219581353596,0.09751425640546474,0.1145981082433497,0.018101091579524806
rsn_ks,fair,0,dinov2_vitb14,rsn,main,5,leopard|lion|ocelot|serval|tiger,cheetah|jaguar|puma,d44668fff9f32af32d24590683bca2f6db03ee34,10,0.12685979054396276,0.12399434661966954,0.18581947300395252,0.03763063217271697
rsn_ks,fair,2,dinov2_vitb14,rsn,main,3,jaguar|puma|tiger,cheetah|leopard|lion|ocelot|serval,6c41f3c21cf7773753609b4ac8968a463fd862ff,3,0.11977719852129036,0.11197759194097234,0.14667384489306745,0.04474924455666525
rsn_ks,fair,2,dinov2_vitl14,rsn,main,3,cheetah|jaguar|ocelot,leopard|lion|puma|serval|tiger,25dc3cc53309b9d0c22c73e23ac45d85155422e0,3,0.08856168196015239,0.0767081298232849,0.1145981082433497,0.02361026652140252
rsn_ks,fair,0,dinov2_vitl14,rsn,main,5,cheetah|lion|puma|serval|tiger,jaguar|leopard|ocelot,8c4c6efcc97e2da44a5825023ec30ff064a501fe,10,0.1764460932122326,0.1377116944456105,0.3014216731603594,0.08101424923230782
rsn_ks,fair,2,dinov2_vitb14,rsn,main,3,jaguar|serval|tiger,cheetah|leopard|lion|ocelot|puma,6890182f872c22cac996d908f8d2ae2a8a4d2df5,3,0.12221069195355068,0.10943136137852583,0.15652055575229495,0.06273514261933548
rsn_ks,fair,0,dinov2_vitb14,rsn,main,5,leopard|lion|puma|serval|tiger,cheetah|jaguar|ocelot,0d62422fafdc083d50d653b2da33e7f648698c9c,10,0.11959842822738495,0.10632608581633413,0.18581947300395252,0.033353420601990806
rsn_ks,fair,2,dinov2_vitl14,rsn,main,3,cheetah|jaguar|puma,leopard|lion|ocelot|serval|tiger,26da407023798b501c0faf7ea74ac22bac789cce,3,0.11717275681680961,0.1145981082433497,0.1532375020786545,0.029323455765396217
rsn_ks,fair,2,dinov2_vitb14,rsn,main,3,leopard|lion|ocelot,cheetah|jaguar|puma|serval|tiger,a15fad196ed42237bb7c838eb60ea3bdc7c792d9,3,0.13698636620499338,0.15947246394489556,0.1665570105005913,0.025611222187979413
rsn_ks,fair,0,dinov2_vitl14,rsn,main,5,cheetah|ocelot|puma|serval|tiger,jaguar|leopard|lion,07ff38e3d5da71e75101912543077a9410466b4d,10,0.18377895936844776,0.15222630440298948,0.3014216731603594,0.08664634920962223
rsn_ks,fair,2,dinov2_vitl14,rsn,main,3,cheetah|jaguar|serval,leopard|lion|ocelot|puma|tiger,75989d8e4a5ab09244e47c247ab170cefc8e7782,3,0.12794116625750251,0.1145981082433497,0.17716803619803356,0.05806982632662902
rsn_ks,fair,0,dinov2_vitb14,rsn,main,5,leopard|ocelot|puma|serval|tiger,cheetah|jaguar|lion,0a0c95bf926033a803fbdd58379e11b209c37747,10,0.10596106947570268,0.09066484837519379,0.17188389713591623,0.04117804117871943
rsn_ks,fair,2,dinov2_vitb14,rsn,main,3,leopard|lion|puma,cheetah|jaguar|ocelot|serval|tiger,4954c31f478343b8b45a5766045e0d6dab8297f5,3,0.11780533997806451,0.09358897764899876,0.1665570105005913,0.01773593119219689
rsn_ks,fair,2,dinov2_vitl14,rsn,main,3,cheetah|jaguar|tiger,leopard|lion|ocelot|puma|serval,547d94da6e54eab330b02a09634e5857f67e2ca3,3,0.18290544246419937,0.16879215410275525,0.26532606504649314,0.0668861708433134
rsn_ks,fair,2,dinov2_vitb14,rsn,main,3,leopard|lion|serval,cheetah|jaguar|ocelot|puma|tiger,b0e0664f3c68eca767696e96a389ffd903c39445,3,0.12938913753251055,0.13896340115172123,0.1665570105005913,0.02405134937434546
rsn_ks,fair,0,dinov2_vitl14,rsn,main,5,jaguar|leopard|lion|ocelot|puma,cheetah|serval|tiger,8a5d4129579f536c1eb2d56249a3a443d0221163,10,0.1321234808379394,0.13041368100289638,0.2343683579199899,0.04483798123185369
rsn_ks,fair,0,dinov2_vitb14,rsn,main,5,lion|ocelot|puma|serval|tiger,cheetah|jaguar|leopard,2de61f472a0eba6e8996733e32fe3bb11d8fe5fc,10,0.1307634994306979,0.12550804028875823,0.18581947300395252,0.04132168150888467
rsn_ks,fair,2,dinov2_vitl14,rsn,main,3,cheetah|leopard|lion,jaguar|ocelot|puma|serval|tiger,a7b8a4b3012377d679e6311e4248b016d343b97f,3,0.14860307316307836,0.14371984065659826,0.20457512242717207,0.03291728031996641
rsn_ks,fair,2,dinov2_vitb14,rsn,main,3,leopard|lion|tiger,cheetah|jaguar|ocelot|puma|serval,7fc08b17cfa6dd16b13709bcb640426dd4ec8b5e,3,0.13792781336684348,0.1665570105005913,0.18827223884801092,0.00839716222557816
rsn_ks,fair,0,dinov2_vitl14,rsn,main,5,jaguar|leopard|lion|ocelot|serval,cheetah|puma|tiger,fcce24a85cb26fd66e0a1437f44fe33401e91010,10,0.13288804075206503,0.13102074590141613,0.1982972478110016,0.060924740352640984
rsn_ks,fair,2,dinov2_vitl14,rsn,main,3,cheetah|leopard|ocelot,jaguar|lion|puma|serval|tiger,2a933ec3f45bc4fcfb35d80f877ecb5e75a60cbd,3,0.14472359958161657,0.15288754649439273,0.20457512242717207,0.04511452144950981
rsn_ks,fair,0,dinov2_vitb14,rsn,main,6,cheetah|jaguar|leopard|lion|ocelot|puma,serval|tiger,21db8842f0264df8414ca2049e9aca8011b24c6c,15,0.11128892240954844,0.0903359017645079,0.22030609160030545,0.0368699849312808
rsn_ks,fair,2,dinov2_vitb14,rsn,main,3,leopard|ocelot|puma,cheetah|jaguar|lion|serval|tiger,df1d43a852c1cb776ee22b9a471244a46a49eba4,3,0.0911866348207279,0.09358897764899876,0.0950413026436917,0.01727100368346066
rsn_ks,fair,2,dinov2_vitl14,rsn,main,3,cheetah|leopard|puma,jaguar|lion|ocelot|serval|tiger,f35e566c24dd9f47743a9b9e9845fe43f5de941f,3,0.17429523130753596,0.20457512242717207,0.23462791136701105,0.051934193259999824
rsn_ks,fair,2,dinov2_vitb14,rsn,main,3,leopard|ocelot|serval,cheetah|jaguar|lion|puma|tiger,232a2e6254bd4146ac84e4ea83b02248d0b5b089,3,0.10681450420791161,0.08492962416949326,0.15286688750902244,0.0410558229185328
rsn_ks,fair,0,dinov2_vitl14,rsn,main,5,jaguar|leopard|lion|ocelot|tiger,cheetah|puma|serval,f1279b7b371e8a53231089c8b52159de1be0578a,10,0.1363547725829435,0.13041368100289638,0.2298909583788684,0.06576960275479783
rsn_ks,fair,0,dinov2_vitb14,rsn,main,6,cheetah|jaguar|leopard|lion|ocelot|serval,puma|tiger,b229350d7c208b7599e322f9050dfd27224f8e00,15,0.1258644522072467,0.12817796610169496,0.22030609160030545,0.05301508879217624
rsn_ks,fair,2,dinov2_vitl14,rsn,main,3,cheetah|leopard|serval,jaguar|lion|ocelot|puma|tiger,78912063d3e8c4bfbedec480760b5c8b8a9fc375,3,0.16892121177822741,0.20457512242717207,0.21013115857638587,0.038251371299425393
rsn_ks,fair,2,dinov2_vitb14,rsn,main,3,leopard|ocelot|tiger,cheetah|jaguar|lion|puma|serval,d66fda487b8a5b2d47df95cb6840abe6464f9512,3,0.08411776458701899,0.08492962416949326,0.10846947883963548,0.02415148275183688
rsn_ks,fair,0,dinov2_vitl14,rsn,main,5,jaguar|leopard|lion|puma|serval,cheetah|ocelot|tiger,f92ac7188fe4ea414d4ea5e58e429d0bf6930c0a,10,0.14733807299817786,0.1394676177889373,0.2343683579199899,0.06786252483992714
rsn_ks,fair,2,dinov2_vitb14,rsn,main,3,leopard|puma|serval,cheetah|jaguar|lion|ocelot|tiger,b1347615baaa1c35a63365f8ac81568ef75ba6a0,3,0.10558276835026892,0.09358897764899876,0.14051232645658884,0.03447997635785883
rsn_ks,fair,2,dinov2_vitl14,rsn,main,3,cheetah|leopard|tiger,jaguar|lion|ocelot|puma|serval,8e32e446f800fa3a970599a1a115a0c42a671c2d,3,0.18691204402118347,0.20457512242717207,0.26532606504649314,0.04581327511283461
rsn_ks,fair,0,dinov2_vitb14,rsn,main,6,cheetah|jaguar|leopard|lion|ocelot|tiger,puma|serval,cc95b5c6f7671e752bf967df30732549acd6451f,15,0.11787992793576149,0.09914416919654379,0.22030609160030545,0.042993901157252525
rsn_ks,fair,2,dinov2_vitl14,rsn,main,3,cheetah|lion|ocelot,jaguar|leopard|puma|serval|tiger,70aef139dc254a9b0f46db15f318766b022905b6,3,0.09274074858977266,0.09751425640546474,0.10399985954056834,0.022083740422791005
rsn_ks,fair,2,dinov2_vitb14,rsn,main,3,leopard|puma|tiger,cheetah|jaguar|lion|ocelot|serval,cb4c67320d809a9550ac03c6ce9aafa259bd8fa1,3,0.08817358678063313,0.09358897764899876,0.11197759194097234,0.01608885925447602
rsn_ks,fair,0,dinov2_vitl14,rsn,main,5,jaguar|leopard|lion|puma|tiger,cheetah|ocelot|serval,f0866b8f04277271410988cad7fa67659071505f,10,0.1590617560465996,0.15224710304663008,0.29134081644621646,0.07249489660547208
rsn_ks,fair,2,dinov2_vitb14,rsn,main,3,leopard|serval|tiger,cheetah|jaguar|lion|ocelot|puma,520fc954484d03afedc7e2abcc0518f0a7730bfe,3,0.08367751769189108,0.08264700094521915,0.10943136137852583,0.02453708202727606
rsn_ks,fair,0,dinov2_vitb14,rsn,main,6,cheetah|jaguar|leopard|lion|puma|serval,ocelot|tiger,1616a9ddcb5f4f8b7c3ae9db2d5fd96fd2f73e63,15,0.12188873556785602,0.12704621456752974,0.22030609160030545,0.05178545714809595
rsn_ks,fair,2,dinov2_vitl14,rsn,main,3,cheetah|lion|puma,jaguar|leopard|ocelot|serval|tiger,1688c0ac9a00612173a3c6e52cc1525b67dcd040,3,0.09382220269102264,0.09751425640546474,0.10026969153917853,0.0295216472403277
rsn_ks,fair,2,dinov2_vitb14,rsn,main,3,lion|ocelot|puma,cheetah|jaguar|leopard|serval|tiger,14c75ef7e3d7f7c2b233baabf1af7014942dc9ef,3,0.11592793279106357,0.0950413026436917,0.15947246394489556,0.02603186354175401
rsn_ks,fair,2,dinov2_vitl14,rsn,main,3,cheetah|lion|serval,jaguar|leopard|ocelot|puma|tiger,2b5f9d2d71964492672e9848091d258ea52f7e94,3,0.10618297260137732,0.09751425640546474,0.12897730706754296,0.05034985201681556
rsn_ks,fair,0,dinov2_vitl14,rsn,main,5,jaguar|leopard|lion|serval|tiger,cheetah|ocelot|puma,6e006c03ad10bc597a9b7f6e4f7fdf7d0c02f2b4,10,0.15538753698789612,0.15424813579245755,0.25975968452093373,0.06376788239301444
rsn_ks,fair,0,dinov2_vitb14,rsn,main,6,cheetah|jaguar|leopard|lion|puma|tiger,ocelot|serval,e77bf9314bf28cd6bbb9241eeacf926ab0707505,15,0.11543418939868386,0.09914416919654379,0.22030609160030545,0.041930523038818654
rsn_ks,fair,2,dinov2_vitb14,rsn,main,3,lion|ocelot|serval,cheetah|jaguar|leopard|puma|tiger,170fb1ac1ecb786668e1a83e869a3c89168011a5,3,0.15043425086854642,0.15286688750902244,0.15947246394489556,0.04087572259793049
rsn_ks,fair,2,dinov2_vitl14,rsn,main,3,cheetah|lion|tiger,jaguar|leopard|ocelot|puma|serval,7b18ab24422bad2083e2d2e4628e51d94ecaaf4f,3,0.1835046227142605,0.1876735466908236,0.26532606504649314,0.05942415760646406
rsn_ks,fair,0,dinov2_vitl14,rsn,main,5,jaguar|leopard|ocelot|puma|serval,cheetah|lion|tiger,1176f373fd3920be46a266824cf53c2197022ec3,10,0.1511353423763103,0.15222630440298948,0.2343683579199899,0.07229868412584586
rsn_ks,fair,2,dinov2_vitb14,rsn,main,3,lion|ocelot|tiger,cheetah|jaguar|leopard|puma|serval,75de0f0ce43ccfa5e5459210032fbf7be684fe0d,3,0.15207139387751398,0.15947246394489556,0.18827223884801092,0.02787021228525585
rsn_ks,fair,0,dinov2_vitb14,rsn,main,6,cheetah|jaguar|leopard|lion|serval|tiger,ocelot|puma,631e7f62cbe5d62ad51c2921af604b7dac546fd5,15,0.12299951789913437,0.11373114346824476,0.22030609160030545,0.052520323205842996
rsn_ks,fair,2,dinov2_vitl14,rsn,main,3,cheetah|ocelot|puma,jaguar|leopard|lion|serval|tiger,d05273ff8f24c1c0d2026534678bbc4e34ddfeef,3,0.09897985986243807,0.08368266012842465,0.13654878963560463,0.03040675658920972
rsn_ks,fair,2,dinov2_vitb14,rsn,main,3,lion|puma|serval,cheetah|jaguar|leopard|ocelot|tiger,989997c926153a9acef63039e158b40973c74771,3,0.12424858646430452,0.13896340115172123,0.14051232645658884,0.03324950221007003
rsn_ks,fair,2,dinov2_vitl14,rsn,main,3,cheetah|ocelot|serval,jaguar|leopard|lion|puma|tiger,b69b51aedca72c53bd268877b14342ebb552501b,3,0.10803393024443753,0.09205735433112427,0.1553363065789034,0.06137676298746499
rsn_ks,fair,0,dinov2_vitl14,rsn,main,5,jaguar|leopard|ocelot|puma|tiger,cheetah|lion|serval,4c72741292b12c4ea43a2354485beba9ace6ae47,10,0.1635463441724026,0.15444596260663973,0.29134081644621646,0.07706493786206763
rsn_ks,fair,0,dinov2_vitb14,rsn,main,6,cheetah|jaguar|leopard|ocelot|puma|serval,lion|tiger,75b9874b3a91ec3f9a1e6b65f2842f9c77a0c16c,15,0.10438344491835756,0.09020668134310816,0.17188389713591623,0.05036275233612542
rsn_ks,fair,2,dinov2_vitb14,rsn,main,3,lion|puma|tiger,cheetah|jaguar|leopard|ocelot|serval,acbf72fde9584a83296e1a4fae2484d6b0910d80,3,0.13117328752452892,0.11197759194097234,0.18827223884801092,0.01941646577874319
rsn_ks,fair,2,dinov2_vitl14,rsn,main,3,cheetah|ocelot|tiger,jaguar|leopard|lion|puma|serval,c3527af0c7ecc1880ae76d570653154584464795,3,0.1936109482163563,0.23879864977929086,0.26532606504649314,0.07007021062478988
rsn_ks,fair,0,dinov2_vitl14,rsn,main,5,jaguar|leopard|ocelot|serval|tiger,cheetah|lion|puma,4382189aee367314e275654c4b46a3de5e2eb50b,10,0.15932479873505273,0.16285032425397172,0.25975968452093373,0.07292359545155364
rsn_ks,fair,2,dinov2_vitb14,rsn,main,3,lion|serval|tiger,cheetah|jaguar|leopard|ocelot|puma,a4ca213763435a11f732a4837bcc8c7f4df948c1,3,0.145555667126086,0.13896340115172123,0.18827223884801092,0.019153170091581514
rsn_ks,fair,0,dinov2_vitb14,rsn,main,6,cheetah|jaguar|leopard|ocelot|puma|tiger,lion|serval,aaaa305d7f207e5eb3a9babc0038323795423a1f,15,0.09061458695581676,0.08960077474798096,0.12704621456752974,0.03759357641245363
rsn_ks,fair,2,dinov2_vitl14,rsn,main,3,cheetah|puma|serval,jaguar|leopard|lion|ocelot|tiger,8a9a470b3d5bac6cc3121693ce9514746b5b1cfa,3,0.09963884892527526,0.09205735433112427,0.1231765323162769,0.06759036332492044
rsn_ks,fair,2,dinov2_vitb14,rsn,main,3,ocelot|puma|serval,cheetah|jaguar|leopard|lion|tiger,1cc2e92d8df737c825111ef5bc03f018fd66ff44,3,0.12947350553643433,0.14051232645658884,0.15286688750902244,0.04394382617481913
rsn_ks,fair,0,dinov2_vitl14,rsn,main,5,jaguar|leopard|puma|serval|tiger,cheetah|lion|ocelot,6fbbbed69b95ca5536c4b634fd3e751ec2a422e7,10,0.18162639596714364,0.17138504738650362,0.29134081644621646,0.08048964191252228
rsn_ks,fair,2,dinov2_vitl14,rsn,main,3,cheetah|puma|tiger,jaguar|leopard|lion|ocelot|serval,63aa3aad8571e2f823884b8c9eac52ea803dc73c,3,0.2091535659191354,0.26532606504649314,0.2784519725824885,0.07605371369434173
rsn_ks,fair,0,dinov2_vitb14,rsn,main,6,cheetah|jaguar|leopard|ocelot|serval|tiger,lion|puma,fb0081f811a392269d8cf2c448f8b675dd586cbe,15,0.10105885455137127,0.09099379498587967,0.17188389713591623,0.053347111285964234
rsn_ks,fair,2,dinov2_vitb14,rsn,main,3,ocelot|puma|tiger,cheetah|jaguar|leopard|lion|serval,f5e5319ef203654ce89450b65592433ddeab69da,3,0.10516279114143318,0.10846947883963548,0.11197759194097234,0.02409549444011649
rsn_ks,fair,2,dinov2_vitl14,rsn,main,3,cheetah|serval|tiger,jaguar|leopard|lion|ocelot|puma,06a242e70536efcea7c077ecc3bf520132d109f4,3,0.20458992745562252,0.25638636298925016,0.26532606504649314,0.04831852856371453
rsn_ks,fair,2,dinov2_vitb14,rsn,main,3,ocelot|serval|tiger,cheetah|jaguar|leopard|lion|puma,d133c257f7aac5c4c13f81c22bac78dd374525a5,3,0.12358924257572791,0.10943136137852583,0.15286688750902244,0.04073725481813511
rsn_ks,fair,0,dinov2_vitl14,rsn,main,5,jaguar|lion|ocelot|puma|serval,cheetah|leopard|tiger,0a072452a5be29d3caf27253acdbf667107319dc,10,0.13292546276559802,0.13306046329536608,0.17569907956955777,0.06869902983239706
rsn_ks,fair,0,dinov2_vitb14,rsn,main,6,cheetah|jaguar|leopard|puma|serval|tiger,lion|ocelot,ecfdbb7ca1b5c7ab2353fc9d06e08df169cce324,15,0.10114803687091481,0.09099379498587967,0.17064936075813897,0.05210350071609864
rsn_ks,fair,2,dinov2_vitl14,rsn,main,3,jaguar|leopard|lion,cheetah|ocelot|puma|serval|tiger,debe666dbb9d5fd9d3f460899d917436519696f6,3,0.10905189801581631,0.09560163059905727,0.14371984065659826,0.043613748183564234
rsn_ks,fair,2,dinov2_vitb14,rsn,main,3,puma|serval|tiger,cheetah|jaguar|leopard|lion|ocelot,d78c0926a0a12bd32b8d93519b70a89970da3b83,3,0.120640426592029,0.11197759194097234,0.14051232645658884,0.03330430221612542
rsn_ks,fair,2,dinov2_vitl14,rsn,main,3,jaguar|leopard|ocelot,cheetah|lion|puma|serval|tiger,ee994b354589807399b450c62149c803a8e9ac8a,3,0.10762266163575751,0.09560163059905727,0.15288754649439273,0.05082296689023025
rsn_ks,fair,0,dinov2_vitl14,rsn,main,5,jaguar|lion|ocelot|puma|tiger,cheetah|leopard|serval,61811da5b20f8f4a60014a68dd9a9e8354cbe84e,10,0.1610106863211723,0.15444596260663973,0.29134081644621646,0.0742735044888332
rsn_ks,fair,0,dinov2_vitb14,rsn,main,6,cheetah|jaguar|lion|ocelot|puma|serval,leopard|tiger,50ba890f41487ece62ac9a61c626a839465599ba,15,0.13002156777794877,0.12817796610169496,0.22030609160030545,0.053318729109978
rsn_ks,fair,2,dinov2_vitb14,rsn,main,4,cheetah|jaguar|leopard|lion,ocelot|puma|serval|tiger,8e6175f8aa12e8294291b1d7cc39c56226eb54e8,6,0.12724356504025766,0.11617816166487044,0.22578087970268734,0.04229669008227885
rsn_ks,fair,2,dinov2_vitl14,rsn,main,3,jaguar|leopard|puma,cheetah|lion|ocelot|serval|tiger,7b700828a06d3a313a671d930b356495fa345090,3,0.16115568134824096,0.1532375020786545,0.23462791136701105,0.05577106590336084
rsn_ks,fair,2,dinov2_vitb14,rsn,main,4,cheetah|jaguar|leopard|ocelot,lion|puma|serval|tiger,0e4e888a9750064322f0156c327a06a972f8b2c9,6,0.08565831085059068,0.08356724484955715,0.11563785607406313,0.03574672401428248
rsn_ks,fair,0,dinov2_vitl14,rsn,main,5,jaguar|lion|ocelot|serval|tiger,cheetah|leopard|puma,4548315992e42cefd2d26908862459ad3fa8174e,10,0.16222424405366848,0.16285032425397172,0.25975968452093373,0.07550271788258375
rsn_ks,fair,2,dinov2_vitl14,rsn,main,3,jaguar|leopard|serval,cheetah|lion|ocelot|puma|tiger,5abb2d44bb3d9f59820bd7ae9db015584e49647f,3,0.1609669417911589,0.17716803619803356,0.21013115857638587,0.057371870067429456
rsn_ks,fair,0,dinov2_vitb14,rsn,main,6,cheetah|jaguar|lion|ocelot|puma|tiger,leopard|serval,28250256422918d38355f0ed3a94e33db4ac83f9,15,0.1210732303137795,0.11157143173501,0.22030609160030545,0.04259886654509639
rsn_ks,fair,2,dinov2_vitb14,rsn,main,4,cheetah|jaguar|leopard|puma,lion|ocelot|serval|tiger,56802d74a034a956b96371a1fee259bfa5429283,6,0.09149537717494623,0.0878969215893099,0.14667384489306745,0.035724074202114986
rsn_ks,fair,2,dinov2_vitl14,rsn,main,3,jaguar|leopard|tiger,cheetah|lion|ocelot|puma|serval,365aed06b7fae29ad08cdc621a3319019a272b89,3,0.11840957643056593,0.09560163059905727,0.16879215410275525,0.06407121519735236
rsn_ks,fair,2,dinov2_vitb14,rsn,main,4,cheetah|jaguar|leopard|serval,lion|ocelot|puma|tiger,4989e2395e211d01aef405817cad44bbf8068e82,6,0.09936447115817253,0.09263061920707533,0.15652055575229495,0.053539201007465675
rsn_ks,fair,0,dinov2_vitl14,rsn,main,5,jaguar|lion|puma|serval|tiger,cheetah|leopard|ocelot,ca1c51488099c1842665b7f92744aa15d342b1e1,10,0.17272548075536803,0.165069982457622,0.29134081644621646,0.08228618111949848
rsn_ks,fair,0,dinov2_vitb14,rsn,main,6,cheetah|jaguar|lion|ocelot|serval|tiger,leopard|puma,abba5d30e9e8d8c8b7b761dd26588dbc913cd858,15,0.13382747445449197,0.12817796610169496,0.22030609160030545,0.05514641697067301
rsn_ks,fair,2,dinov2_vitl14,rsn,main,3,jaguar|lion|ocelot,cheetah|leopard|puma|serval|tiger,2e802a548ae5265badbe7b0e529ce365d00ee4de,3,0.0887376300487281,0.08783422279179343,0.10399985954056834,0.014030378343228043
rsn_ks,fair,2,dinov2_vitb14,rsn,main,4,cheetah|jaguar|leopard|tiger,lion|ocelot|puma|serval,789da91539bebfbf5457e6289f7b5e7e485b9cb6,6,0.08386594514679575,0.08568057707302329,0.11563785607406313,0.0413052423286301
rsn_ks,fair,2,dinov2_vitl14,rsn,main,3,jaguar|lion|puma,cheetah|leopard|ocelot|serval|tiger,0b3a0878ab7518dfb04b3e1ec37322b965947303,3,0.11378047213654215,0.10026969153917853,0.1532375020786545,0.020506443956149784
rsn_ks,fair,0,dinov2_vitl14,rsn,main,5,jaguar|ocelot|puma|serval|tiger,cheetah|leopard|lion,c2bbf1d12f799e3f11ded7a6a2b153832cbd23a6,10,0.18101140866948373,0.165069982457622,0.29134081644621646,0.08772095802603441
rsn_ks,fair,0,dinov2_vitb14,rsn,main,6,cheetah|jaguar|lion|puma|serval|tiger,leopard|ocelot,0babfc89fd51eff9b1bf144c923288d829cb4a10,15,0.12990509225508656,0.12704621456752974,0.22030609160030545,0.053711041048677285
rsn_ks,fair,2,dinov2_vitb14,rsn,main,4,cheetah|jaguar|lion|ocelot,leopard|puma|serval|tiger,2d647a690c741ed17db1ca04fa0f1394cc462594,6,0.13203747918813086,0.11617816166487044,0.22578087970268734,0.04145667591951451
rsn_ks,fair,2,dinov2_vitl14,rsn,main,3,jaguar|lion|serval,cheetah|leopard|ocelot|puma|tiger,e030bd5bf116355644dfd1085d7150ec8210b145,3,0.13132652201912332,0.12897730706754296,0.17716803619803356,0.061223492994338276
rsn_ks,fair,0,dinov2_vitl14,rsn,main,5,leopard|lion|ocelot|puma|serval,cheetah|jaguar|tiger,5400f55e44605be2bb97f6ac9211586e705fccb7,10,0.1515822785319812,0.1394676177889373,0.2343683579199899,0.06899120376991806
rsn_ks,fair,2,dinov2_vitb14,rsn,main,4,cheetah|jaguar|lion|puma,leopard|ocelot|serval|tiger,96c6e53b001046d52e628d9a13856cbfd6c42ea9,6,0.1253975812391868,0.11617816166487044,0.22578087970268734,0.040826568742442476
rsn_ks,fair,0,dinov2_vitb14,rsn,main,6,cheetah|jaguar|ocelot|puma|serval|tiger,leopard|lion,b9f5991d0a338ae5f70de3083f5aaab2ae7b0ed9,15,0.11344158092662492,0.11157143173501,0.17188389713591623,0.053685265686330745
rsn_ks,fair,2,dinov2_vitl14,rsn,main,3,jaguar|lion|tiger,cheetah|leopard|ocelot|puma|serval,f475927c1b38f655900bfad92da88185ae1c7222,3,0.14809997452845744,0.16879215410275525,0.1876735466908236,0.07036104200308199
rsn_ks,fair,2,dinov2_vitb14,rsn,main,4,cheetah|jaguar|lion|serval,leopard|ocelot|puma|tiger,40c2949272658e6b38b147c0becb4a399ccd82ae,6,0.14270589956756266,0.1278409342036995,0.22578087970268734,0.05493156857420088
rsn_ks,fair,2,dinov2_vitl14,rsn,main,3,jaguar|ocelot|puma,cheetah|leopard|lion|serval|tiger,b29263ff48eb2a0e3661c0006b4ea47c654ac492,3,0.12138836650936057,0.13654878963560463,0.1532375020786545,0.010921095130643902
rsn_ks,fair,0,dinov2_vitl14,rsn,main,5,leopard|lion|ocelot|puma|tiger,cheetah|jaguar|serval,0ccfefe4b700f3560e7e7bbb1a1c2eac9cf70323,10,0.1712949005244512,0.14362411594147534,0.29134081644621646,0.07361348537665531
rsn_ks,fair,0,dinov2_vitb14,rsn,main,6,cheetah|leopard|lion|ocelot|puma|serval,jaguar|tiger,519a36a40be9493aaf4ddde8bf863e0e31a24562,15,0.11688146539427918,0.09805335255948089,0.17413978092172566,0.04143088031570933
rsn_ks,fair,2,dinov2_vitb14,rsn,main,4,cheetah|jaguar|lion|tiger,leopard|ocelot|puma|serval,db96289e7c4c8a89779eb940e7a16ee7647e8116,6,0.13937431487111598,0.11617816166487044,0.22578087970268734,0.04455076231263403
rsn_ks,fair,2,dinov2_vitl14,rsn,main,3,jaguar|ocelot|serval,cheetah|leopard|lion|puma|tiger,4b161f7a20c2ca69cbb6d624fa49572f1c674078,3,0.13562771686358652,0.1553363065789034,0.17716803619803356,0.06879850229185636
rsn_ks,fair,0,dinov2_vitl14,rsn,main,5,leopard|lion|ocelot|serval|tiger,cheetah|jaguar|puma,834b91864738653ccee9e2808a39b22376068628,10,0.16763833426027228,0.1500274448429798,0.25975968452093373,0.0656606290470039
rsn_ks,fair,2,dinov2_vitl14,rsn,main,3,jaguar|ocelot|tiger,cheetah|leopard|lion|puma|serval,738c86bf98b915c5172ab1da351187e3d2ae65da,3,0.16065653723195622,0.16879215410275525,0.23879864977929086,0.0780662705364935
rsn_ks,fair,2,dinov2_vitb14,rsn,main,4,cheetah|jaguar|ocelot|puma,leopard|lion|serval|tiger,058e6d8e4d40876a4d82ed7d8b3b9285c065b0f2,6,0.09771210324788422,0.09602937105836817,0.14667384489306745,0.0308132555359888
rsn_ks,fair,0,dinov2_vitb14,rsn,main,6,cheetah|leopard|lion|ocelot|puma|tiger,jaguar|serval,021a67910db88eefdf677419f9bac437e0584100,15,0.1102006360177062,0.09805335255948089,0.18581947300395252,0.030113593911024725
rsn_ks,fair,2,dinov2_vitl14,rsn,main,3,jaguar|puma|serval,cheetah|leopard|lion|ocelot|tiger,35bdda17ff3f90debcb5f1526a83732a0464687f,3,0.15119402353098832,0.1532375020786545,0.17716803619803356,0.07356877586226246
rsn_ks,fair,2,dinov2_vitb14,rsn,main,4,cheetah|jaguar|ocelot|serval,leopard|lion|puma|tiger,b62ee6d187df44fe8196dfa62cd0ac7c8ad22b6b,6,0.11704245749262891,0.10912604677149731,0.15652055575229495,0.05507851517849054
rsn_ks,fair,0,dinov2_vitl14,rsn,main,5,leopard|lion|puma|serval|tiger,cheetah|jaguar|ocelot,ae0de815dc8737a2d02682f51652ec9a8fab40f4,10,0.18005855682810334,0.167212170686729,0.29134081644621646,0.07432908728969882
rsn_ks,fair,0,dinov2_vitb14,rsn,main,6,cheetah|leopard|lion|ocelot|serval|tiger,jaguar|puma,00a3dfdf3ea2a7477613e8109c49865e617df3fe,15,0.12029562113021,0.11157143173501,0.18581947300395252,0.04077504795332901
rsn_ks,fair,2,dinov2_vitb14,rsn,main,4,cheetah|jaguar|ocelot|tiger,leopard|lion|puma|serval,fa99c54edc9b4e2745b29363d9a8f3feb8a96a05,6,0.09809316506856947,0.09884879910143796,0.11563785607406313,0.04012594362539504
rsn_ks,fair,2,dinov2_vitl14,rsn,main,3,jaguar|puma|tiger,cheetah|leopard|lion|ocelot|serval,906fcf72b42ebda6a983d14544ab2a3bdb23ec30,3,0.20016054292129945,0.16879215410275525,0.2784519725824885,0.08278073062503984
rsn_ks,fair,2,dinov2_vitl14,rsn,main,3,jaguar|serval|tiger,cheetah|leopard|lion|ocelot|puma,318a4fdf2398ff5607af78cf45e20aa242c1f3ae,3,0.20078218443001297,0.17716803619803356,0.25638636298925016,0.06811698465385058
rsn_ks,fair,2,dinov2_vitb14,rsn,main,4,cheetah|jaguar|puma|serval,leopard|lion|ocelot|tiger,7a0c09f0049dbdaa1d091553ee45a3f9f21aeaa4,6,0.11937720472832793,0.12807509126532599,0.15652055575229495,0.0536684594452062
rsn_ks,fair,0,dinov2_vitl14,rsn,main,5,leopard|ocelot|puma|serval|tiger,cheetah|jaguar|lion,d8cc3b241f1839145e02d4a561fcfe3b06f54cba,10,0.18949933653017578,0.1784634405577478,0.29134081644621646,0.08184986685391568
rsn_ks,fair,0,dinov2_vitb14,rsn,main,6,cheetah|leopard|lion|puma|serval|tiger,jaguar|ocelot,8d49e44c7b12cfd9aba2729d2f901d5fbb66640f,15,0.1145996166299971,0.09914416919654379,0.18581947300395252,0.03808203701489568
rsn_ks,fair,2,dinov2_vitl14,rsn,main,3,leopard|lion|ocelot,cheetah|jaguar|puma|serval|tiger,31a1e72ab5d5440b84f61abce2e228f406d9c0ce,3,0.13353574889718645,0.14371984065659826,0.15288754649439273,0.04672318298572082
rsn_ks,fair,2,dinov2_vitb14,rsn,main,4,cheetah|jaguar|puma|tiger,leopard|lion|ocelot|serval,4d433c9068fdbfe14411c7ee2612b80584dca51f,6,0.10307169132989691,0.1063288753354018,0.14667384489306745,0.039613290493475034
rsn_ks,fair,0,dinov2_vitl14,rsn,main,5,lion|ocelot|puma|serval|tiger,cheetah|jaguar|leopard,daffb217f5c2603ae66c1af7863073b84c06f27c,10,0.17822919231368564,0.15222630440298948,0.29134081644621646,0.08348206302648173
rsn_ks,fair,0,dinov2_vitb14,rsn,main,6,cheetah|leopard|ocelot|puma|serval|tiger,jaguar|lion,dbfc6df0cfb453e0986123fdbab762807820a1d9,15,0.1002838953814549,0.0903359017645079,0.17188389713591623,0.041747728849014044
rsn_ks,fair,2,dinov2_vitl14,rsn,main,3,leopard|lion|puma,cheetah|jaguar|ocelot|serval|tiger,844763040495d2b30fd63cafe988b33222801570,3,0.15953914785426263,0.14371984065659826,0.23462791136701105,0.05274242146222049
rsn_ks,fair,2,dinov2_vitb14,rsn,main,4,cheetah|jaguar|serval|tiger,leopard|lion|ocelot|puma,d2cf4b38db5e6e776c8c2949db989f247605f0e7,6,0.11234007633667871,0.10602279942372866,0.15652055575229495,0.054517734931865625
rsn_ks,fair,2,dinov2_vitl14,rsn,main,3,leopard|lion|serval,cheetah|jaguar|ocelot|puma|tiger,7f6f3437f81bff7e1f320596ded2ad5ab9ef1e0d,3,0.16094276876684235,0.14371984065659826,0.21013115857638587,0.04703516155313135
rsn_ks,fair,2,dinov2_vitb14,rsn,main,4,cheetah|leopard|lion|ocelot,jaguar|puma|serval|tiger,0be474d5a11f01df288a2661cb4ef05c8b92be1a,6,0.11030627428799665,0.1008240457125855,0.1665570105005913,0.02230872342309413
rsn_ks,fair,0,dinov2_vitb14,rsn,main,6,cheetah|lion|ocelot|puma|serval|tiger,jaguar|leopard,84c22afc27e1ccc9d810746332759c12888c3304,15,0.12461968271487035,0.11459881907318736,0.18581947300395252,0.042887877962919714
rsn_ks,fair,0,dinov2_vitl14,rsn,main,6,cheetah|jaguar|leopard|lion|ocelot|puma,serval|tiger,ed7f847814863a0c3da78893f2d7149faa1ba17c,15,0.13494362622007475,0.13343054440850904,0.2343683579199899,0.041156322306845586
rsn_ks,fair,2,dinov2_vitl14,rsn,main,3,leopard|lion|tiger,cheetah|jaguar|ocelot|puma|serval,bb5ac54b01e708fced79f2f42942b31e41ad0566,3,0.1407427773124357,0.14371984065659826,0.1876735466908236,0.05414352574562624
rsn_ks,fair,2,dinov2_vitb14,rsn,main,4,cheetah|leopard|lion|puma,jaguar|ocelot|serval|tiger,3b91284386b5ccda2711cb0b6993be143e8c7e8a,6,0.0968335343489664,0.09342950471680112,0.1665570105005913,0.016097261370080985
rsn_ks,fair,0,dinov2_vitb14,rsn,main,6,jaguar|leopard|lion|ocelot|puma|serval,cheetah|tiger,988b0b5c4725b07bd0255c31a033fe41e4d074e1,15,0.12921495036670083,0.12704621456752974,0.22030609160030545,0.05188798074302689
rsn_ks,fair,0,dinov2_vitl14,rsn,main,6,cheetah|jaguar|leopard|lion|ocelot|serval,puma|tiger,3cb3a15426be6342427c8479e06c6b82b28ac8fd,15,0.13784068646097095,0.13343054440850904,0.22371607854033526,0.058840018571128964
rsn_ks,fair,2,dinov2_vitl14,rsn,main,3,leopard|ocelot|puma,cheetah|jaguar|lion|serval|tiger,0619ee8bdcb6527df9a1b4e62f9ef189b7fe0d49,3,0.1746880824990028,0.15288754649439273,0.23462791136701105,0.05751394263924302
rsn_ks,fair,2,dinov2_vitb14,rsn,main,4,cheetah|leopard|lion|serval,jaguar|ocelot|puma|tiger,7d69e274f1519aa48cb136087461963931dc31a9,6,0.11067707141684104,0.10966635236230463,0.1665570105005913,0.0266398444806675
rsn_ks,fair,2,dinov2_vitl14,rsn,main,3,leopard|ocelot|serval,cheetah|jaguar|lion|puma|tiger,e3bc162a321dee8ea053a0ea491d9d8ea85ef30b,3,0.17278500388322734,0.1553363065789034,0.21013115857638587,0.061485459714532995
rsn_ks,fair,2,dinov2_vitb14,rsn,main,4,cheetah|leopard|lion|tiger,jaguar|ocelot|puma|serval,f701581cb652f49f87a8daf883e9cfc38b62b5d0,6,0.11270341785858984,0.10293737793605165,0.18827223884801092,0.01258211476880091
rsn_ks,fair,0,dinov2_vitb14,rsn,main,6,jaguar|leopard|lion|ocelot|puma|tiger,cheetah|serval,5cad75fe65d454b742c9cc7cd8a88435e54ae7da,15,0.12067515963114497,0.11157143173501,0.22030609160030545,0.04202849076962793
rsn_ks,fair,0,dinov2_vitl14,rsn,main,6,cheetah|jaguar|leopard|lion|ocelot|tiger,puma|serval,06356b0b4b232c0491024741bdecfbbbc887452c,15,0.15223379871276002,0.13791340969481203,0.3014216731603594,0.06344348445933991
rsn_ks,fair,2,dinov2_vitl14,rsn,main,3,leopard|ocelot|tiger,cheetah|jaguar|lion|puma|serval,fdeccfc1f3e4526b5ffd4189aa771523120ea7ef,3,0.1608403802878563,0.15288754649439273,0.23879864977929086,0.06804934524488372
rsn_ks,fair,2,dinov2_vitb14,rsn,main,4,cheetah|leopard|ocelot|puma,jaguar|lion|serval|tiger,68fbdd889cfd44f3a0bb1fb1a7c3bb414be0efa3,6,0.07700406534075459,0.08126369642395499,0.0950413026436917,0.015508068389979375
rsn_ks,fair,2,dinov2_vitl14,rsn,main,3,leopard|puma|serval,cheetah|jaguar|lion|ocelot|tiger,cf21db6a7f071479c13659d371c0a7ffce3c3b4d,3,0.18931186741989126,0.21013115857638587,0.23462791136701105,0.06890727572769127
rsn_ks,fair,0,dinov2_vitb14,rsn,main,6,jaguar|leopard|lion|ocelot|serval|tiger,cheetah|puma,b26b5a9c41e7423b797501b423b12c22f82c005b,15,0.13025011211028076,0.11373114346824476,0.22030609160030545,0.05264779755503316
rsn_ks,fair,2,dinov2_vitb14,rsn,main,4,cheetah|leopard|ocelot|serval,jaguar|lion|puma|tiger,00bc6aefbf8353a6cb76830c34103b91c080ce28,6,0.09286963832499806,0.0837883125573562,0.15286688750902244,0.036559813427401576
rsn_ks,fair,0,dinov2_vitl14,rsn,main,6,cheetah|jaguar|leopard|lion|puma|serval,ocelot|tiger,a22fb204f2ef419a0401061ac029d5247a0637fa,15,0.14584353735550207,0.13791340969481203,0.2343683579199899,0.0643553290859743
rsn_ks,fair,2,dinov2_vitl14,rsn,main,3,leopard|puma|tiger,cheetah|jaguar|lion|ocelot|serval,5567b05f27f4c9b6b4ff92ec72384a125f559302,3,0.2013049428464616,0.23462791136701105,0.2784519725824885,0.07525632430439025
rsn_ks,fair,2,dinov2_vitb14,rsn,main,4,cheetah|leopard|ocelot|tiger,jaguar|lion|puma|serval,cfb438e950873a965ac52935bd4d1fdb14df6af9,6,0.07927827703913409,0.08126369642395499,0.10846947883963548,0.02098761726388995
rsn_ks,fair,0,dinov2_vitb14,rsn,main,6,jaguar|leopard|lion|puma|serval|tiger,cheetah|ocelot,553e638167e40f32deff39597a48a1d488d96d8a,15,0.12733131758259625,0.11459881907318736,0.22030609160030545,0.050881576579738665
rsn_ks,fair,2,dinov2_vitl14,rsn,main,3,leopard|serval|tiger,cheetah|jaguar|lion|ocelot|puma,63e902bcbb564d48b401d3ef4ddfff53561bb919,3,0.1857841553851738,0.21013115857638587,0.25638636298925016,0.022991210924037785
rsn_ks,fair,0,dinov2_vitl14,rsn,main,6,cheetah|jaguar|leopard|lion|puma|tiger,ocelot|serval,c514cbb5e88acb80c1bceb1db15d5b7932237077,15,0.16574128375232,0.14806853120317578,0.3014216731603594,0.06878214892616087
rsn_ks,fair,2,dinov2_vitb14,rsn,main,4,cheetah|leopard|puma|serval,jaguar|lion|ocelot|tiger,8e314312d5ff261253d5ca2db7913e8aee80bf23,6,0.08837154357061087,0.08811798929710896,0.14051232645658884,0.031760655949658996
rsn_ks,fair,2,dinov2_vitl14,rsn,main,3,lion|ocelot|puma,cheetah|jaguar|leopard|serval|tiger,557646ed3e511a056951ff7c643d987d75b9ebc0,3,0.11360611357178384,0.10399985954056834,0.13654878963560463,0.02094463424969298
rsn_ks,fair,0,dinov2_vitb14,rsn,main,6,jaguar|leopard|ocelot|puma|serval|tiger,cheetah|lion,4cc45da33cb1860fc565357535f35641252b0f6d,15,0.11010030626258896,0.09821450931701908,0.17188389713591623,0.05220675585199947
rsn_ks,fair,2,dinov2_vitb14,rsn,main,4,cheetah|leopard|puma|tiger,jaguar|lion|ocelot|serval,8376896ac48d3bf4b376dd4a19f2134f9a03d26a,6,0.07742396131037532,0.0740552396841769,0.11197759194097234,0.014544791750777778
rsn_ks,fair,2,dinov2_vitl14,rsn,main,3,lion|ocelot|serval,cheetah|jaguar|leopard|puma|tiger,deafe1db83a5e734a4273867e99642cb6de95f23,3,0.12943782439567156,0.12897730706754296,0.1553363065789034,0.06411598245100085
rsn_ks,fair,0,dinov2_vitl14,rsn,main,6,cheetah|jaguar|leopard|lion|serval|tiger,ocelot|puma,e20d2f3534403c72e0a52821808a251799d68894,15,0.1656791580113301,0.14806853120317578,0.3014216731603594,0.06633181656546244
rsn_ks,fair,2,dinov2_vitb14,rsn,main,4,cheetah|leopard|serval|tiger,jaguar|lion|ocelot|puma,6792da997add5676516d5a44597822695ac49b26,6,0.08322756505665593,0.08590164478082235,0.10943136137852583,0.026613786587293974
rsn_ks,fair,0,dinov2_vitb14,rsn,main,6,jaguar|lion|ocelot|puma|serval|tiger,cheetah|leopard,d8021baadd40c051e7687acaeede008e7f37efd9,15,0.13583882093454783,0.12704621456752974,0.22030609160030545,0.053825732018901236
rsn_ks,fair,2,dinov2_vitl14,rsn,main,3,lion|ocelot|tiger,cheetah|jaguar|leopard|puma|serval,5c568f85b1f16199b9d5b4fced1be2446ec4c29e,3,0.1768240186702276,0.1876735466908236,0.23879864977929086,0.07318392573590607
rsn_ks,fair,0,dinov2_vitl14,rsn,main,6,cheetah|jaguar|leopard|ocelot|puma|serval,lion|tiger,6ac189b7a3a3b0fa967c050502824ae71b306ec1,15,0.14643679377882174,0.14582297550148499,0.2343683579199899,0.06755321877922951
rsn_ks,fair,2,dinov2_vitb14,rsn,main,4,cheetah|lion|ocelot|puma,jaguar|leopard|serval|tiger,21637de831bf8ec7d598dc4c9b1e007450163818,6,0.09940074033871782,0.09415566721414759,0.15947246394489556,0.022565238322118535
rsn_ks,fair,2,dinov2_vitl14,rsn,main,3,lion|puma|serval,cheetah|jaguar|leopard|ocelot|tiger,155a05dcaf8f796169e6ec56b8532bd4f5704c5f,3,0.11747451030766613,0.1231765323162769,0.12897730706754296,0.06967583607462068
rsn_ks,fair,0,dinov2_vitb14,rsn,main,6,leopard|lion|ocelot|puma|serval|tiger,cheetah|jaguar,3a9bce2620cbc15e0a5faf4ab8f5ae916a1acc12,15,0.12066933415678878,0.11157143173501,0.18581947300395252,0.038289124927166115
rsn_ks,fair,2,dinov2_vitb14,rsn,main,4,cheetah|lion|ocelot|serval,jaguar|leopard|puma|tiger,d25c8fda25fcf056ee8335036057cd949692c0b4,6,0.12470553766811088,0.1278409342036995,0.15947246394489556,0.03716297866278676
rsn_ks,fair,2,dinov2_vitl14,rsn,main,3,lion|puma|tiger,cheetah|jaguar|leopard|ocelot|serval,bdf3a9f2d353322a594b2879c439e978fe1e2729,3,0.18879840360416353,0.1876735466908236,0.2784519725824885,0.0785850083596032
rsn_ks,fair,0,dinov2_vitl14,rsn,main,6,cheetah|jaguar|leopard|ocelot|puma|tiger,lion|serval,07f53100fb4b9b8e7f15b048d841756aad776311,15,0.16679275267408672,0.14806853120317578,0.3014216731603594,0.07209257078234617
rsn_ks,fair,2,dinov2_vitb14,rsn,main,4,cheetah|lion|ocelot|tiger,jaguar|leopard|puma|serval,71ab7dce8c98ecbfd2851efbd980ed48e511ced1,6,0.12328111769717698,0.11259397304765661,0.18827223884801092,0.024587080562768013
rsn_ks,fair,0,dinov2_vitb14,rsn,main,7,cheetah|jaguar|leopard|lion|ocelot|puma|serval,tiger,5e92e2355c26e2f0a4a2cb84ca4b3368a14b240f,21,0.11993479123456252,0.09821450931701908,0.22030609160030545,0.049474142252746996
rsn_ks,fair,2,dinov2_vitl14,rsn,main,3,lion|serval|tiger,cheetah|jaguar|leopard|ocelot|puma,732a957b112b22ddfd99360ddd5cf0e406a229bb,3,0.19101240558253893,0.1876735466908236,0.25638636298925016,0.05751473760410252
rsn_ks,fair,2,dinov2_vitb14,rsn,main,4,cheetah|lion|puma|serval,jaguar|leopard|ocelot|tiger,6952147f0cc94c79f8099c13ee1229e5cf5d6533,6,0.10773047864042408,0.10966635236230463,0.14051232645658884,0.031829408515429626
rsn_ks,fair,0,dinov2_vitl14,rsn,main,6,cheetah|jaguar|leopard|ocelot|serval|tiger,lion|puma,7f3b8b6d1f7521fd399a1c9cbc35a7f7e1bef98f,15,0.16636574268066584,0.15862963330449398,0.3014216731603594,0.07270896393085405
rsn_ks,fair,2,dinov2_vitl14,rsn,main,3,ocelot|puma|serval,cheetah|jaguar|leopard|lion|tiger,653987bb51155c3170526ae05fe991c0e8a007fc,3,0.13835387617692832,0.13654878963560463,0.1553363065789034,0.07549243628866986
rsn_ks,fair,0,dinov2_vitb14,rsn,main,7,cheetah|jaguar|leopard|lion|ocelot|puma|tiger,serval,eb4142cc93a6491097d0fda8ef485270dd4f66ae,21,0.11245237895177733,0.09821450931701908,0.22030609160030545,0.03994769247300641
rsn_ks,fair,2,dinov2_vitb14,rsn,main,4,cheetah|lion|puma|tiger,jaguar|leopard|ocelot|serval,23e4f6771bcd4b0f6240e5abd4c8aa962bf22f54,6,0.10894983769511862,0.1026238118627879,0.18827223884801092,0.018237063112771894
rsn_ks,fair,2,dinov2_vitl14,rsn,main,3,ocelot|puma|tiger,cheetah|jaguar|leopard|lion|serval,578419745b42474d86a8dbc7123901ad48525d50,3,0.21793313733246134,0.23879864977929086,0.2784519725824885,0.08476998549668399
rsn_ks,fair,0,dinov2_vitl14,rsn,main,6,cheetah|jaguar|leopard|puma|serval|tiger,lion|ocelot,5dc8c35873428b41b68b0fd8db103f429a558900,15,0.17960297023251573,0.16707101520344947,0.3014216731603594,0.0785074176134107
rsn_ks,fair,2,dinov2_vitb14,rsn,main,4,cheetah|lion|serval|tiger,jaguar|leopard|ocelot|puma,174f18139e25624585bbf0dc230f6529caa3c048,6,0.12419266578654879,0.11307491431710179,0.18827223884801092,0.02495471572007907
rsn_ks,fair,2,dinov2_vitl14,rsn,main,3,ocelot|serval|tiger,cheetah|jaguar|leopard|lion|puma,5e05560556e30a3bd69d959dee8e7f50dde409a5,3,0.21684043978248146,0.23879864977929086,0.25638636298925016,0.07229728886084869
rsn_ks,fair,0,dinov2_vitb14,rsn,main,7,cheetah|jaguar|leopard|lion|ocelot|serval|tiger,puma,c497b18a67412b9c482fe99d7974ba3eac61c648,21,0.12173942289835667,0.11157143173501,0.22030609160030545,0.05104458752760787
rsn_ks,fair,2,dinov2_vitb14,rsn,main,4,cheetah|ocelot|puma|serval,jaguar|leopard|lion|tiger,96e3503d1df4966d9487cb7c502571d3538ab9c1,6,0.1038228217469455,0.0988277700563116,0.15286688750902244,0.03841191458141881
rsn_ks,fair,0,dinov2_vitl14,rsn,main,6,cheetah|jaguar|lion|ocelot|puma|serval,leopard|tiger,c2865402a3e423ea256963bdf5a1f82cf170aa98,15,0.12857669611531197,0.12861094739432322,0.17569907956955777,0.06354680127199092
rsn_ks,fair,2,dinov2_vitl14,rsn,main,3,puma|serval|tiger,cheetah|jaguar|leopard|lion|ocelot,f1ba041f3112ddc3d574c28d004e8886ed8db751,3,0.21933828929600518,0.25638636298925016,0.2784519725824885,0.07980223231599239
rsn_ks,fair,0,dinov2_vitb14,rsn,main,7,cheetah|jaguar|leopard|lion|puma|serval|tiger,ocelot,b208c7b321542ad5148b2b4b7c52a5df651022ca,21,0.11904378660060987,0.11373114346824476,0.22030609160030545,0.049723484642379155
rsn_ks,fair,2,dinov2_vitb14,rsn,main,4,cheetah|ocelot|puma|tiger,jaguar|leopard|lion|serval,0eb0b239733f6e88d2eaf37272ad79c1af676811,6,0.08942447307402725,0.09209879563005863,0.11197759194097234,0.02093422780492509
rsn_ks,fair,2,dinov2_vitl14,rsn,main,4,cheetah|jaguar|leopard|lion,ocelot|puma|serval|tiger,468064fdbc08664d071ac9a8f375a48d71b602d5,6,0.12397386352057259,0.10605618232440722,0.20457512242717207,0.037761665970739135
rsn_ks,fair,0,dinov2_vitl14,rsn,main,6,cheetah|jaguar|lion|ocelot|puma|tiger,leopard|serval,10b525633594fa2821cd8cf6815adcf9cab5a9fb,15,0.15938213618356492,0.14582297550148499,0.3014216731603594,0.06879587432077958
rsn_ks,fair,2,dinov2_vitb14,rsn,main,4,cheetah|ocelot|serval|tiger,jaguar|leopard|lion|puma,3ec85ef34bdf9f030928972d6a24bfb38aa64030,6,0.10668933708182626,0.10554185815428349,0.15286688750902244,0.03686614921722533
rsn_ks,fair,2,dinov2_vitl14,rsn,main,4,cheetah|jaguar|leopard|ocelot,lion|puma|serval|tiger,ea4a1ce9ab77b7a1323513a274622658b284d2c1,6,0.11979155756684655,0.10509986942120349,0.20457512242717207,0.04421250696441206
rsn_ks,fair,0,dinov2_vitb14,rsn,main,7,cheetah|jaguar|leopard|ocelot|puma|serval|tiger,lion,5c4a4b5e7d9495ea072c81bacd4d631426c97a78,21,0.10300438655244701,0.09099379498587967,0.17188389713591623,0.0498006309912622
rsn_ks,fair,2,dinov2_vitb14,rsn,main,4,cheetah|puma|serval|tiger,jaguar|leopard|lion|ocelot,d2128f7b94544c66f7709a5f6442b229f057507f,6,0.10133270226441098,0.10602279942372866,0.14051232645658884,0.03162132531610246
rsn_ks,fair,2,dinov2_vitl14,rsn,main,4,cheetah|jaguar|leopard|puma,lion|ocelot|serval|tiger,f8d9ecbc6857fee3ff351d83a1d19718caa86378,6,0.14772048914061153,0.1339178051610021,0.23462791136701105,0.04871132721103197
rsn_ks,fair,0,dinov2_vitl14,rsn,main,6,cheetah|jaguar|lion|ocelot|serval|tiger,leopard|puma,8b45c5d6a45cd593d6b0820b2863910c6c5610ba,15,0.16257852830337483,0.14806853120317578,0.3014216731603594,0.0735556457770003
rsn_ks,fair,2,dinov2_vitb14,rsn,main,4,jaguar|leopard|lion|ocelot,cheetah|puma|serval|tiger,d6f6e3a324d13f50726b2bd9d5a71b3092fbbb40,6,0.13599371388672218,0.1282449517089701,0.22578087970268734,0.04307779901908935
rsn_ks,fair,0,dinov2_vitb14,rsn,main,7,cheetah|jaguar|lion|ocelot|puma|serval|tiger,leopard,e91c8c86147148b5a5c1a78bbe258c224444020f,21,0.12696106419676426,0.11459881907318736,0.22030609160030545,0.051723523910982026
rsn_ks,fair,2,dinov2_vitl14,rsn,main,4,cheetah|jaguar|leopard|serval,lion|ocelot|puma|tiger,aaddf52eea45f5c5326f148ae7227706934f60cb,6,0.14902190172918714,0.14588307222069163,0.21013115857638587,0.052587154856920844
rsn_ks,fair,2,dinov2_vitb14,rsn,main,4,jaguar|leopard|lion|puma,cheetah|ocelot|serval|tiger,12b5897f282eead165a509e8d6d82e576bae7792,6,0.13467926834326158,0.1201314112710331,0.22578087970268734,0.0421305722851697
rsn_ks,fair,0,dinov2_vitl14,rsn,main,6,cheetah|jaguar|lion|puma|serval|tiger,leopard|ocelot,a213e0b4f02d1cf3c34f0dc78fd20c6ce7a505b5,15,0.16794884883496375,0.14806853120317578,0.3014216731603594,0.07886445059610715
rsn_ks,fair,2,dinov2_vitl14,rsn,main,4,cheetah|jaguar|leopard|tiger,lion|ocelot|puma|serval,9920c49cd7d12aadc8825b58eb8c2a090d629cef,6,0.15662133750145213,0.1416951311730525,0.26532606504649314,0.059117024937186916
rsn_ks,fair,0,dinov2_vitb14,rsn,main,7,cheetah|leopard|lion|ocelot|puma|serval|tiger,jaguar,201a3ed287a00343e602ac957de73b0c5be7c035,21,0.11536432163218666,0.09914416919654379,0.18581947300395252,0.03982877974582819
rsn_ks,fair,2,dinov2_vitb14,rsn,main,4,jaguar|leopard|lion|serval,cheetah|ocelot|puma|tiger,94fca4b41d3aef439aeef660edf9625b67213f3e,6,0.14211228559702252,0.1477419784520081,0.22578087970268734,0.05465877708185478
rsn_ks,fair,2,dinov2_vitl14,rsn,main,4,cheetah|jaguar|lion|ocelot,leopard|puma|serval|tiger,7b67eb78480b871668efcee420823161dcdbcdc9,6,0.09250556410304728,0.09267423959862908,0.1145981082433497,0.021030160625869238
rsn_ks,fair,0,dinov2_vitl14,rsn,main,6,cheetah|jaguar|ocelot|puma|serval|tiger,leopard|lion,aca7e07f350019b0afe04f67c4ef438d3423548c,15,0.17153454428227227,0.15862963330449398,0.3014216731603594,0.08283208236406571
rsn_ks,fair,2,dinov2_vitb14,rsn,main,4,jaguar|leopard|lion|tiger,cheetah|ocelot|puma|serval,59aecd82437840beee80596b7a37dcf3e7ca9ab4,6,0.13707489067711168,0.13361858461521128,0.22578087970268734,0.045038899866774194
rsn_ks,fair,0,dinov2_vitb14,rsn,main,7,jaguar|leopard|lion|ocelot|puma|serval|tiger,cheetah,fd3e04a966c65f539861ad86fe4d78e8927196bf,21,0.12486857157780691,0.11373114346824476,0.22030609160030545,0.04982878310770894
rsn_ks,fair,2,dinov2_vitl14,rsn,main,4,cheetah|jaguar|lion|puma,leopard|ocelot|serval|tiger,3a0c29cfdb35237841dd1b444f0f3234797a8495,6,0.10618940686447759,0.09889197397232163,0.1532375020786545,0.026393214269052754
rsn_ks,fair,2,dinov2_vitb14,rsn,main,4,jaguar|leopard|ocelot|puma,cheetah|lion|serval|tiger,88224eb9e0a74c0b1125c943db90edf2a85e0b8f,6,0.09990934239298614,0.09431514014634523,0.14667384489306745,0.03413195888703519
rsn_ks,fair,0,dinov2_vitl14,rsn,main,6,cheetah|leopard|lion|ocelot|puma|serval,jaguar|tiger,d62fe017c29f8e3e3f80148147c8905d8cae22db,15,0.14605774311537806,0.13750997919640895,0.2343683579199899,0.06523185562243727
rsn_ks,fair,2,dinov2_vitl14,rsn,main,4,cheetah|jaguar|lion|serval,leopard|ocelot|puma|tiger,cdc70a68f009d23b6fc0f8708dbc521cfbb59903,6,0.11635821417288478,0.10605618232440722,0.17716803619803356,0.05339736456490997
rsn_ks,fair,2,dinov2_vitb14,rsn,main,4,jaguar|leopard|ocelot|serval,cheetah|lion|puma|tiger,ba819d359402d22eb5fb32e0bf07bc68fe90d1e1,6,0.1093643955631159,0.09097353182126895,0.15652055575229495,0.055660630788498686
rsn_ks,fair,1,dinov2_vitb14,rsn,main,2,cheetah|jaguar,leopard|lion|ocelot|puma|serval|tiger,9e90b26e1af6abf140298934c75e5dc6ab1107ff,1,0.05103776856939446,0.05103776856939446,0.05103776856939446,0.015536614188703893
rsn_ks,fair,1,dinov2_vitb14,rsn,main,2,cheetah|leopard,jaguar|lion|ocelot|puma|serval|tiger,f993f4e0c81204732c01093090d5f70a921b3836,1,0.04746313699660068,0.04746313699660068,0.04746313699660068,0.010945496924089155
rsn_ks,fair,2,dinov2_vitb14,rsn,main,4,jaguar|leopard|ocelot|tiger,cheetah|lion|puma|serval,6f6275117a16af48b5d0e8a2e546ad621a4a215f,6,0.08870929291559232,0.09097353182126895,0.10846947883963548,0.04189254519138975
rsn_ks,fair,2,dinov2_vitl14,rsn,main,4,cheetah|jaguar|lion|tiger,leopard|ocelot|puma|serval,a08f87f01531d3f0b84c0c408640a597399564e7,6,0.15362305888011332,0.1416951311730525,0.26532606504649314,0.06171215498170438
rsn_ks,fair,1,dinov2_vitb14,rsn,main,2,cheetah|lion,jaguar|leopard|ocelot|puma|serval|tiger,a3d83393f3d4b0f15998b21cfa80bb4e85484728,1,0.14955879238344816,0.14955879238344816,0.14955879238344816,0.028856937847932616
rsn_ks,fair,0,dinov2_vitl14,rsn,main,6,cheetah|leopard|lion|ocelot|puma|tiger,jaguar|serval,476981a41f7d90d776f6a7529306a4b0e1257a57,15,0.1712814488082282,0.14142525638146566,0.3014216731603594,0.06964961724458685
rsn_ks,fair,2,dinov2_vitb14,rsn,main,4,jaguar|leopard|puma|serval,cheetah|lion|ocelot|tiger,a57ec48b384434855b6ac05ced93f51400810ab1,6,0.11702459520429837,0.1170506520527938,0.15652055575229495,0.05401574355366124
rsn_ks,fair,1,dinov2_vitb14,rsn,main,2,cheetah|ocelot,jaguar|leopard|lion|puma|serval|tiger,ddd0d45ecabc701f08e623651baa32bf4480fe69,1,0.10415518310930165,0.10415518310930165,0.10415518310930165,0.0015696598383053131
rsn_ks,fair,2,dinov2_vitl14,rsn,main,4,cheetah|jaguar|ocelot|puma,leopard|lion|serval|tiger,cb49e98ac2f37c587c91bb26a504abb4f83d0069,6,0.10652566628719014,0.09914038418588718,0.1532375020786545,0.026392738392484964
rsn_ks,fair,1,dinov2_vitb14,rsn,main,2,cheetah|puma,jaguar|leopard|lion|ocelot|serval|tiger,dd6b1dc2a884585cbd4611c856134969da8b0b1e,1,0.08871760514860871,0.08871760514860871,0.08871760514860871,0.006738006956099275
rsn_ks,fair,2,dinov2_vitb14,rsn,main,4,jaguar|leopard|puma|tiger,cheetah|lion|ocelot|serval,988a02a9289ddf1d31e67c052107320f407ba024,6,0.09901327158240318,0.09713456818941502,0.14667384489306745,0.04104928849979642
rsn_ks,fair,2,dinov2_vitl14,rsn,main,4,cheetah|jaguar|ocelot|serval,leopard|lion|puma|tiger,d43aceac31a332c7ae84cb80a20145975cab39a6,6,0.11504112383141973,0.10332773128723699,0.17716803619803356,0.059593412623461677
rsn_ks,fair,0,dinov2_vitl14,rsn,main,6,cheetah|leopard|lion|ocelot|serval|tiger,jaguar|puma,d182b5289c92863f768936de2b789589cd3b0b4f,15,0.1712310915969213,0.14142525638146566,0.3014216731603594,0.06768057573860778
rsn_ks,fair,1,dinov2_vitb14,rsn,main,2,cheetah|serval,jaguar|leopard|lion|ocelot|puma|tiger,4a5c50d2711915d2cb78ed86aff6b00fed841419,1,0.11186129676195533,0.11186129676195533,0.11186129676195533,0.043370617869387514
rsn_ks,fair,1,dinov2_vitb14,rsn,main,2,cheetah|tiger,jaguar|leopard|lion|ocelot|puma|serval,10d06d39776f91efda8f4ac501505758ea777f7a,1,0.08148729543917355,0.08148729543917355,0.08148729543917355,0.019768663247304835
rsn_ks,fair,2,dinov2_vitb14,rsn,main,4,jaguar|leopard|serval|tiger,cheetah|lion|ocelot|puma,c049b57a6855e5c79d9c31b7edfdba81aed08ecc,6,0.09840635551457007,0.09166357983752521,0.15652055575229495,0.054305062910670714
rsn_ks,fair,2,dinov2_vitl14,rsn,main,4,cheetah|jaguar|ocelot|tiger,leopard|lion|puma|serval,feff3a6378e868b951b2b48a316a70b40cdc0a40,6,0.15643365246816607,0.1416951311730525,0.26532606504649314,0.06781810909976137
rsn_ks,fair,1,dinov2_vitb14,rsn,main,2,jaguar|leopard,cheetah|lion|ocelot|puma|serval|tiger,560b9497c63bfd11cfeaf91b2fc46f346b7d7d0a,1,0.05372899358901417,0.05372899358901417,0.05372899358901417,0.0264776084375972
rsn_ks,fair,0,dinov2_vitl14,rsn,main,6,cheetah|leopard|lion|puma|serval|tiger,jaguar|ocelot,aeaa30efeebe5b7b91f87ad03efa429374175309,15,0.17788073603926458,0.14142525638146566,0.3014216731603594,0.07414600480807425
rsn_ks,fair,2,dinov2_vitb14,rsn,main,4,jaguar|lion|ocelot|puma,cheetah|leopard|serval|tiger,4b7ec025d11dbb4caf9fdb173e88701d99efab26,6,0.13620932707366504,0.12184564218305605,0.22578087970268734,0.040498918637369014
rsn_ks,fair,1,dinov2_vitb14,rsn,main,2,jaguar|lion,cheetah|leopard|ocelot|puma|serval|tiger,a3871904165fe53a79fc497b2abf060c94e0315c,1,0.189154404525944,0.189154404525944,0.189154404525944,0.04437365759048447
rsn_ks,fair,2,dinov2_vitl14,rsn,main,4,cheetah|jaguar|puma|serval,leopard|lion|ocelot|tiger,8edcdc631717e742c85a9a294d62c8d3d2ec2cd9,6,0.12398669888264392,0.1188873202798133,0.17716803619803356,0.06367035577356389
rsn_ks,fair,1,dinov2_vitb14,rsn,main,2,jaguar|ocelot,cheetah|leopard|lion|puma|serval|tiger,1414654d5a0cf3d14ec37baf28b4e9209f94e11f,1,0.08077632759467102,0.08077632759467102,0.08077632759467102,0.01710585686306843
rsn_ks,fair,2,dinov2_vitb14,rsn,main,4,jaguar|lion|ocelot|serval,cheetah|leopard|puma|tiger,7511b0d368d50ecf1d4d2ba00d89eb6c66fcebb6,6,0.15510360458894437,0.1546937216306587,0.22578087970268734,0.057649540303864544
rsn_ks,fair,1,dinov2_vitb14,rsn,main,2,jaguar|puma,cheetah|leopard|lion|ocelot|serval|tiger,2efc4f23000f79d3dc51a3fdf0bb69383acb219d,1,0.1256659515014783,0.1256659515014783,0.1256659515014783,0.02227228955203113
rsn_ks,fair,2,dinov2_vitl14,rsn,main,4,cheetah|jaguar|puma|tiger,leopard|lion|ocelot|serval,c5b5ee927b444e64eea72bf0b9099e89677204ef,6,0.17734807703036096,0.1610148280907049,0.2784519725824885,0.07174016377633151
rsn_ks,fair,0,dinov2_vitl14,rsn,main,6,cheetah|leopard|ocelot|puma|serval|tiger,jaguar|lion,9a8684a7098f0327e4f9721d24d1098f7c209d74,15,0.1822363326785443,0.15862963330449398,0.3014216731603594,0.07953480158689424
rsn_ks,fair,2,dinov2_vitb14,rsn,main,4,jaguar|lion|ocelot|tiger,cheetah|leopard|puma|serval,0b606e6079b55b36e2d1aa642949a399ae615b15,6,0.14661544325635087,0.13397097139226552,0.22578087970268734,0.04597091210027371
rsn_ks,fair,1,dinov2_vitb14,rsn,main,2,jaguar|serval,cheetah|leopard|lion|ocelot|puma|tiger,6afa263bdccb954e31edf55b62151581d2466db0,1,0.14046336206896548,0.14046336206896548,0.14046336206896548,0.05886756517612663
rsn_ks,fair,2,dinov2_vitl14,rsn,main,4,cheetah|jaguar|serval|tiger,leopard|lion|ocelot|puma,9d2c578404fcbdcd68427fa1c484a718122dd3ba,6,0.17905468015183434,0.17298009515039442,0.26532606504649314,0.06444254857621333
rsn_ks,fair,1,dinov2_vitb14,rsn,main,2,jaguar|tiger,cheetah|leopard|lion|ocelot|puma|serval,ae596197da1c81c836c02ccd9081abf5d1e724bf,1,0.0871867753758695,0.0871867753758695,0.0871867753758695,0.03529443716985112
rsn_ks,fair,2,dinov2_vitb14,rsn,main,4,jaguar|lion|puma|serval,cheetah|leopard|ocelot|tiger,15f6a04e68176e582c13e5df93b7a1031387ec52,6,0.1502868399568272,0.14359308567482815,0.22578087970268734,0.055661252958857196
rsn_ks,fair,1,dinov2_vitb14,rsn,main,2,leopard|lion,cheetah|jaguar|ocelot|puma|serval|tiger,8d9bd5909f80f5ab4a8878cbf5b803a4f4b1bfc8,1,0.16769495754295632,0.16769495754295632,0.16769495754295632,0.01791710010305899
rsn_ks,fair,0,dinov2_vitl14,rsn,main,6,cheetah|lion|ocelot|puma|serval|tiger,jaguar|leopard,f681174d7cb97bbcb512d1ab31e604a4e819e816,15,0.1690027252778493,0.13791340969481203,0.3014216731603594,0.07978194625833358
rsn_ks,fair,2,dinov2_vitl14,rsn,main,4,cheetah|leopard|lion|ocelot,jaguar|puma|serval|tiger,33af13040e03ea1544b598d4611d971dd6e9ea1c,6,0.1299007925579135,0.1238598500985833,0.20457512242717207,0.04046832366090436
rsn_ks,fair,1,dinov2_vitb14,rsn,main,2,leopard|ocelot,cheetah|jaguar|lion|puma|serval|tiger,cc7b44328b6ced7ba979937d097a08b89234e125,1,0.0708112784768904,0.0708112784768904,0.0708112784768904,0.00937599817206063
rsn_ks,fair,2,dinov2_vitb14,rsn,main,4,jaguar|lion|puma|tiger,cheetah|leopard|ocelot|serval,a2931abf701874ef0bd1eea00e4bd773d370fc6f,6,0.14444245764986213,0.1293257184170199,0.22578087970268734,0.044668087170843
rsn_ks,fair,1,dinov2_vitb14,rsn,main,2,leopard|puma,cheetah|jaguar|lion|ocelot|serval|tiger,2b4f928e062b0685911290ec22c9d8289bfbe542,1,0.10672619539054612,0.10672619539054612,0.10672619539054612,0.004207800296772806
rsn_ks,fair,2,dinov2_vitl14,rsn,main,4,cheetah|leopard|lion|puma,jaguar|ocelot|serval|tiger,14c399d85a66c08be197906d26f5de15b9528841,6,0.1440649137539749,0.1219947660978884,0.23462791136701105,0.045773022808078545
rsn_ks,fair,0,dinov2_vitl14,rsn,main,6,jaguar|leopard|lion|ocelot|puma|serval,cheetah|tiger,ea4e96ee0e61dd021397eae329166f0fa4b5f6dc,15,0.14133211304367863,0.13750997919640895,0.2343683579199899,0.06605565773762738
rsn_ks,fair,1,dinov2_vitb14,rsn,main,2,leopard|serval,cheetah|jaguar|lion|ocelot|puma|tiger,722f54b35b598cc8891788b4376e57358bfaaa3d,1,0.10157324326182615,0.10157324326182615,0.10157324326182615,0.0324405208811353
rsn_ks,fair,2,dinov2_vitb14,rsn,main,4,jaguar|lion|serval|tiger,cheetah|leopard|ocelot|puma,7950d6a989a8ef5fdbb5527fba63abf6b74e7a66,6,0.1532747659271786,0.1477419784520081,0.22578087970268734,0.05503773507516818
rsn_ks,fair,1,dinov2_vitb14,rsn,main,2,leopard|tiger,cheetah|jaguar|lion|ocelot|puma|serval,2a171077e921bedc68250ed3ac217637192ccbfb,1,0.06795386697021112,0.06795386697021112,0.06795386697021112,0.008825075874095572
rsn_ks,fair,2,dinov2_vitl14,rsn,main,4,cheetah|leopard|lion|serval,jaguar|ocelot|puma|tiger,003d08c120645801385ecad5137f3bcc76656553,6,0.14616250657738136,0.1363485738620706,0.21013115857638587,0.04534471009269098
rsn_ks,fair,2,dinov2_vitb14,rsn,main,4,jaguar|ocelot|puma|serval,cheetah|leopard|lion|tiger,c87d3becb2479be4aa25a27b358ae9c84f628df4,6,0.13143872612128502,0.14359308567482815,0.15652055575229495,0.054994958351033164
rsn_ks,fair,1,dinov2_vitb14,rsn,main,2,lion|ocelot,cheetah|jaguar|leopard|puma|serval|tiger,9c9caba711adacf8f22a3eaaa31d03712bdd486c,1,0.14606857266941475,0.14606857266941475,0.14606857266941475,0.027288514058600586
rsn_ks,fair,0,dinov2_vitl14,rsn,main,6,jaguar|leopard|lion|ocelot|puma|tiger,cheetah|serval,182fd508dd0d37fdecfeec4a9501d6a7007c0fef,15,0.15389865674758474,0.14142525638146566,0.29134081644621646,0.07047539127189986
rsn_ks,fair,2,dinov2_vitl14,rsn,main,4,cheetah|leopard|lion|tiger,jaguar|ocelot|puma|serval,c7ff3fcbba1dfc471c917c6eee231a0fc69114ac,6,0.1649406293027395,0.16569669367371093,0.26532606504649314,0.05223810553771147
rsn_ks,fair,1,dinov2_vitb14,rsn,main,2,lion|puma,cheetah|jaguar|leopard|ocelot|serval|tiger,a76480db600a63b87ecc04a17975c2ddbabb618c,1,0.06783371379221004,0.06783371379221004,0.06783371379221004,0.022123232494398563
rsn_ks,fair,2,dinov2_vitb14,rsn,main,4,jaguar|ocelot|puma|tiger,cheetah|leopard|lion|serval,83649250a5ebdd0c990693eab9a504f6693d92bd,6,0.10997663608670714,0.10457481878473338,0.14667384489306745,0.0390397333412502
rsn_ks,fair,1,dinov2_vitb14,rsn,main,2,lion|serval,cheetah|jaguar|leopard|ocelot|puma|tiger,8931fc27dce4271e9cb953ae71ae53965516fcc3,1,0.14088571405912947,0.14088571405912947,0.14088571405912947,0.014531867281487235
rsn_ks,fair,2,dinov2_vitl14,rsn,main,4,cheetah|leopard|ocelot|puma,jaguar|lion|serval|tiger,f2c1dbee081b4598bbe9baddb5ec48eb27cb138b,6,0.14817169331264834,0.14471816806499868,0.23462791136701105,0.05038215344346262
rsn_ks,fair,0,dinov2_vitl14,rsn,main,6,jaguar|leopard|lion|ocelot|serval|tiger,cheetah|puma,0c870ec2fc1b649a14c884998d25c16c21b758eb,15,0.15230295456198298,0.14142525638146566,0.25975968452093373,0.06904511119633058
rsn_ks,fair,2,dinov2_vitb14,rsn,main,4,jaguar|ocelot|serval|tiger,cheetah|leopard|lion|puma,2aeff704115333d286757760468c7ca6e52e6afd,6,0.12083098028039245,0.10895042010908065,0.15652055575229495,0.057113308949863745
rsn_ks,fair,1,dinov2_vitb14,rsn,main,2,lion|tiger,cheetah|jaguar|leopard|ocelot|puma|serval,c67923420e945d8b2735c41311ed0ef5f9620142,1,0.19178198699142146,0.19178198699142146,0.19178198699142146,0.009093462085077293
rsn_ks,fair,2,dinov2_vitl14,rsn,main,4,cheetah|leopard|ocelot|serval,jaguar|lion|puma|tiger,73422b283cf7faee7cd89c38edc6123d996455db,6,0.14861593637187723,0.15411192653664807,0.21013115857638587,0.05565375510259044
rsn_ks,fair,2,dinov2_vitb14,rsn,main,4,jaguar|puma|serval|tiger,cheetah|leopard|lion|ocelot,057573ce71be5e78916a9625e4f2e977527a6c9f,6,0.12763263985854678,0.1262449591987806,0.15652055575229495,0.055194626202290285
rsn_ks,fair,1,dinov2_vitb14,rsn,main,2,ocelot|puma,cheetah|jaguar|leopard|lion|serval|tiger,82abf0c0b833ab451b40683767c8d3a1c9d01f2d,1,0.08810010319040035,0.08810010319040035,0.08810010319040035,0.005168401780769549
rsn_ks,fair,1,dinov2_vitb14,rsn,main,2,ocelot|serval,cheetah|jaguar|leopard|lion|puma|tiger,d000467fd3f05fe88696fed23f21c2c25d9eb396,1,0.1507060781786942,0.1507060781786942,0.1507060781786942,0.04180380391353361
rsn_ks,fair,0,dinov2_vitl14,rsn,main,6,jaguar|leopard|lion|puma|serval|tiger,cheetah|ocelot,76e4bdee5c0cedea210d0eb3f8c588c65233da0a,15,0.16603296659721475,0.1630689497117945,0.29134081644621646,0.07534174183496
rsn_ks,fair,2,dinov2_vitl14,rsn,main,4,cheetah|leopard|ocelot|tiger,jaguar|lion|puma|serval,b428c0b5dc6d87d93237be8772c40f30af9182fb,6,0.17152174302675316,0.1787313344607824,0.26532606504649314,0.06203757136737154
rsn_ks,fair,2,dinov2_vitb14,rsn,main,4,leopard|lion|ocelot|puma,cheetah|jaguar|serval|tiger,3e67378ccd5b5b22e78993e40e98195a0f6c8feb,6,0.11547656844871235,0.09431514014634523,0.1665570105005913,0.02340038857136943
rsn_ks,fair,1,dinov2_vitb14,rsn,main,2,ocelot|tiger,cheetah|jaguar|leopard|lion|puma|serval,03fdd6e2454f032af82a240ee8cb30133d51711e,1,0.12934997556058897,0.12934997556058897,0.12934997556058897,0.01819956814299593
rsn_ks,fair,1,dinov2_vitb14,rsn,main,2,puma|serval,cheetah|jaguar|leopard|lion|ocelot|tiger,23f69ac42ebb84d41e88cc3455a5c24ca36cd7c0,1,0.1475851741233697,0.1475851741233697,0.1475851741233697,0.03664331924634879
rsn_ks,fair,2,dinov2_vitb14,rsn,main,4,leopard|lion|ocelot|serval,cheetah|jaguar|puma|tiger,824c904f90f68ff34d14a49f89cc7aaefcde57e9,6,0.1309060647034905,0.14591514433037184,0.1665570105005913,0.03592151854131603
rsn_ks,fair,2,dinov2_vitl14,rsn,main,4,cheetah|leopard|puma|serval,jaguar|lion|ocelot|tiger,c93b1e54c4137468929dd6f12dc42a699f7e091c,6,0.15804178985773248,0.1638758273717245,0.23462791136701105,0.061374527615456906
rsn_ks,fair,0,dinov2_vitl14,rsn,main,6,jaguar|leopard|ocelot|puma|serval|tiger,cheetah|lion,8517f66b47b2c529f81928468e9bb1bd90a40bca,15,0.17102393774176144,0.1630689497117945,0.29134081644621646,0.08056547783013324
rsn_ks,fair,1,dinov2_vitb14,rsn,main,2,puma|tiger,cheetah|jaguar|leopard|lion|ocelot|serval,77c0c8ca897ae7d6fcff9a49d392632a1f1b4d00,1,0.13199638049679585,0.13199638049679585,0.13199638049679585,0.013032392223970986
rsn_ks,fair,2,dinov2_vitb14,rsn,main,4,leopard|lion|ocelot|tiger,cheetah|jaguar|puma|serval,1c86b0e6726ed559631cf210d089d8ff0aaab2d6,6,0.12777583450909247,0.13397097139226552,0.18827223884801092,0.024139779215552687
rsn_ks,fair,2,dinov2_vitl14,rsn,main,4,cheetah|leopard|puma|tiger,jaguar|lion|ocelot|serval,46d25fa6f6fe19b846a0621f9a462b322424abba,6,0.19291644602357913,0.21960151689709156,0.2784519725824885,0.06750431699860517
rsn_ks,fair,1,dinov2_vitb14,rsn,main,2,serval|tiger,cheetah|jaguar|leopard|lion|ocelot|puma,117607033330598266cc9d33a256f34da382ddd5,1,0.09173473653289954,0.09173473653289954,0.09173473653289954,0.023622207810287857
rsn_ks,fair,1,dinov2_vitb14,rsn,main,3,cheetah|jaguar|leopard,lion|ocelot|puma|serval|tiger,e4d39bb19864f7ca869faf7952ead4df71fbf3a2,3,0.05074329971833644,0.05103776856939446,0.05372899358901417,0.02168080703457514
rsn_ks,fair,0,dinov2_vitl14,rsn,main,6,jaguar|lion|ocelot|puma|serval|tiger,cheetah|leopard,75ea55cf39cee11ab963444a3d93653a48978ace,15,0.16468774581316267,0.15862963330449398,0.29134081644621646,0.08068788669484003
rsn_ks,fair,2,dinov2_vitb14,rsn,main,4,leopard|lion|puma|serval,cheetah|jaguar|ocelot|tiger,81cc5ecd4d340e01ccef5be7fb919b7e36127667,6,0.11925645808128711,0.11627618940036,0.1665570105005913,0.029990447710785878
rsn_ks,fair,2,dinov2_vitl14,rsn,main,4,cheetah|leopard|serval|tiger,jaguar|lion|ocelot|puma,ca37d3220fb00847eeb7d12d79be8e5376619e3f,6,0.1865518346600518,0.20735314050177897,0.26532606504649314,0.04236042363809738
rsn_ks,fair,1,dinov2_vitb14,rsn,main,3,cheetah|jaguar|lion,leopard|ocelot|puma|serval|tiger,670ab1db4406dc9533c28f7403a6320d870c9cd9,3,0.12991698849292888,0.14955879238344816,0.189154404525944,0.03702040142202575
rsn_ks,fair,2,dinov2_vitb14,rsn,main,4,leopard|lion|puma|tiger,cheetah|jaguar|ocelot|serval,6b119d661c4c2ec52867ca3a2be4e4ec533296d7,6,0.1187700069125175,0.10278328479498555,0.18827223884801092,0.016915751161567807
rsn_ks,fair,1,dinov2_vitb14,rsn,main,3,cheetah|jaguar|ocelot,leopard|lion|puma|serval|tiger,42939df355816f490dc4a4500c21da984d72f032,3,0.07865642642445571,0.08077632759467102,0.10415518310930165,0.015359859236933861
rsn_ks,fair,2,dinov2_vitl14,rsn,main,4,cheetah|lion|ocelot|puma,jaguar|leopard|serval|tiger,2cb56ccef692d86454df7618e793b2b38face3d9,6,0.09978723117875428,0.09889197397232163,0.13654878963560463,0.027678324664666198
rsn_ks,fair,0,dinov2_vitl14,rsn,main,6,leopard|lion|ocelot|puma|serval|tiger,cheetah|jaguar,f15ed662d3a7cfc0db7c5140adaaa28e1979ec0c,15,0.17305043316477822,0.14582297550148499,0.29134081644621646,0.07646461148629537
rsn_ks,fair,2,dinov2_vitb14,rsn,main,4,leopard|lion|serval|tiger,cheetah|jaguar|ocelot|puma,b9b7e84d8481389d7c3601558fe715fa1959bdd7,6,0.12413753392933279,0.12419738126512353,0.18827223884801092,0.021388433985133945
rsn_ks,fair,1,dinov2_vitb14,rsn,main,3,cheetah|jaguar|puma,leopard|lion|ocelot|serval|tiger,3384d042d32260c1a4397b1868273bcbc75f6293,3,0.0884737750731605,0.08871760514860871,0.1256659515014783,0.018577283255696457
rsn_ks,fair,2,dinov2_vitl14,rsn,main,4,cheetah|lion|ocelot|serval,jaguar|leopard|puma|tiger,de3bf892dc215245117b3f6a2e0300fae4e39053,6,0.10909886895781477,0.10075705797301654,0.1553363065789034,0.055760790519141415
rsn_ks,fair,1,dinov2_vitb14,rsn,main,3,cheetah|jaguar|serval,leopard|lion|ocelot|puma|tiger,bd758cd8b197ba876c84535df08a53acd72a1a72,3,0.10112080913343842,0.11186129676195533,0.14046336206896548,0.05048316085234985
rsn_ks,fair,2,dinov2_vitb14,rsn,main,4,leopard|ocelot|puma|serval,cheetah|jaguar|lion|tiger,4d78ad73160cf022e2e49b6391a63594f01c0d82,6,0.1082643532288357,0.09431514014634523,0.15286688750902244,0.03804732205548925
rsn_ks,fair,0,dinov2_vitl14,rsn,main,7,cheetah|jaguar|leopard|lion|ocelot|puma|serval,tiger,9e618bb46f7f2f2661902ace32c6f201829d63fc,21,0.14014731372710543,0.13750997919640895,0.2343683579199899,0.06252897712229058
rsn_ks,fair,2,dinov2_vitl14,rsn,main,4,cheetah|lion|ocelot|tiger,jaguar|leopard|puma|serval,3c71df75e283f538faa58510470f018d165205a4,6,0.16167008454765427,0.14583670311569596,0.26532606504649314,0.06396030655093826
rsn_ks,fair,1,dinov2_vitb14,rsn,main,3,cheetah|jaguar|tiger,leopard|lion|ocelot|puma|serval,6cf8626e59c5234d73573d44d513107455d80f96,3,0.0732372797948125,0.08148729543917355,0.0871867753758695,0.028954907603237785
rsn_ks,fair,2,dinov2_vitb14,rsn,main,4,leopard|ocelot|puma|tiger,cheetah|jaguar|lion|serval,5d60d94c71292bf8255481d034013141f4f1864d,6,0.0921601943324533,0.09431514014634523,0.11197759194097234,0.021995171886205585
rsn_ks,fair,1,dinov2_vitb14,rsn,main,3,cheetah|leopard|lion,jaguar|ocelot|puma|serval|tiger,6b7fb899e44e69913e51fbbd28c1d59a1349ee09,3,0.12157229564100173,0.14955879238344816,0.16769495754295632,0.02387442717553845
rsn_ks,fair,2,dinov2_vitl14,rsn,main,4,cheetah|lion|puma|serval,jaguar|leopard|ocelot|tiger,4512b637a2943ed9e6b9eb77c5da30e42755817d,6,0.10427963363133534,0.09889197397232163,0.12897730706754296,0.060402803817364854
rsn_ks,fair,2,dinov2_vitb14,rsn,main,4,leopard|ocelot|serval|tiger,cheetah|jaguar|lion|puma,ae3f3bd041ec4198f3790c95965715581868d797,6,0.0995497572656374,0.09669955150456437,0.15286688750902244,0.035702885854926716
rsn_ks,fair,1,dinov2_vitb14,rsn,main,3,cheetah|leopard|ocelot,jaguar|lion|puma|serval|tiger,7aa5ad597d673fb0b3d3297b57d8f1c6d219773e,3,0.07414319952759757,0.0708112784768904,0.10415518310930165,0.009695544076260299
rsn_ks,fair,1,dinov2_vitb14,rsn,main,3,cheetah|leopard|puma,jaguar|lion|ocelot|serval|tiger,6c19aa7372f1f9ba25c1899b56e111ec1a297d06,3,0.08096897917858517,0.08871760514860871,0.10672619539054612,0.009005277196601874
rsn_ks,fair,2,dinov2_vitl14,rsn,main,4,cheetah|lion|puma|tiger,jaguar|leopard|ocelot|serval,68b040a7f700f360ffb2d0767ff06dd1b03e64fd,6,0.16881969873214553,0.14397161911500106,0.2784519725824885,0.06836338819865188
rsn_ks,fair,2,dinov2_vitb14,rsn,main,4,leopard|puma|serval|tiger,cheetah|jaguar|lion|ocelot,2817db785891d921f97ebf9bf7dbf98f87cc0afc,6,0.09951857485370552,0.1015101695137623,0.14051232645658884,0.029872730147006237
rsn_ks,fair,0,dinov2_vitl14,rsn,main,7,cheetah|jaguar|leopard|lion|ocelot|puma|tiger,serval,0c1bf95b6186bec8935d48267dbdc6dcca95b1fe,21,0.15775338615694562,0.14142525638146566,0.3014216731603594,0.06675189382785067
rsn_ks,fair,1,dinov2_vitb14,rsn,main,3,cheetah|leopard|serval,jaguar|lion|ocelot|puma|tiger,046f91c0914a35d5d5b1e37e9cd155ffd1302441,3,0.08696589234012737,0.10157324326182615,0.11186129676195533,0.03720085821687373
rsn_ks,fair,2,dinov2_vitb14,rsn,main,4,lion|ocelot|puma|serval,cheetah|jaguar|leopard|tiger,66e731ed7301ad8bc81172d0c04a429f89559f92,6,0.13002106891508722,0.13973786380415504,0.15947246394489556,0.038981631726270116
rsn_ks,fair,2,dinov2_vitl14,rsn,main,4,cheetah|lion|serval|tiger,jaguar|leopard|ocelot|puma,2cd17c8aad1586c0076f08ffdf4b21eae69e76f7,6,0.1713224820884498,0.15832542687918327,0.26532606504649314,0.05735747786340293
rsn_ks,fair,1,dinov2_vitb14,rsn,main,3,cheetah|leopard|tiger,jaguar|lion|ocelot|puma|serval,12bc591e0a9d9be4f6a5c65ad044732162e72c92,3,0.06563476646866179,0.06795386697021112,0.08148729543917355,0.01615621069566458
rsn_ks,fair,0,dinov2_vitl14,rsn,main,7,cheetah|jaguar|leopard|lion|ocelot|serval|tiger,puma,c37c66da980daf9ad90723bc437a6580f23aa066,21,0.15831885147542946,0.14142525638146566,0.3014216731603594,0.06856130714263553
rsn_ks,fair,2,dinov2_vitb14,rsn,main,4,lion|ocelot|puma|tiger,cheetah|jaguar|leopard|serval,23c21540ed10c620994475587205b28821d3d824,6,0.12608385133363492,0.11022353539030391,0.18827223884801092,0.026024926957949227
rsn_ks,fair,2,dinov2_vitl14,rsn,main,4,cheetah|ocelot|puma|serval,jaguar|leopard|lion|tiger,8f550a8535827cd74b355a4e9d0df8cd31d807db,6,0.11125162880226978,0.10761694332370059,0.1553363065789034,0.06533712132737143
rsn_ks,fair,1,dinov2_vitb14,rsn,main,3,cheetah|lion|ocelot,jaguar|leopard|puma|serval|tiger,57860a0e3297545801c280738ef5d9798c002fd5,3,0.1332608493873882,0.14606857266941475,0.14955879238344816,0.026746227056650817
rsn_ks,fair,1,dinov2_vitb14,rsn,main,3,cheetah|lion|puma,jaguar|leopard|ocelot|serval|tiger,b8771022d379396540cb251ac5b330e1a2b90850,3,0.10203670377475564,0.08871760514860871,0.14955879238344816,0.024823716139529665
rsn_ks,fair,2,dinov2_vitb14,rsn,main,4,lion|ocelot|serval|tiger,cheetah|jaguar|leopard|puma,db7cff9d400ec11fc26b2cb00de5ab84e9fab044,6,0.14291263861196857,0.14591514433037184,0.18827223884801092,0.03539542652858169
rsn_ks,fair,2,dinov2_vitl14,rsn,main,4,cheetah|ocelot|puma|tiger,jaguar|leopard|lion|serval,aacf6c9e73dc9ecfb36c3682e51e268c40f228ee,6,0.1799193778325978,0.18767371970744773,0.2784519725824885,0.07340217007965853
rsn_ks,fair,0,dinov2_vitl14,rsn,main,7,cheetah|jaguar|leopard|lion|puma|serval|tiger,ocelot,b00a457dd69adc32a968251fdec123793079c840,21,0.16696135726044442,0.14806853120317578,0.3014216731603594,0.07360910602779845
rsn_ks,fair,1,dinov2_vitb14,rsn,main,3,cheetah|lion|serval,jaguar|leopard|ocelot|puma|tiger,0dd3892b07b98a709776630cbffa82900971bce7,3,0.134101934401511,0.14088571405912947,0.14955879238344816,0.03581670688836
rsn_ks,fair,2,dinov2_vitb14,rsn,main,4,lion|puma|serval|tiger,cheetah|jaguar|leopard|ocelot,506b5b048f24e99e480a198dcc6647820a1f4f7f,6,0.13040449192673711,0.1254704965463468,0.18827223884801092,0.028845970882169416
rsn_ks,fair,2,dinov2_vitl14,rsn,main,4,cheetah|ocelot|serval|tiger,jaguar|leopard|lion|puma,c5e041e91cdb935bd3e0809817baa064c6330661,6,0.18076881142472445,0.19706747817909714,0.26532606504649314,0.06740945610086259
rsn_ks,fair,1,dinov2_vitb14,rsn,main,3,cheetah|lion|tiger,jaguar|leopard|ocelot|puma|serval,db7b35e2a0164f14974303eca777e1a520052d7b,3,0.14094269160468106,0.14955879238344816,0.19178198699142146,0.023975574584583416
rsn_ks,fair,2,dinov2_vitb14,rsn,main,4,ocelot|puma|serval|tiger,cheetah|jaguar|leopard|lion,61aa89ec0c169ee989e07fe16f586b71978c792a,6,0.1197164914614061,0.11070447665974908,0.15286688750902244,0.0386209825650873
rsn_ks,fair,1,dinov2_vitb14,rsn,main,3,cheetah|ocelot|puma,jaguar|leopard|lion|serval|tiger,b0e47fc6a9406d7838f5486cf5a6869f36e5e2ae,3,0.09365763048277025,0.08871760514860871,0.10415518310930165,0.005766384865052236
rsn_ks,fair,0,dinov2_vitl14,rsn,main,7,cheetah|jaguar|leopard|ocelot|puma|serval|tiger,lion,45c57524c9eca61450239afab91cf9953c1d8adc,21,0.16914186772409545,0.15862963330449398,0.3014216731603594,0.07758257522291832
rsn_ks,fair,2,dinov2_vitl14,rsn,main,4,cheetah|puma|serval|tiger,jaguar|leopard|lion|ocelot,76da21607534affc2492bb8f3228d793d02b0c91,6,0.18318015789900963,0.18978144765276353,0.2784519725824885,0.0729249618684679
rsn_ks,fair,1,dinov2_vitb14,rsn,main,3,cheetah|ocelot|serval,jaguar|leopard|lion|puma|tiger,4a1be84cee82cb5455a85657e34f328d987beffc,3,0.12224085268331707,0.11186129676195533,0.1507060781786942,0.04074824102772193
rsn_ks,fair,2,dinov2_vitb14,rsn,main,5,cheetah|jaguar|leopard|lion|ocelot,puma|serval|tiger,bbb1b6fec97428da44ae12ea36daee93200e14a4,10,0.1182478686507396,0.10632764777355388,0.22578087970268734,0.038941875416202996
rsn_ks,fair,2,dinov2_vitl14,rsn,main,4,jaguar|leopard|lion|ocelot,cheetah|puma|serval|tiger,e6ae22b6767cb4d3cdf73281ad81335b36a9cd38,6,0.1097369846493721,0.0998007450698128,0.15288754649439273,0.04423674034520002
rsn_ks,fair,1,dinov2_vitb14,rsn,main,3,cheetah|ocelot|tiger,jaguar|leopard|lion|puma|serval,4eb353ddcac7ed06e2074986b1adfdf4da555033,3,0.1049974847030214,0.10415518310930165,0.12934997556058897,0.018056190037088818
rsn_ks,fair,0,dinov2_vitl14,rsn,main,7,cheetah|jaguar|lion|ocelot|puma|serval|tiger,leopard,096b9d63f3bd8568dba42b31c53af76ae657e068,21,0.1605301749729285,0.14582297550148499,0.3014216731603594,0.07692793271158481
rsn_ks,fair,2,dinov2_vitb14,rsn,main,5,cheetah|jaguar|leopard|lion|puma,ocelot|serval|tiger,94b5b122cd0713a93693310889f9d483af529c79,10,0.11512986522932374,0.10461341686153094,0.22578087970268734,0.037877120222053806
rsn_ks,fair,1,dinov2_vitb14,rsn,main,3,cheetah|puma|serval,jaguar|leopard|lion|ocelot|tiger,f9a76d9b74ddb2c7f8555d79300f59b2c535ee99,3,0.11605469201131124,0.11186129676195533,0.1475851741233697,0.03859124592320158
rsn_ks,fair,2,dinov2_vitl14,rsn,main,4,jaguar|leopard|lion|puma,cheetah|ocelot|serval|tiger,0fb9722d27fd699f2701097fff2dbf7f0c37a54c,6,0.1358817998387155,0.1219947660978884,0.23462791136701105,0.04834323032150991
rsn_ks,fair,2,dinov2_vitb14,rsn,main,5,cheetah|jaguar|leopard|lion|serval,ocelot|puma|tiger,cd6a333ad4f8d548d40fcec02a7d0256b02ab308,10,0.12442065855597129,0.11617816166487044,0.22578087970268734,0.04912833971833872
rsn_ks,fair,1,dinov2_vitb14,rsn,main,3,cheetah|puma|tiger,jaguar|leopard|lion|ocelot|serval,b7e45567c443751c388d28a72b60cc9049e93b44,3,0.10073376036152604,0.08871760514860871,0.13199638049679585,0.01646213052698566
rsn_ks,fair,2,dinov2_vitl14,rsn,main,4,jaguar|leopard|lion|serval,cheetah|ocelot|puma|tiger,5445ce27ccdba7fe0dffe8c2732688f134a7af11,6,0.14057203264823523,0.1363485738620706,0.21013115857638587,0.05604496074450502
rsn_ks,fair,1,dinov2_vitb14,rsn,main,3,cheetah|serval|tiger,jaguar|leopard|lion|ocelot|puma,d3e2cfcdca1fbafc3315fb67e55d287c7f0aade0,3,0.09502777624467613,0.09173473653289954,0.11186129676195533,0.035540427542222586
rsn_ks,fair,0,dinov2_vitl14,rsn,main,7,cheetah|leopard|lion|ocelot|puma|serval|tiger,jaguar,9b35840ead7e4bfb6a74db53fedf0e127c36ba66,21,0.1701057872401377,0.14142525638146566,0.3014216731603594,0.07449614592601482
rsn_ks,fair,2,dinov2_vitb14,rsn,main,5,cheetah|jaguar|leopard|lion|tiger,ocelot|puma|serval,8e20c3e2a16fc82bf1c3161ea07717aec3fac37a,10,0.12005242671877418,0.1081590074019472,0.22578087970268734,0.04027632341895719
rsn_ks,fair,2,dinov2_vitl14,rsn,main,4,jaguar|leopard|lion|tiger,cheetah|ocelot|puma|serval,f278d61f3002f623a74ffbb45171fb02ce2102ad,6,0.12907605657181884,0.11966073562782777,0.1876735466908236,0.06264272308743841
rsn_ks,fair,1,dinov2_vitb14,rsn,main,3,jaguar|leopard|lion,cheetah|ocelot|puma|serval|tiger,5f58ea953987d06f5c2642c801075942030e6392,3,0.1368594518859715,0.16769495754295632,0.189154404525944,0.036315921469538416
rsn_ks,fair,2,dinov2_vitb14,rsn,main,5,cheetah|jaguar|leopard|ocelot|puma,lion|serval|tiger,445803ca26b39ccedee1344dc84b9b30b0d4dc16,10,0.09035583980143237,0.08925930090924601,0.14667384489306745,0.032285040232934555
rsn_ks,fair,1,dinov2_vitb14,rsn,main,3,jaguar|leopard|ocelot,cheetah|lion|puma|serval|tiger,7680d44b18978ac4fbb0c29ddf1cf2e2be00c65f,3,0.0684388665535252,0.0708112784768904,0.08077632759467102,0.02184516097131251
rsn_ks,fair,2,dinov2_vitl14,rsn,main,4,jaguar|leopard|ocelot|puma,cheetah|lion|serval|tiger,d1ea5be41a130f448c951848fc09672a8ed77e77,6,0.14121369799809044,0.14471816806499868,0.23462791136701105,0.051094363446227746
rsn_ks,fair,0,dinov2_vitl14,rsn,main,7,jaguar|leopard|lion|ocelot|puma|serval|tiger,cheetah,a21464fe0210ec78f62d0298b7e50f5b6864cdea,21,0.16033268681002338,0.14582297550148499,0.29134081644621646,0.07538116605213395
rsn_ks,fair,1,dinov2_vitb14,rsn,main,3,jaguar|leopard|puma,cheetah|lion|ocelot|serval|tiger,d3dd41c734de1a21c91255df78a4919423602694,3,0.09537371349367953,0.10672619539054612,0.1256659515014783,0.02306563136306509
rsn_ks,fair,2,dinov2_vitb14,rsn,main,5,cheetah|jaguar|leopard|ocelot|serval,lion|puma|tiger,c2e5f2c2b088798d77fef280b4ce234146f11290,10,0.10085985467790122,0.09097353182126895,0.15652055575229495,0.04978162006590877
rsn_ks,fair,2,dinov2_vitl14,rsn,main,4,jaguar|leopard|ocelot|serval,cheetah|lion|puma|tiger,7d7d04284ad3cef6fe48b0f7a9f6ee9d9887e123,6,0.14425058104343255,0.15411192653664807,0.21013115857638587,0.06366288277233122
rsn_ks,fair,1,dinov2_vitb14,rsn,main,3,jaguar|leopard|serval,cheetah|lion|ocelot|puma|tiger,2e6d1ff600b3bf5d9991f7e6a320a5c24352a80c,3,0.0985885329732686,0.10157324326182615,0.14046336206896548,0.04832473448043981
rsn_ks,fair,1,dinov2_vitl14,rsn,main,2,cheetah|jaguar,leopard|lion|ocelot|puma|serval|tiger,0c4e8b81bc803f59506896470e6c06314445b691,1,0.16619843863139902,0.16619843863139902,0.16619843863139902,0.0009630722180418922
rsn_ks,fair,2,dinov2_vitb14,rsn,main,5,cheetah|jaguar|leopard|ocelot|tiger,lion|puma|serval,c32624a8ec560f039188d6ced9e9292224c5fecc,10,0.08712099820413646,0.0870429563929594,0.11563785607406313,0.03797050302798429
rsn_ks,fair,2,dinov2_vitl14,rsn,main,4,jaguar|leopard|ocelot|tiger,cheetah|lion|puma|serval,0392b25e24e327cc7200d4147538d7baf14f98ee,6,0.136882288896534,0.124244588546725,0.23879864977929086,0.07013917164020446
rsn_ks,fair,1,dinov2_vitb14,rsn,main,3,jaguar|leopard|tiger,cheetah|lion|ocelot|puma|serval,d25915bb3231a4bc39acbe8802a9a845d10cb700,3,0.06962321197836492,0.06795386697021112,0.0871867753758695,0.029763857442328182
rsn_ks,fair,1,dinov2_vitl14,rsn,main,2,cheetah|leopard,jaguar|lion|ocelot|puma|serval|tiger,20e15e962d53a8a3cdf65510ad398da28d4392f1,1,0.21648085930880012,0.21648085930880012,0.21648085930880012,0.033528478901521795
rsn_ks,fair,1,dinov2_vitb14,rsn,main,3,jaguar|lion|ocelot,cheetah|leopard|puma|serval|tiger,d6b6f6499c70ad4cc450e8de897dd1283ccead02,3,0.13866643493000994,0.14606857266941475,0.189154404525944,0.036743675989038944
rsn_ks,fair,2,dinov2_vitb14,rsn,main,5,cheetah|jaguar|leopard|puma|serval,lion|ocelot|tiger,56a788f3034ae7ead73adcd53bdc42c72ca5aa20,10,0.10312663836727118,0.09810160755896513,0.15652055575229495,0.048302893047479145
rsn_ks,fair,2,dinov2_vitl14,rsn,main,4,jaguar|leopard|puma|serval,cheetah|lion|ocelot|tiger,f3e5d64ba563cb65d59519166f53e00552199096,6,0.16565712852256984,0.16520276913834403,0.23462791136701105,0.06826018779079115
rsn_ks,fair,1,dinov2_vitl14,rsn,main,2,cheetah|lion,jaguar|leopard|ocelot|puma|serval|tiger,5468059bd9f748a8480e77f676ab211a47557a65,1,0.1281802384852661,0.1281802384852661,0.1281802384852661,0.010910422827957995
rsn_ks,fair,1,dinov2_vitb14,rsn,main,3,jaguar|lion|puma,cheetah|leopard|ocelot|serval|tiger,cf5d9fe18b1ff4ad2e096abc9cb42a0613b4e4ed,3,0.12755135660654413,0.1256659515014783,0.189154404525944,0.03624318276520292
rsn_ks,fair,1,dinov2_vitl14,rsn,main,2,cheetah|ocelot,jaguar|leopard|lion|puma|serval|tiger,b0ef653ddac92e32aee931a462d64ec9b2526f01,1,0.10899653394727973,0.10899653394727973,0.10899653394727973,0.004034427323212714
rsn_ks,fair,2,dinov2_vitb14,rsn,main,5,cheetah|jaguar|leopard|puma|tiger,lion|ocelot|serval,9d8d283f74a0b62177c1adc2a68e9417cdddf90f,10,0.09097404930888348,0.09137263313271216,0.14667384489306745,0.036969589420740086
rsn_ks,fair,2,dinov2_vitl14,rsn,main,4,jaguar|leopard|puma|tiger,cheetah|lion|ocelot|serval,4a7f69b23e6311691bb9d47854978dc318b5d68a,6,0.170257685886642,0.1610148280907049,0.2784519725824885,0.07461303580541051
rsn_ks,fair,1,dinov2_vitl14,rsn,main,2,cheetah|puma,jaguar|leopard|lion|ocelot|serval|tiger,44bfd6c62b61381df1d144381a84d28efa8e80f9,1,0.07614931453867993,0.07614931453867993,0.07614931453867993,0.022263383878217604
rsn_ks,fair,1,dinov2_vitb14,rsn,main,3,jaguar|lion|serval,cheetah|leopard|ocelot|puma|tiger,dfddfa6574daf37e6f38f86357d2469f7dde612e,3,0.15683449355134632,0.14088571405912947,0.189154404525944,0.04944154776898859
rsn_ks,fair,1,dinov2_vitl14,rsn,main,2,cheetah|serval,jaguar|leopard|lion|ocelot|puma|tiger,094ebbf6d2d556586f255938723889747749c9e9,1,0.10461160832451033,0.10461160832451033,0.10461160832451033,0.05871596168930031
rsn_ks,fair,2,dinov2_vitb14,rsn,main,5,cheetah|jaguar|leopard|serval|tiger,lion|ocelot|puma,11d0088e9a3a99810745fad9ef1ccdde9def41eb,10,0.0954408826425746,0.09491822367312841,0.15652055575229495,0.04877032521501731
rsn_ks,fair,2,dinov2_vitl14,rsn,main,4,jaguar|leopard|serval|tiger,cheetah|lion|ocelot|puma,20319212a7744af9e5fa168517cd08394c9c1487,6,0.1664857145092279,0.17298009515039442,0.25638636298925016,0.058984362754816284
rsn_ks,fair,1,dinov2_vitb14,rsn,main,3,jaguar|lion|tiger,cheetah|leopard|ocelot|puma|serval,ddf08e9f54d97fa46516fd0b5178be95774c8cda,3,0.1560410556310783,0.189154404525944,0.19178198699142146,0.03785816305471696
rsn_ks,fair,1,dinov2_vitl14,rsn,main,2,cheetah|tiger,jaguar|leopard|lion|ocelot|puma|serval,c5b868aaa71fd8ddc4212d35979fea63b2aa9174,1,0.29876282637961454,0.29876282637961454,0.29876282637961454,0.06234524042151045
rsn_ks,fair,1,dinov2_vitb14,rsn,main,3,jaguar|ocelot|puma,cheetah|leopard|lion|serval|tiger,916fc6f674360357b42e12fdefdf734fde45ab95,3,0.09818079409551655,0.08810010319040035,0.1256659515014783,0.018937184849040355
rsn_ks,fair,2,dinov2_vitb14,rsn,main,5,cheetah|jaguar|lion|ocelot|puma,leopard|serval|tiger,891e49bf57134529a2605a9e1082b6d1774622ac,10,0.11815144621751691,0.10632764777355388,0.22578087970268734,0.03714321004352576
rsn_ks,fair,1,dinov2_vitl14,rsn,main,2,jaguar|leopard,cheetah|lion|ocelot|puma|serval|tiger,d287830e99514d59792a4a3276a1fc5d838bf694,1,0.06817267933689919,0.06817267933689919,0.06817267933689919,0.03256645826570299
rsn_ks,fair,2,dinov2_vitl14,rsn,main,4,jaguar|lion|ocelot|puma,cheetah|leopard|serval|tiger,e7cc479d47cbbe83c182138d505a9d3ded06994c,6,0.10937814556660368,0.10213477553987343,0.1532375020786545,0.018196213809145885
rsn_ks,fair,1,dinov2_vitb14,rsn,main,3,jaguar|ocelot|serval,cheetah|leopard|lion|puma|tiger,1b287f12c366e742048b16ae932d973863d18dfa,3,0.12398192261411023,0.14046336206896548,0.1507060781786942,0.05005163123588998
rsn_ks,fair,1,dinov2_vitl14,rsn,main,2,jaguar|lion,cheetah|leopard|ocelot|puma|serval|tiger,0e28aa1f536c9ac1e2d5003917d55b8f69ca680a,1,0.0937367916726829,0.0937367916726829,0.0937367916726829,0.00994745513305072
rsn_ks,fair,2,dinov2_vitb14,rsn,main,5,cheetah|jaguar|lion|ocelot|serval,leopard|puma|tiger,2bb025d1a31dd34e132a3c2ae42db3073185b3d9,10,0.1343189957010755,0.1278409342036995,0.22578087970268734,0.05155553842477815
rsn_ks,fair,2,dinov2_vitl14,rsn,main,4,jaguar|lion|ocelot|serval,cheetah|leopard|puma|tiger,f9ff7516e134c7dd30baec6c5b9d1a5da6620b97,6,0.12128242333177737,0.11648858330405565,0.17716803619803356,0.060594552789599986
rsn_ks,fair,1,dinov2_vitb14,rsn,main,3,jaguar|ocelot|tiger,cheetah|leopard|lion|puma|serval,0ad8d69825d71974df31e341ea10c31154b60747,3,0.0991043595103765,0.0871867753758695,0.12934997556058897,0.02884563407179186
rsn_ks,fair,1,dinov2_vitl14,rsn,main,2,jaguar|ocelot,cheetah|leopard|lion|puma|serval|tiger,d988f91b922f14b9bfcec5902c2e53cca5872d6d,1,0.07541093223638551,0.07541093223638551,0.07541093223638551,0.004997480123821093
rsn_ks,fair,1,dinov2_vitb14,rsn,main,3,jaguar|puma|serval,cheetah|leopard|lion|ocelot|tiger,9b39a25fccbdbcd4a67c4ec6890482de3ea1d1b0,3,0.13790482923127115,0.14046336206896548,0.1475851741233697,0.0489133550427949
rsn_ks,fair,1,dinov2_vitl14,rsn,main,2,jaguar|puma,cheetah|leopard|lion|ocelot|serval|tiger,9fe2944fbbe27b2abb6522b76366307bd4fa0d6d,1,0.15873754912152646,0.15873754912152646,0.15873754912152646,0.023225958102766783
rsn_ks,fair,2,dinov2_vitb14,rsn,main,5,cheetah|jaguar|lion|ocelot|tiger,leopard|puma|serval,64bbebf67d99a4ece1ac7676f81282be8ccc2ba2,10,0.12788030401626882,0.1120536674568493,0.22578087970268734,0.041302352489296375
rsn_ks,fair,2,dinov2_vitl14,rsn,main,4,jaguar|lion|ocelot|tiger,cheetah|leopard|puma|serval,60e7109283460967733ba5586d9895345ae22359,6,0.14357954011984234,0.1363960068216618,0.23879864977929086,0.06915294107287227
rsn_ks,fair,1,dinov2_vitl14,rsn,main,2,jaguar|serval,cheetah|leopard|lion|ocelot|puma|tiger,be2f2954175e169271507aa7057bb6a3d900b52d,1,0.1525682471264368,0.1525682471264368,0.1525682471264368,0.05775615544967174
rsn_ks,fair,1,dinov2_vitb14,rsn,main,3,jaguar|puma|tiger,cheetah|leopard|lion|ocelot|serval,c30dd6f3c3af8c17abafa8491965d0e542ec3fb2,3,0.11494970245804788,0.1256659515014783,0.13199638049679585,0.029021554614839216
rsn_ks,fair,1,dinov2_vitl14,rsn,main,2,jaguar|tiger,cheetah|leopard|lion|ocelot|puma|serval,ea23c37c6e5609d11ff87efef30d8aed45187d92,1,0.14414815368888223,0.14414815368888223,0.14414815368888223,0.06138585399239546
rsn_ks,fair,2,dinov2_vitl14,rsn,main,4,jaguar|lion|puma|serval,cheetah|leopard|ocelot|tiger,d347c5ed6a077aed1162e4e145e629ca1a7fff9f,6,0.12844388199857998,0.12607691969190993,0.17716803619803356,0.06433446740145594
rsn_ks,fair,2,dinov2_vitb14,rsn,main,5,cheetah|jaguar|lion|puma|serval,leopard|ocelot|tiger,71c97ecaa6b79f50bbf4ccea16619cc011153773,10,0.12909960082646574,0.1278409342036995,0.22578087970268734,0.04984165037852884
rsn_ks,fair,1,dinov2_vitb14,rsn,main,3,jaguar|serval|tiger,cheetah|leopard|lion|ocelot|puma,9287791129b3a4e215f39aec17e2f82f0a2a5f3a,3,0.10646162465924484,0.09173473653289954,0.14046336206896548,0.04813522240091569
rsn_ks,fair,1,dinov2_vitl14,rsn,main,2,leopard|lion,cheetah|jaguar|ocelot|puma|serval|tiger,d43560a3cea051f8234894f9aadd9c9c9adfdf70,1,0.1416999903264023,0.1416999903264023,0.1416999903264023,0.022626333009763
rsn_ks,fair,1,dinov2_vitb14,rsn,main,3,leopard|lion|ocelot,cheetah|jaguar|puma|serval|tiger,5bee2587e80a62a372cbf2b05d4b4248f751f91b,3,0.12819160289642048,0.14606857266941475,0.16769495754295632,0.02273768717721623
rsn_ks,fair,2,dinov2_vitl14,rsn,main,4,jaguar|lion|puma|tiger,cheetah|leopard|ocelot|serval,fb5f7bce8acb84b82d0cbc166827da31c961460e,6,0.16270984829761562,0.1610148280907049,0.2784519725824885,0.07277009456546707
rsn_ks,fair,1,dinov2_vitl14,rsn,main,2,leopard|ocelot,cheetah|jaguar|lion|puma|serval|tiger,43a3ae3a0f2d9e3ba7370b8558248f86efd7f9e4,1,0.11757567509328254,0.11757567509328254,0.11757567509328254,0.03755782584480893
rsn_ks,fair,2,dinov2_vitb14,rsn,main,5,cheetah|jaguar|lion|puma|tiger,leopard|ocelot|serval,bf84639ad9de8baec94fd5fdf9e4d0f06102cb43,10,0.1242471765570361,0.11380772400751774,0.22578087970268734,0.040005962500057037
rsn_ks,fair,1,dinov2_vitb14,rsn,main,3,leopard|lion|puma,cheetah|jaguar|ocelot|serval|tiger,3d14ea68f2632e1ad8da18d7280f332c9297a4f0,3,0.1140849555752375,0.10672619539054612,0.16769495754295632,0.019297858507105494
rsn_ks,fair,1,dinov2_vitl14,rsn,main,2,leopard|puma,cheetah|jaguar|lion|ocelot|serval|tiger,011eeb88ce2ae28ca1506ad14ae3000d0c68d34d,1,0.21927365924533437,0.21927365924533437,0.21927365924533437,0.05575024759505771
rsn_ks,fair,2,dinov2_vitl14,rsn,main,4,jaguar|lion|serval|tiger,cheetah|leopard|ocelot|puma,a033afe1b827e54b2fc5d9ac73503799defbd336,6,0.16780527164003314,0.17298009515039442,0.25638636298925016,0.06836832067340992
rsn_ks,fair,2,dinov2_vitb14,rsn,main,5,cheetah|jaguar|lion|serval|tiger,leopard|ocelot|puma,d3b2b10bed2041105f459460f7a2db30bb6b2cec,10,0.13437754449781694,0.11617816166487044,0.22578087970268734,0.04964641632015132
rsn_ks,fair,1,dinov2_vitl14,rsn,main,2,leopard|serval,cheetah|jaguar|lion|ocelot|puma|tiger,d5d6f6277a054926a38ebe72f0b4f482a7fcb9f8,1,0.20172622731023102,0.20172622731023102,0.20172622731023102,0.02523716610853749
rsn_ks,fair,1,dinov2_vitb14,rsn,main,3,leopard|lion|serval,cheetah|jaguar|ocelot|puma|tiger,e3a1933851f0c69181ffe85fd250d3ce81f5d4cd,3,0.13671797162130397,0.14088571405912947,0.16769495754295632,0.02649666093403691
rsn_ks,fair,1,dinov2_vitl14,rsn,main,2,leopard|tiger,cheetah|jaguar|lion|ocelot|puma|serval,5b93c948b06ba51f61a7721aabb7599cfe1aec73,1,0.10088438344919087,0.10088438344919087,0.10088438344919087,0.02887712455967266
rsn_ks,fair,2,dinov2_vitl14,rsn,main,4,jaguar|ocelot|puma|serval,cheetah|leopard|lion|tiger,ed9663d961ec8636d2e81d93a7505bbe4778d268,6,0.13664099577021593,0.14489314585712956,0.17716803619803356,0.06783062535516075
rsn_ks,fair,1,dinov2_vitb14,rsn,main,3,leopard|lion|tiger,cheetah|jaguar|ocelot|puma|serval,14cbe21238f15360bf45dc296884e1a37f430b38,3,0.1424769371681963,0.16769495754295632,0.19178198699142146,0.014632739528005787
rsn_ks,fair,2,dinov2_vitb14,rsn,main,5,cheetah|jaguar|ocelot|puma|serval,leopard|lion|tiger,15907c5fdd6d7ca14ad3b51cb25c14fa4c5f9983,10,0.11387866266741431,0.10912604677149731,0.15652055575229495,0.049303553024906806
rsn_ks,fair,1,dinov2_vitl14,rsn,main,2,lion|ocelot,cheetah|jaguar|leopard|puma|serval|tiger,7ff645877b1353f4be598a4df98f706b6401598e,1,0.10219989949915897,0.10219989949915897,0.10219989949915897,0.014944192348053836
rsn_ks,fair,1,dinov2_vitb14,rsn,main,3,leopard|ocelot|puma,cheetah|jaguar|lion|serval|tiger,ec47dc5b53b57b799e9a3bed319ad3df8f0a94b2,3,0.08854585901927896,0.08810010319040035,0.10672619539054612,0.007665324397472603
rsn_ks,fair,2,dinov2_vitl14,rsn,main,4,jaguar|ocelot|puma|tiger,cheetah|leopard|lion|serval,23dbcc13cb1366fa28e13a928049d70915172d40,6,0.1750346459987694,0.1610148280907049,0.2784519725824885,0.07653265819276954
rsn_ks,fair,1,dinov2_vitl14,rsn,main,2,lion|puma,cheetah|jaguar|leopard|ocelot|serval|tiger,7e01dca6efe42a8b72a384aacdf00dcfebfb704b,1,0.09570947868791368,0.09570947868791368,0.09570947868791368,0.03316575064811139
rsn_ks,fair,2,dinov2_vitb14,rsn,main,5,cheetah|jaguar|ocelot|puma|tiger,leopard|lion|serval,baf099fc265811accde15fbff99707a33abea98f,10,0.09965561376141699,0.09884879910143796,0.14667384489306745,0.03599018779829445
rsn_ks,fair,1,dinov2_vitb14,rsn,main,3,leopard|ocelot|serval,cheetah|jaguar|lion|puma|tiger,2bff222096ed96858cc7551f9b9f84199f646280,3,0.10769686663913691,0.10157324326182615,0.1507060781786942,0.03619509535456103
rsn_ks,fair,1,dinov2_vitl14,rsn,main,2,lion|serval,cheetah|jaguar|leopard|ocelot|puma|tiger,574c1b88bb29731a1bded685f838be7a32da93f2,1,0.11611688713361257,0.11611688713361257,0.11611688713361257,0.04783618348436791
rsn_ks,fair,2,dinov2_vitl14,rsn,main,4,jaguar|ocelot|serval|tiger,cheetah|leopard|lion|puma,5fba9db0cf459cbec642a4db314e836428361552,6,0.1784767195770093,0.17298009515039442,0.25638636298925016,0.07623924924783193
rsn_ks,fair,1,dinov2_vitb14,rsn,main,3,leopard|ocelot|tiger,cheetah|jaguar|lion|puma|serval,52d00bef0eb3a9aae5a45b0c636917c4f5f40967,3,0.08937170700256349,0.0708112784768904,0.12934997556058897,0.01485908684629865
rsn_ks,fair,2,dinov2_vitb14,rsn,main,5,cheetah|jaguar|ocelot|serval|tiger,leopard|lion|puma,e9ef0dfef99f289bf339dd3db634aad15a1b98d8,10,0.11099920325201915,0.10554185815428349,0.15652055575229495,0.05106968893576739
rsn_ks,fair,1,dinov2_vitl14,rsn,main,2,lion|tiger,cheetah|jaguar|leopard|ocelot|puma|serval,a1c52804961b518428fbeaa7cb622ae04e79875f,1,0.18871109048616613,0.18871109048616613,0.18871109048616613,0.05146982803630943
rsn_ks,fair,1,dinov2_vitb14,rsn,main,3,leopard|puma|serval,cheetah|jaguar|lion|ocelot|tiger,c0a91452e5013c00a7e43fc32c63229fe7b7dcc7,3,0.11862820425858066,0.10672619539054612,0.1475851741233697,0.03311212334931237
rsn_ks,fair,2,dinov2_vitl14,rsn,main,4,jaguar|puma|serval|tiger,cheetah|leopard|lion|ocelot,ed32d6c2bfdbdd108c664dc12ea5307883d37e73,6,0.1928687600445765,0.17298009515039442,0.2784519725824885,0.08080928188699069
rsn_ks,fair,1,dinov2_vitl14,rsn,main,2,ocelot|puma,cheetah|jaguar|leopard|lion|serval|tiger,7e7adecd2763cb654e064886db6ca6f04e85784a,1,0.14086276873352913,0.14086276873352913,0.14086276873352913,0.01823059402703743
rsn_ks,fair,2,dinov2_vitb14,rsn,main,5,cheetah|jaguar|puma|serval|tiger,leopard|lion|ocelot,d32f451214058d6682126c80f03889ff3603b34c,10,0.11275086290357225,0.11070447665974908,0.15652055575229495,0.04940270130634126
rsn_ks,fair,1,dinov2_vitb14,rsn,main,3,leopard|puma|tiger,cheetah|jaguar|lion|ocelot|serval,c8472a855de0e3a1ee466eeb04cccc4311119a91,3,0.1022254809525177,0.10672619539054612,0.13199638049679585,0.010885311490162275
rsn_ks,fair,1,dinov2_vitl14,rsn,main,2,ocelot|serval,cheetah|jaguar|leopard|lion|puma|tiger,a24e195c027e8f3d624edaf45ab9f266e40ea329,1,0.13657876165930294,0.13657876165930294,0.13657876165930294,0.06273552788941371
rsn_ks,fair,2,dinov2_vitl14,rsn,main,4,leopard|lion|ocelot|puma,cheetah|jaguar|serval|tiger,cb9163d003f48ad818f7098ac55cdd516f9090c7,6,0.14534227320555893,0.14013431514610145,0.23462791136701105,0.04980309298740429
rsn_ks,fair,2,dinov2_vitb14,rsn,main,5,cheetah|leopard|lion|ocelot|puma,jaguar|serval|tiger,436e1f2b2175f6496ad7942ef5c9450263cc7844,10,0.09980423655302956,0.09342950471680112,0.1665570105005913,0.020935526013735693
rsn_ks,fair,1,dinov2_vitb14,rsn,main,3,leopard|serval|tiger,cheetah|jaguar|lion|ocelot|puma,add300bd1c8461b104e72b3335e877f5b5097a0b,3,0.08708728225497893,0.09173473653289954,0.10157324326182615,0.027580824368165464
rsn_ks,fair,1,dinov2_vitl14,rsn,main,2,ocelot|tiger,cheetah|jaguar|leopard|lion|puma|serval,09b62242a6166732aa61290b29b069241e831ee2,1,0.21361536094188102,0.21361536094188102,0.21361536094188102,0.06636297564189066
rsn_ks,fair,2,dinov2_vitl14,rsn,main,4,leopard|lion|ocelot|serval,cheetah|jaguar|puma|tiger,c14ef4970a94e9516ebe10237361f2ee52786940,6,0.14917533648573192,0.1483036935754955,0.21013115857638587,0.05878761340933368
rsn_ks,fair,1,dinov2_vitl14,rsn,main,2,puma|serval,cheetah|jaguar|leopard|lion|ocelot|tiger,d50e9a15be6ff70b84703eff19dc5767e4c59530,1,0.11971315747273892,0.11971315747273892,0.11971315747273892,0.08087362626969521
rsn_ks,fair,1,dinov2_vitb14,rsn,main,3,lion|ocelot|puma,cheetah|jaguar|leopard|serval|tiger,096bc547a8171a0fc2c74eff590b174319f99214,3,0.10066746321734171,0.08810010319040035,0.14606857266941475,0.023844010480415796
rsn_ks,fair,2,dinov2_vitb14,rsn,main,5,cheetah|leopard|lion|ocelot|serval,jaguar|puma|tiger,5ada7459466ea7d63ad7604769c16b6d95febc4d,10,0.11389291728028743,0.10966635236230463,0.1665570105005913,0.03338185941888129
rsn_ks,fair,1,dinov2_vitl14,rsn,main,2,puma|tiger,cheetah|jaguar|leopard|lion|ocelot|serval,b34ba1bc1432d0525755cd642a9b4784b5f2df7d,1,0.2761513048809956,0.2761513048809956,0.2761513048809956,0.0844913489537879
rsn_ks,fair,1,dinov2_vitb14,rsn,main,3,lion|ocelot|serval,cheetah|jaguar|leopard|puma|tiger,8453ce4064fe511b83970836397055d7c91c9dda,3,0.1458867883024128,0.14606857266941475,0.1507060781786942,0.03445771883632215
rsn_ks,fair,2,dinov2_vitl14,rsn,main,4,leopard|lion|ocelot|tiger,cheetah|jaguar|puma|serval,7da2061e5f57de00ac43329fe533d6f93373777f,6,0.15298573129192652,0.1483036935754955,0.23879864977929086,0.06528090528979118
rsn_ks,fair,2,dinov2_vitb14,rsn,main,5,cheetah|leopard|lion|ocelot|tiger,jaguar|puma|serval,167109eabf59863f5f307681f0ec386a3a369c7d,10,0.11066898427839802,0.09881288372803052,0.18827223884801092,0.02204573103224705
rsn_ks,fair,1,dinov2_vitl14,rsn,main,2,serval|tiger,cheetah|jaguar|leopard|lion|ocelot|puma,d85e2679d23d472b25bc0c63976b41df24aa8a34,1,0.2661037486442516,0.2661037486442516,0.2661037486442516,0.003642613103016866
rsn_ks,fair,1,dinov2_vitb14,rsn,main,3,lion|ocelot|tiger,cheetah|jaguar|leopard|puma|serval,e071f4bda55ef396f63cc83e329d3d78c8e6fdda,3,0.15573351174047506,0.14606857266941475,0.19178198699142146,0.022595516201866433
rsn_ks,fair,2,dinov2_vitl14,rsn,main,4,leopard|lion|puma|serval,cheetah|jaguar|ocelot|tiger,2f86ddcbb90319f577f1dea23d91454ff0dc70fb,6,0.1568170735871656,0.1363485738620706,0.23462791136701105,0.06399703076420078
rsn_ks,fair,1,dinov2_vitl14,rsn,main,3,cheetah|jaguar|leopard,lion|ocelot|puma|serval|tiger,8e3252c830c1f25622268396163d0feb68d4aadb,3,0.15028399242569945,0.16619843863139902,0.21648085930880012,0.03151366409279817
rsn_ks,fair,1,dinov2_vitb14,rsn,main,3,lion|puma|serval,cheetah|jaguar|leopard|ocelot|tiger,8c35847ba9bca4c4df9ae1f3add2634685ccdfdd,3,0.1187682006582364,0.14088571405912947,0.1475851741233697,0.03002826742210372
rsn_ks,fair,2,dinov2_vitb14,rsn,main,5,cheetah|leopard|lion|puma|serval,jaguar|ocelot|tiger,91553d73339874a822dd912544a67d1a50d9126c,10,0.10457381721162591,0.09810160755896513,0.1665570105005913,0.02885601282144326
rsn_ks,fair,1,dinov2_vitl14,rsn,main,3,cheetah|jaguar|lion,leopard|ocelot|puma|serval|tiger,53d641e100c9bf82a47c190db3fbb5e40abe8de5,3,0.12937182292978266,0.1281802384852661,0.16619843863139902,0.009897431287297143
rsn_ks,fair,2,dinov2_vitl14,rsn,main,4,leopard|lion|puma|tiger,cheetah|jaguar|ocelot|serval,ce72f0ff7bc9dff58dace9d8f8ef928fce0b0853,6,0.17259631790433086,0.16569669367371093,0.2784519725824885,0.07029258183071685
rsn_ks,fair,1,dinov2_vitb14,rsn,main,3,lion|puma|tiger,cheetah|jaguar|leopard|ocelot|serval,b7a91eceb5a0ebfccda5c598d65b8ff867a99a77,3,0.1305373604268091,0.13199638049679585,0.19178198699142146,0.018125260553690976
rsn_ks,fair,2,dinov2_vitb14,rsn,main,5,cheetah|leopard|lion|puma|tiger,jaguar|ocelot|serval,6af6a04daa3ca39f10090888b377e1b22a6dfae6,10,0.10293615162511353,0.09342950471680112,0.18827223884801092,0.016311502207385496
rsn_ks,fair,1,dinov2_vitl14,rsn,main,3,cheetah|jaguar|ocelot,leopard|lion|puma|serval|tiger,53b213a5a753d54b8c647c7f0219ab33a33c9912,3,0.11686863493835475,0.10899653394727973,0.16619843863139902,0.004324040510137908
rsn_ks,fair,1,dinov2_vitb14,rsn,main,3,lion|serval|tiger,cheetah|jaguar|leopard|ocelot|puma,70ce236ef9bdfc2e16fc20d5c48a00aa6edec745,3,0.1414674791944835,0.14088571405912947,0.19178198699142146,0.01951093049883573
rsn_ks,fair,2,dinov2_vitl14,rsn,main,4,leopard|lion|serval|tiger,cheetah|jaguar|ocelot|puma,117c67c95d8a8febd2112f1e8322ffb05eddc7b6,6,0.1696205267617477,0.16569669367371093,0.25638636298925016,0.0499786870868279
rsn_ks,fair,1,dinov2_vitl14,rsn,main,3,cheetah|jaguar|puma,leopard|lion|ocelot|serval|tiger,654532a27b14d1a0e5f95c6f23255ca5e69cb291,3,0.13369510076386848,0.15873754912152646,0.16619843863139902,0.021297708912750235
rsn_ks,fair,2,dinov2_vitb14,rsn,main,5,cheetah|leopard|lion|serval|tiger,jaguar|ocelot|puma,0dfe11e1cc4898e43d7dab43f516af9095cb85f4,10,0.11098765080959368,0.10602279942372866,0.18827223884801092,0.02383908110485967
rsn_ks,fair,1,dinov2_vitb14,rsn,main,3,ocelot|puma|serval,cheetah|jaguar|leopard|lion|tiger,97d27cbeb4474afb42fa246ad57c7558a74ae021,3,0.12879711849748807,0.1475851741233697,0.1507060781786942,0.03768860546036564
rsn_ks,fair,1,dinov2_vitl14,rsn,main,3,cheetah|jaguar|serval,leopard|lion|ocelot|puma|tiger,dc714cf2a27cded99c5d89224c3f533aaa194ecc,3,0.14112609802744872,0.1525682471264368,0.16619843863139902,0.05599728774124602
rsn_ks,fair,2,dinov2_vitl14,rsn,main,4,leopard|ocelot|puma|serval,cheetah|jaguar|lion|tiger,b9730cbc00179ba8615f29dfba92b5bf2594bbd2,6,0.1687847074947624,0.15411192653664807,0.23462791136701105,0.07025376059753911
rsn_ks,fair,1,dinov2_vitb14,rsn,main,3,ocelot|puma|tiger,cheetah|jaguar|leopard|lion|serval,72f03080ba21a3c138aa47102e2097d3733fbe4e,3,0.11648215308259506,0.12934997556058897,0.13199638049679585,0.015371731555468893
rsn_ks,fair,2,dinov2_vitb14,rsn,main,5,cheetah|leopard|ocelot|puma|serval,jaguar|lion|tiger,8274348059354d8b50fe873a3d8dc85db6459d8a,10,0.09406648444242893,0.08925930090924601,0.15286688750902244,0.03437121372111687
rsn_ks,fair,1,dinov2_vitl14,rsn,main,3,cheetah|jaguar|tiger,leopard|lion|ocelot|puma|serval,af26c09034ac44e6d4278839609386a7a661656b,3,0.20303647289996526,0.16619843863139902,0.29876282637961454,0.05956009276180951
rsn_ks,fair,1,dinov2_vitb14,rsn,main,3,ocelot|serval|tiger,cheetah|jaguar|leopard|lion|puma,f2123ac97acfe6436b00747c853ecbe33f6904ec,3,0.1239302634240609,0.12934997556058897,0.1507060781786942,0.03433266275216783
rsn_ks,fair,2,dinov2_vitl14,rsn,main,4,leopard|ocelot|puma|tiger,cheetah|jaguar|lion|serval,19d9b5c0fd4fd91068b20f0f35c9aed21f752c9a,6,0.1886916357414455,0.1937577289307019,0.2784519725824885,0.07659831207079768
rsn_ks,fair,1,dinov2_vitl14,rsn,main,3,cheetah|leopard|lion,jaguar|ocelot|puma|serval|tiger,d4ea08d99df0a6cbedb5211ba9e93e2362bc45a5,3,0.16212036270682284,0.1416999903264023,0.21648085930880012,0.028088396522401506
rsn_ks,fair,2,dinov2_vitb14,rsn,main,5,cheetah|leopard|ocelot|puma|tiger,jaguar|lion|serval,e374846181ddd31f6dd2054bbad3f92f4f145310,10,0.08305819421934892,0.0870429563929594,0.11197759194097234,0.019672249912899033
rsn_ks,fair,1,dinov2_vitb14,rsn,main,3,puma|serval|tiger,cheetah|jaguar|leopard|lion|ocelot,dcf017478756c7bd7dd156e7cb67f803863c3584,3,0.1237720970510217,0.13199638049679585,0.1475851741233697,0.030495462519014666
rsn_ks,fair,2,dinov2_vitl14,rsn,main,4,leopard|ocelot|serval|tiger,cheetah|jaguar|lion|puma,c0710c2e206ff89926e84280b48d01bdb78c1493,6,0.18406249483468473,0.18273373257764464,0.25638636298925016,0.06257587187880419
rsn_ks,fair,1,dinov2_vitl14,rsn,main,3,cheetah|leopard|ocelot,jaguar|lion|puma|serval|tiger,3d188a091ea1f4d3cb2d2ebda6524b547b458eae,3,0.1476843561164541,0.11757567509328254,0.21648085930880012,0.034060486539933925
rsn_ks,fair,2,dinov2_vitb14,rsn,main,5,cheetah|leopard|ocelot|serval|tiger,jaguar|lion|puma,b40cfccf44bcb97dfd289891998e695c9aafac50,10,0.09232291495365035,0.0870429563929594,0.15286688750902244,0.033079347450260706
rsn_ks,fair,1,dinov2_vitb14,rsn,main,4,cheetah|jaguar|leopard|lion,ocelot|puma|serval|tiger,a3a7ca82d3e44f54a6e2384eeb88ccd5fa4781ca,6,0.10977300893455962,0.10164389298623117,0.189154404525944,0.03240689105044341
rsn_ks,fair,1,dinov2_vitl14,rsn,main,3,cheetah|leopard|puma,jaguar|lion|ocelot|serval|tiger,0a827ed82e829ea2ce50f34d58e33c5621fa005a,3,0.17063461103093813,0.21648085930880012,0.21927365924533437,0.04611083147535513
rsn_ks,fair,2,dinov2_vitl14,rsn,main,4,leopard|puma|serval|tiger,cheetah|jaguar|lion|ocelot,28a7ab7d87fe82c84adee03beebf2101c03d863e,6,0.19893481373688296,0.22237953497169846,0.2784519725824885,0.06906143444290393
rsn_ks,fair,1,dinov2_vitb14,rsn,main,4,cheetah|jaguar|leopard|ocelot,lion|puma|serval|tiger,c98c633f5e0fe53172700b5f80b6707654ae5e99,6,0.06799544805597872,0.062270136032952284,0.10415518310930165,0.01892569298763624
rsn_ks,fair,2,dinov2_vitb14,rsn,main,5,cheetah|leopard|puma|serval|tiger,jaguar|lion|ocelot,7dea7df18ff2f85f463d67a664c834e9da4301a2,10,0.08997486941115172,0.09137263313271216,0.14051232645658884,0.028604863152920632
rsn_ks,fair,1,dinov2_vitl14,rsn,main,3,cheetah|leopard|serval,jaguar|lion|ocelot|puma|tiger,c3f86425e703b5174a19547db5eb186e8846fb3b,3,0.17427289831451384,0.20172622731023102,0.21648085930880012,0.047936675985106154
rsn_ks,fair,2,dinov2_vitl14,rsn,main,4,lion|ocelot|puma|serval,cheetah|jaguar|leopard|tiger,ef91c551f5fb705cea4238a94d427118d3a1eb45,6,0.12471808111301247,0.12607691969190993,0.1553363065789034,0.0658265897339444
rsn_ks,fair,1,dinov2_vitb14,rsn,main,4,cheetah|jaguar|leopard|puma,lion|ocelot|serval|tiger,0c04c660d5ac78e9e7d58f155f98c23cd1b17023,6,0.07888994186594041,0.07122329936881144,0.1256659515014783,0.019997439938306546
rsn_ks,fair,1,dinov2_vitl14,rsn,main,3,cheetah|leopard|tiger,jaguar|lion|ocelot|puma|serval,0c5b96a726c5ad227df91eb6e100deb09ebf0a9e,3,0.20537602304586847,0.21648085930880012,0.29876282637961454,0.05087473458071792
rsn_ks,fair,2,dinov2_vitb14,rsn,main,5,cheetah|lion|ocelot|puma|serval,jaguar|leopard|tiger,19bad0af06713cfe5ee0b41f3e68c836d2cd30e6,10,0.1131361294618571,0.10966635236230463,0.15947246394489556,0.03552786908995507
rsn_ks,fair,1,dinov2_vitb14,rsn,main,4,cheetah|jaguar|leopard|serval,lion|ocelot|puma|tiger,331de827c9f6da4a0b32d2a3c1b6fcd93afb43a7,6,0.0843546335412927,0.07765111842542016,0.14046336206896548,0.04370627620059834
rsn_ks,fair,1,dinov2_vitl14,rsn,main,3,cheetah|lion|ocelot,jaguar|leopard|puma|serval|tiger,36e3c4d39e4428a3d20640b0360df45f3694e7fb,3,0.11312555731056828,0.10899653394727973,0.1281802384852661,0.01266515150818056
rsn_ks,fair,2,dinov2_vitl14,rsn,main,4,lion|ocelot|puma|tiger,cheetah|jaguar|leopard|serval,bbdb3e2ba3027994067850a04d4bd4ca5f8eac52,6,0.17429041829465908,0.1621111681632141,0.2784519725824885,0.07427427561828935
rsn_ks,fair,2,dinov2_vitb14,rsn,main,5,cheetah|lion|ocelot|puma|tiger,jaguar|leopard|serval,61d68332b81c054946e0810d302840bf9bc1b070,10,0.10942800402773512,0.10175539074166359,0.18827223884801092,0.023374221610086753
rsn_ks,fair,1,dinov2_vitb14,rsn,main,4,cheetah|jaguar|leopard|tiger,lion|ocelot|puma|serval,32f175e47644d25d71488e84bf1ded6e743fe45c,6,0.06480963949004391,0.06084143027961265,0.0871867753758695,0.026244019671000905
rsn_ks,fair,1,dinov2_vitl14,rsn,main,3,cheetah|lion|puma,jaguar|leopard|ocelot|serval|tiger,f6b5f123125685c5501fed959c1a2de6aa382ed5,3,0.10001301057061991,0.09570947868791368,0.1281802384852661,0.027460340808019068
rsn_ks,fair,2,dinov2_vitl14,rsn,main,4,lion|ocelot|serval|tiger,cheetah|jaguar|leopard|puma,4add7130631aba0e44490831f53147bcbe30691b,6,0.1785286721077299,0.1715049266348635,0.25638636298925016,0.07106464414132392
rsn_ks,fair,1,dinov2_vitb14,rsn,main,4,cheetah|jaguar|lion|ocelot,leopard|puma|serval|tiger,f16d25b812c1db15f61083c2657f44e4640c84a5,6,0.12012517480869568,0.1251118778893582,0.189154404525944,0.03223193437985847
rsn_ks,fair,2,dinov2_vitb14,rsn,main,5,cheetah|lion|ocelot|serval|tiger,jaguar|leopard|puma,5538179fdb1e8f302af2136a6a2e1e0f0e250640,10,0.12435625936912628,0.11307491431710179,0.18827223884801092,0.033372008887409044
rsn_ks,fair,1,dinov2_vitl14,rsn,main,3,cheetah|lion|serval,jaguar|leopard|ocelot|puma|tiger,dd2b73b347e6477632b32cd1bf08eefcc8830534,3,0.116302911314463,0.11611688713361257,0.1281802384852661,0.05182606986086736
rsn_ks,fair,2,dinov2_vitl14,rsn,main,4,lion|puma|serval|tiger,cheetah|jaguar|leopard|ocelot,f1a08522ad4aaccb93cd3e5edd6be2fe7bb52c24,6,0.17915590219759345,0.15832542687918327,0.2784519725824885,0.07614112173704142
rsn_ks,fair,1,dinov2_vitb14,rsn,main,4,cheetah|jaguar|lion|puma,leopard|ocelot|serval|tiger,5fd1b9533542876d68d2c78e264e67fdc6c76aee,6,0.11199470598684728,0.10719177832504351,0.189154404525944,0.03207406940020491
rsn_ks,fair,1,dinov2_vitl14,rsn,main,3,cheetah|lion|tiger,jaguar|leopard|ocelot|puma|serval,ed0c367b6597dda7d531ec06d0408b3e65bee9b3,3,0.20521805178368227,0.18871109048616613,0.29876282637961454,0.055329752434723885
rsn_ks,fair,2,dinov2_vitb14,rsn,main,5,cheetah|lion|puma|serval|tiger,jaguar|leopard|ocelot,6faa02dc901ef54712373001a6a4c825763ae71d,10,0.1145220352626479,0.11070447665974908,0.18827223884801092,0.028500883245918252
rsn_ks,fair,1,dinov2_vitb14,rsn,main,4,cheetah|jaguar|lion|serval,leopard|ocelot|puma|tiger,aa6303ff9691e2e7ad9c0164c8bcf358411daf2f,6,0.13049355639480617,0.14067453806404748,0.189154404525944,0.046362645140076535
rsn_ks,fair,1,dinov2_vitl14,rsn,main,3,cheetah|ocelot|puma,jaguar|leopard|lion|serval|tiger,031456b2a0d95aa334491f1e81ae815e40b01753,3,0.10866953907316294,0.10899653394727973,0.14086276873352913,0.01925650173234623
rsn_ks,fair,2,dinov2_vitl14,rsn,main,4,ocelot|puma|serval|tiger,cheetah|jaguar|leopard|lion,bc456b02929fab88cdaedca2ba4bdfb3b3ff8cea,6,0.1981164356469691,0.19706747817909714,0.2784519725824885,0.08289436079899047
rsn_ks,fair,2,dinov2_vitb14,rsn,main,5,cheetah|ocelot|puma|serval|tiger,jaguar|leopard|lion,08866877d7799872262132d728aff7f288922823,10,0.10419716512572322,0.10554185815428349,0.15286688750902244,0.035129139760260594
rsn_ks,fair,1,dinov2_vitb14,rsn,main,4,cheetah|jaguar|lion|tiger,leopard|ocelot|puma|serval,b0b0dbe8bb64254726425997abe8eca09d0ca876,6,0.1250345038808752,0.11837278387965883,0.19178198699142146,0.03440131807196459
rsn_ks,fair,1,dinov2_vitl14,rsn,main,3,cheetah|ocelot|serval,jaguar|leopard|lion|puma|tiger,dc145f2b18a7245e2a8231d2a9b6b04709aced89,3,0.11672896797703099,0.10899653394727973,0.13657876165930294,0.058517165931109005
rsn_ks,fair,2,dinov2_vitl14,rsn,main,5,cheetah|jaguar|leopard|lion|ocelot,puma|serval|tiger,89cc97bd200fc0365f630576b588aede868350e3,10,0.11518175247955043,0.10075705797301654,0.20457512242717207,0.03988082511333929
rsn_ks,fair,1,dinov2_vitl14,rsn,main,3,cheetah|ocelot|tiger,jaguar|leopard|lion|puma|serval,419a015a2fbb982b2e5cf93b9128bad9d1a4c155,3,0.20712490708959178,0.21361536094188102,0.29876282637961454,0.06207991846782919
rsn_ks,fair,1,dinov2_vitb14,rsn,main,4,cheetah|jaguar|ocelot|puma,leopard|lion|serval|tiger,0913510ea8e7aa3a5576d9562e6d2c2a9bf9c59a,6,0.08974215651897575,0.08840885416950453,0.1256659515014783,0.016504050313519324
rsn_ks,fair,2,dinov2_vitb14,rsn,main,5,jaguar|leopard|lion|ocelot|puma,cheetah|serval|tiger,ec1f04c741cbca05376c9b747a246630835537a5,10,0.12445364402906942,0.09602937105836817,0.22578087970268734,0.03853513969796831
rsn_ks,fair,2,dinov2_vitl14,rsn,main,5,cheetah|jaguar|leopard|lion|puma,ocelot|serval|tiger,b4a137310123b96f428e1fced947e1ddd5e43c73,10,0.13156609462367042,0.10743389989126412,0.23462791136701105,0.04372242410269233
rsn_ks,fair,1,dinov2_vitl14,rsn,main,3,cheetah|puma|serval,jaguar|leopard|lion|ocelot|tiger,d6bac7c05081b027e674d5b58cc67577e3537fc3,3,0.10015802677864305,0.10461160832451033,0.11971315747273892,0.06944984357133809
rsn_ks,fair,1,dinov2_vitb14,rsn,main,4,cheetah|jaguar|ocelot|serval,leopard|lion|puma|tiger,b024a578ad50dc858b69164a1b64253417aae0bf,6,0.10650000271383035,0.1080082399356285,0.1507060781786942,0.044487185265108586
rsn_ks,fair,2,dinov2_vitb14,rsn,main,5,jaguar|leopard|lion|ocelot|serval,cheetah|puma|tiger,043fbf3a6e461f46905fd3168547c058a21656c1,10,0.1346960128678591,0.14591514433037184,0.22578087970268734,0.05169191449651729
rsn_ks,fair,1,dinov2_vitb14,rsn,main,4,cheetah|jaguar|ocelot|tiger,leopard|lion|puma|serval,f49626444ddc173e40728db01bcd2e8dda335a7c,6,0.08899888760816653,0.08433703540752152,0.12934997556058897,0.02507635709639597
rsn_ks,fair,1,dinov2_vitl14,rsn,main,3,cheetah|puma|tiger,jaguar|leopard|lion|ocelot|serval,1b1fc3f48af7af4d3014e118a46e9cb92dd4f778,3,0.21702114859976337,0.2761513048809956,0.29876282637961454,0.07291679485713957
rsn_ks,fair,2,dinov2_vitl14,rsn,main,5,cheetah|jaguar|leopard|lion|serval,ocelot|puma|tiger,20278f53bc600a48fd15097e86d748e79c41f7c2,10,0.1352177037296522,0.12178770765544633,0.21013115857638587,0.051170525935959825
rsn_ks,fair,2,dinov2_vitb14,rsn,main,5,jaguar|leopard|lion|ocelot|tiger,cheetah|puma|serval,3ef0f8d2a506cb7ea99e5c5c96f3194d1143f598,10,0.1272338350489739,0.10457481878473338,0.22578087970268734,0.042058123166135324
rsn_ks,fair,1,dinov2_vitb14,rsn,main,4,cheetah|jaguar|puma|serval,leopard|lion|ocelot|tiger,65ecbd251d2acc32331517e1c48daf63a66fee35,6,0.11088852636229533,0.11876362413171682,0.1475851741233697,0.04387501141501963
rsn_ks,fair,1,dinov2_vitl14,rsn,main,3,cheetah|serval|tiger,jaguar|leopard|lion|ocelot|puma,ef9370d629e67d15951792166ed81e528a59b9c2,3,0.22315939444945884,0.2661037486442516,0.29876282637961454,0.056028650649986696
rsn_ks,fair,2,dinov2_vitb14,rsn,main,5,jaguar|leopard|lion|puma|serval,cheetah|ocelot|tiger,722d9f0fc61a5f98c3484de923388af4676b4f7e,10,0.13267188943653935,0.13973786380415504,0.22578087970268734,0.04981667564287693
rsn_ks,fair,2,dinov2_vitl14,rsn,main,5,cheetah|jaguar|leopard|lion|tiger,ocelot|puma|serval,928e68de4cd730aaef8b1fcf6a6a6104f2d6ef92,10,0.14564698915533927,0.12915897444997398,0.26532606504649314,0.05742230324621255
rsn_ks,fair,1,dinov2_vitl14,rsn,main,3,jaguar|leopard|lion,cheetah|ocelot|puma|serval|tiger,d8f6315759e2b4a2e039c6e60da0ae3d2039ab5e,3,0.10120315377866146,0.0937367916726829,0.1416999903264023,0.02742083629941231
rsn_ks,fair,1,dinov2_vitb14,rsn,main,4,cheetah|jaguar|puma|tiger,leopard|lion|ocelot|serval,76930724b07c61be43e3b79a40091063e3b94209,6,0.09434862942188672,0.0879521902622391,0.13199638049679585,0.02540301739738558
rsn_ks,fair,1,dinov2_vitl14,rsn,main,3,jaguar|leopard|ocelot,cheetah|lion|puma|serval|tiger,3153caf5d2ac74fa8a76f754fd50943b22f9f1ed,3,0.08705309555552242,0.07541093223638551,0.11757567509328254,0.033678480089830064
rsn_ks,fair,1,dinov2_vitb14,rsn,main,4,cheetah|jaguar|serval|tiger,leopard|lion|ocelot|puma,0aa854e516d38edb1006597538144094348754e9,6,0.09396187245804298,0.08946075595438452,0.14046336206896548,0.04434096764337562
rsn_ks,fair,2,dinov2_vitb14,rsn,main,5,jaguar|leopard|lion|puma|tiger,cheetah|ocelot|serval,55c689a75a2d34b356f166252ab5b3f9d451e6ee,10,0.12679597903303122,0.1063288753354018,0.22578087970268734,0.0405701523530098
rsn_ks,fair,2,dinov2_vitl14,rsn,main,5,cheetah|jaguar|leopard|ocelot|puma,lion|serval|tiger,ff2f08f459a3fee0618ee4903579bd1c9dd0b0cc,10,0.1326846208610774,0.12557344893947717,0.23462791136701105,0.04671905912670401
rsn_ks,fair,1,dinov2_vitl14,rsn,main,3,jaguar|leopard|puma,cheetah|lion|ocelot|serval|tiger,fbc05baf2091f3e9c13c46a2f8183bee6d17f950,3,0.14872796256792,0.15873754912152646,0.21927365924533437,0.045972269768222974
rsn_ks,fair,1,dinov2_vitb14,rsn,main,4,cheetah|leopard|lion|ocelot,jaguar|puma|serval|tiger,006ebf6b3c4a9fab9e35f3614d509eaffb45b005,6,0.11429198686310199,0.1251118778893582,0.16769495754295632,0.023161995044760176
rsn_ks,fair,2,dinov2_vitl14,rsn,main,5,cheetah|jaguar|leopard|ocelot|serval,lion|puma|tiger,7cea1598887938e687c9c404799aee95f7980a5c,10,0.13534422010855263,0.13374282736887122,0.21013115857638587,0.057425196098555314
rsn_ks,fair,2,dinov2_vitb14,rsn,main,5,jaguar|leopard|lion|serval|tiger,cheetah|ocelot|puma,6c47770fc1f293275e45454a039ac14564f92229,10,0.13100116632904313,0.12419738126512353,0.22578087970268734,0.04924280089488634
rsn_ks,fair,1,dinov2_vitl14,rsn,main,3,jaguar|leopard|serval,cheetah|lion|ocelot|puma|tiger,153b66f4ca20990fc31ca0e05ee99806ff21087e,3,0.140822384591189,0.1525682471264368,0.20172622731023102,0.04714440698581399
rsn_ks,fair,1,dinov2_vitb14,rsn,main,4,cheetah|leopard|lion|puma,jaguar|ocelot|serval|tiger,8e7c9e6f83d58c2d3f9cb88f940bec78e275494e,6,0.104665733542395,0.09772190026957742,0.16769495754295632,0.021529607620449975
rsn_ks,fair,1,dinov2_vitl14,rsn,main,3,jaguar|leopard|tiger,cheetah|lion|ocelot|puma|serval,378af86d0fbb823031dd9c4035a67914e2fe2776,3,0.10440173882499076,0.10088438344919087,0.14414815368888223,0.050098403867032223
rsn_ks,fair,2,dinov2_vitb14,rsn,main,5,jaguar|leopard|ocelot|puma|serval,cheetah|lion|tiger,f4fa58d4672325888064978871f851f43009eae1,10,0.1132002825021042,0.09602937105836817,0.15652055575229495,0.04989701375480709
rsn_ks,fair,2,dinov2_vitl14,rsn,main,5,cheetah|jaguar|leopard|ocelot|tiger,lion|puma|serval,0fbc5031286f9a6fc3d075ce06adea96b11e9f3c,10,0.14825011589195036,0.13374282736887122,0.26532606504649314,0.06349354854861375
rsn_ks,fair,1,dinov2_vitb14,rsn,main,4,cheetah|leopard|lion|serval,jaguar|ocelot|puma|tiger,e951e934891de1d0f81c6e49d26ed1b64870c3d9,6,0.11983952350098603,0.1263735054105424,0.16769495754295632,0.033304624649952874
rsn_ks,fair,1,dinov2_vitl14,rsn,main,3,jaguar|lion|ocelot,cheetah|leopard|puma|serval|tiger,ad1caf7075df139cc8ccd9ced7c47070d57fa57a,3,0.09044920780274246,0.0937367916726829,0.10219989949915897,0.012452822388116784
rsn_ks,fair,2,dinov2_vitb14,rsn,main,5,jaguar|leopard|ocelot|puma|tiger,cheetah|lion|serval,af792d092499e369817c82fe59ff79076ae901c8,10,0.09795374746202842,0.09602937105836817,0.14667384489306745,0.037491691681964305
rsn_ks,fair,2,dinov2_vitl14,rsn,main,5,cheetah|jaguar|leopard|puma|serval,lion|ocelot|tiger,73dfcf75c42fc0ac0f4e6718105d38819b608a05,10,0.148885601626549,0.1382070171974657,0.23462791136701105,0.0613483062941592
rsn_ks,fair,1,dinov2_vitb14,rsn,main,4,cheetah|leopard|lion|tiger,jaguar|ocelot|puma|serval,225807e4ee1f1aaad60db49cbff7ae243810a4ed,6,0.11765667272063522,0.11552304391131085,0.19178198699142146,0.02133751949030603
rsn_ks,fair,1,dinov2_vitl14,rsn,main,3,jaguar|lion|puma,cheetah|leopard|ocelot|serval|tiger,f38f96f72f9405cf310a90ce6debdc140c9e0b36,3,0.11606127316070769,0.09570947868791368,0.15873754912152646,0.02762721335032154
rsn_ks,fair,2,dinov2_vitb14,rsn,main,5,jaguar|leopard|ocelot|serval|tiger,cheetah|lion|puma,f1175eaf6ebbbbd90653096cfaea8bf4fd82cb42,10,0.10337215630786163,0.09884879910143796,0.15652055575229495,0.05125144564576775
rsn_ks,fair,1,dinov2_vitb14,rsn,main,4,cheetah|leopard|ocelot|puma,jaguar|lion|serval|tiger,f23c5ed46889f0ba50fdea86f0b260cb45b61c34,6,0.08432891705205799,0.08840885416950453,0.10672619539054612,0.00867093725846312
rsn_ks,fair,1,dinov2_vitl14,rsn,main,3,jaguar|lion|serval,cheetah|leopard|ocelot|puma|tiger,003083dbf113f178a3baaf093e0f86a936b430bf,3,0.12080730864424409,0.11611688713361257,0.1525682471264368,0.05124746025448928
rsn_ks,fair,2,dinov2_vitl14,rsn,main,5,cheetah|jaguar|leopard|puma|tiger,lion|ocelot|serval,cf1c094a5fb77a16b62d920bf47fbaadf5b0c032,10,0.16897280711652915,0.1610148280907049,0.2784519725824885,0.0672626440079916
rsn_ks,fair,1,dinov2_vitb14,rsn,main,4,cheetah|leopard|ocelot|serval,jaguar|lion|puma|tiger,7f725af06d45e37896aa57a87c8933c107e6b6ef,6,0.09776170279754474,0.10286421318556391,0.1507060781786942,0.03557587208683873
rsn_ks,fair,2,dinov2_vitb14,rsn,main,5,jaguar|leopard|puma|serval|tiger,cheetah|lion|ocelot,cf95e12fdd47dee78576f34f77c4ef2a1217b823,10,0.10831908740270477,0.10505576005417855,0.15652055575229495,0.04942230056778356
rsn_ks,fair,1,dinov2_vitl14,rsn,main,3,jaguar|lion|tiger,cheetah|leopard|ocelot|puma|serval,1b640f7e361f083a4d95d85aa22365f46243ab28,3,0.14219867861591043,0.14414815368888223,0.18871109048616613,0.05475768111375388
rsn_ks,fair,2,dinov2_vitl14,rsn,main,5,cheetah|jaguar|leopard|serval|tiger,lion|ocelot|puma,9bab1d8129632e89ed22e77b4a894cbfec8651b9,10,0.16754709371035068,0.17298009515039442,0.26532606504649314,0.05775816961979518
rsn_ks,fair,1,dinov2_vitb14,rsn,main,4,cheetah|leopard|ocelot|tiger,jaguar|lion|puma|serval,d026274662b29cf5bcab5da74e7c2959da9f4082,6,0.08353678942546106,0.07614928695803197,0.12934997556058897,0.01594352527900433
rsn_ks,fair,1,dinov2_vitl14,rsn,main,3,jaguar|ocelot|puma,cheetah|leopard|lion|serval|tiger,8d2261cb6d526e9ae617c4714620dd06abcf8aac,3,0.12500375003048037,0.14086276873352913,0.15873754912152646,0.019850387911535265
rsn_ks,fair,2,dinov2_vitb14,rsn,main,5,jaguar|lion|ocelot|puma|serval,cheetah|leopard|tiger,dd845cc0707cedab50e30141a2407b6dbc1f2d21,10,0.14061191333116177,0.14359308567482815,0.22578087970268734,0.051856291090614424
rsn_ks,fair,1,dinov2_vitl14,rsn,main,3,jaguar|ocelot|serval,cheetah|leopard|lion|puma|tiger,9e6a46b334fe06f8088d18315ed9e8a00106722f,3,0.12151931367404174,0.13657876165930294,0.1525682471264368,0.05809057496102286
rsn_ks,fair,1,dinov2_vitb14,rsn,main,4,cheetah|leopard|puma|serval,jaguar|lion|ocelot|tiger,c1c76f346bfe18f5a6ff055792c8706a4eb7f8a5,6,0.10065444194715112,0.10414971932618614,0.1475851741233697,0.03393870962101638
rsn_ks,fair,2,dinov2_vitl14,rsn,main,5,cheetah|jaguar|lion|ocelot|puma,leopard|serval|tiger,5f40cbcafe4a22dff0b72cc4efe2fe7b7d04f550,10,0.1028772028000146,0.09889197397232163,0.1532375020786545,0.025026074685577614
rsn_ks,fair,2,dinov2_vitb14,rsn,main,5,jaguar|lion|ocelot|puma|tiger,cheetah|leopard|serval,ce71b86fe12253a2320e21b26699d25c9c684ee6,10,0.132665543080044,0.11022353539030391,0.22578087970268734,0.04111524056516961
rsn_ks,fair,1,dinov2_vitl14,rsn,main,3,jaguar|ocelot|tiger,cheetah|leopard|lion|puma|serval,b455d7ce94dfce5f0007f2b9e90878c32b97e6ae,3,0.1443914822890496,0.14414815368888223,0.21361536094188102,0.061649408569928114
rsn_ks,fair,1,dinov2_vitb14,rsn,main,4,cheetah|leopard|puma|tiger,jaguar|lion|ocelot|serval,bf752d4f8720074dd518fc0e92ec5b423f9d9a12,6,0.08739074674032267,0.08510245029389113,0.13199638049679585,0.014351646796146951
rsn_ks,fair,2,dinov2_vitl14,rsn,main,5,cheetah|jaguar|lion|ocelot|serval,leopard|puma|tiger,e04b74b1b17b4751d05c620de8eab7d5b6247982,10,0.11085723887938878,0.10075705797301654,0.17716803619803356,0.054178622751575686
rsn_ks,fair,1,dinov2_vitl14,rsn,main,3,jaguar|puma|serval,cheetah|leopard|lion|ocelot|tiger,32bc80cf4ea44dc9b6cc1c74435001d1c9f4ff93,3,0.1436729845735674,0.1525682471264368,0.15873754912152646,0.06917436917579041
rsn_ks,fair,2,dinov2_vitb14,rsn,main,5,jaguar|lion|ocelot|serval|tiger,cheetah|leopard|puma,8b6869269854db4a67ee25d14a0a2165fdf7f691,10,0.14374748653296696,0.14591514433037184,0.22578087970268734,0.05252646819905878
rsn_ks,fair,1,dinov2_vitb14,rsn,main,4,cheetah|leopard|serval|tiger,jaguar|lion|ocelot|puma,1c62e2f5c9772e06b1ed7343348af0a5aff127c7,6,0.08367892932711106,0.08661101598603654,0.11186129676195533,0.032215852023106714
rsn_ks,fair,2,dinov2_vitl14,rsn,main,5,cheetah|jaguar|lion|ocelot|tiger,leopard|puma|serval,16af5e79e79ae9418fbbf6921dc2570a038cec45,10,0.14156238002376464,0.10929898389195902,0.26532606504649314,0.06186154600040286
rsn_ks,fair,1,dinov2_vitl14,rsn,main,3,jaguar|puma|tiger,cheetah|leopard|lion|ocelot|serval,b73b2ac1d7a009e54913d1199cc89ccf13bf49e0,3,0.19301233589713476,0.15873754912152646,0.2761513048809956,0.07262867614509352
rsn_ks,fair,1,dinov2_vitb14,rsn,main,4,cheetah|lion|ocelot|puma,jaguar|leopard|serval|tiger,69aaab44cc3efe0b180b455b1042b4dae625c5b1,6,0.10740566171556394,0.09643639412895519,0.14955879238344816,0.02341020660249946
rsn_ks,fair,2,dinov2_vitb14,rsn,main,5,jaguar|lion|puma|serval|tiger,cheetah|leopard|ocelot,0b62ee6f92243a09696c418a72f30fd9bd5b502c,10,0.14120823906383034,0.13973786380415504,0.22578087970268734,0.050468782763470374
rsn_ks,fair,1,dinov2_vitl14,rsn,main,3,jaguar|serval|tiger,cheetah|leopard|lion|ocelot|puma,2216eee535711eb8b56a9ae9cad73878e88ec694,3,0.18760671648652352,0.1525682471264368,0.2661037486442516,0.05516033749712414
rsn_ks,fair,1,dinov2_vitb14,rsn,main,4,cheetah|lion|ocelot|serval,jaguar|leopard|puma|tiger,b1d4944106d76d302495685d1d61f4877797e3cd,6,0.13387260619365726,0.14347714336427211,0.1507060781786942,0.03696435735491461
rsn_ks,fair,2,dinov2_vitl14,rsn,main,5,cheetah|jaguar|lion|puma|serval,leopard|ocelot|tiger,cbafd31486296917da226152eca899b7ec41050a,10,0.11585156710998432,0.10743389989126412,0.17716803619803356,0.05754603383834117
rsn_ks,fair,2,dinov2_vitb14,rsn,main,5,jaguar|ocelot|puma|serval|tiger,cheetah|leopard|lion,b79c49d900f29718a12af99b49678b64b087ee7b,10,0.12191909476166748,0.11070447665974908,0.15652055575229495,0.05133149630926927
rsn_ks,fair,1,dinov2_vitl14,rsn,main,3,leopard|lion|ocelot,cheetah|jaguar|puma|serval|tiger,7b73c89ab8bea91180fb00cdd3fa90019ecfee1b,3,0.12049185497294794,0.11757567509328254,0.1416999903264023,0.031004116363449623
rsn_ks,fair,1,dinov2_vitb14,rsn,main,4,cheetah|lion|ocelot|tiger,jaguar|leopard|puma|serval,39953a18e785f8252d4d7b0af3ffa9ce8d7349d3,6,0.1337336343588914,0.13770927411500186,0.19178198699142146,0.024475379803475656
rsn_ks,fair,2,dinov2_vitl14,rsn,main,5,cheetah|jaguar|lion|puma|tiger,leopard|ocelot|serval,45a3881742d8566fbb9d4f86b959bd967d21029c,10,0.1537380179609426,0.1339178051610021,0.2784519725824885,0.0650579607556953
rsn_ks,fair,1,dinov2_vitl14,rsn,main,3,leopard|lion|puma,cheetah|jaguar|ocelot|serval|tiger,5948b19c78e342fdd7bf83af8e3663a081a11139,3,0.15222770941988345,0.1416999903264023,0.21927365924533437,0.04558134124712487
rsn_ks,fair,2,dinov2_vitb14,rsn,main,5,leopard|lion|ocelot|puma|serval,cheetah|jaguar|tiger,b38927f7b273ff9f79ab22cb2f74a3546f4a78ab,10,0.12078490267548256,0.11700235189770647,0.1665570105005913,0.034920569801325234
rsn_ks,fair,1,dinov2_vitb14,rsn,main,4,cheetah|lion|puma|serval,jaguar|leopard|ocelot|tiger,a08ec2eefe17eeacaa53ea11c58e32fe02f585b0,6,0.11774038271145358,0.1263735054105424,0.14955879238344816,0.03477325418705475
rsn_ks,fair,1,dinov2_vitl14,rsn,main,3,leopard|lion|serval,cheetah|jaguar|ocelot|puma|tiger,5bf08423e123ba3082b1cf9c2d295d8394dd243d,3,0.15318103492341528,0.1416999903264023,0.20172622731023102,0.039147023542671515
rsn_ks,fair,2,dinov2_vitl14,rsn,main,5,cheetah|jaguar|lion|serval|tiger,leopard|ocelot|puma,9522b83e1e47be8b0fdc469ef0ba0111b7d023f4,10,0.15763274138666308,0.14888473058514912,0.26532606504649314,0.06337127626440808
rsn_ks,fair,2,dinov2_vitb14,rsn,main,5,leopard|lion|ocelot|puma|tiger,cheetah|jaguar|serval,2086e1a9be703e3fa39542dfac2e71a871826f9e,10,0.1160532911072821,0.10175539074166359,0.18827223884801092,0.02343198418258112
rsn_ks,fair,1,dinov2_vitb14,rsn,main,4,cheetah|lion|puma|tiger,jaguar|leopard|ocelot|serval,afd3f659c75b01b7fbb08e5398eb202988d420bf,6,0.11856262904194297,0.11035699282270228,0.19178198699142146,0.022449496192551748
rsn_ks,fair,1,dinov2_vitl14,rsn,main,3,leopard|lion|tiger,cheetah|jaguar|ocelot|puma|serval,3f556cbaf4bf6fc53cbedaebd2c9a7b02e87c43e,3,0.14376515475391977,0.1416999903264023,0.18871109048616613,0.042281931006407904
rsn_ks,fair,2,dinov2_vitl14,rsn,main,5,cheetah|jaguar|ocelot|puma|serval,leopard|lion|tiger,e664cfaa80e01440c4a2bc2ad1a84f1c71cb1983,10,0.11868922271474788,0.1188873202798133,0.17716803619803356,0.06083595248634665
rsn_ks,fair,2,dinov2_vitb14,rsn,main,5,leopard|lion|ocelot|serval|tiger,cheetah|jaguar|puma,6a91318b1daff181bba5ceedef1908b13d4a42bd,10,0.12505636580390433,0.12419738126512353,0.18827223884801092,0.032178773565444595
rsn_ks,fair,1,dinov2_vitb14,rsn,main,4,cheetah|lion|serval|tiger,jaguar|leopard|ocelot|puma,4f9636c139f1f52772dea1d232f6e9e23ad2e33c,6,0.12788497036133792,0.1263735054105424,0.19178198699142146,0.03134740464876539
rsn_ks,fair,1,dinov2_vitl14,rsn,main,3,leopard|ocelot|puma,cheetah|jaguar|lion|serval|tiger,7e2a9b5db00883e56155467d031eaebcdbf40b6c,3,0.15923736769071536,0.14086276873352913,0.21927365924533437,0.04687549130827989
rsn_ks,fair,1,dinov2_vitl14,rsn,main,3,leopard|ocelot|serval,cheetah|jaguar|lion|puma|tiger,b81ce413b10b033d736702edb7128a6bd371dd0a,3,0.15196022135427215,0.13657876165930294,0.20172622731023102,0.0512800735569532
rsn_ks,fair,1,dinov2_vitb14,rsn,main,4,cheetah|ocelot|puma|serval,jaguar|leopard|lion|tiger,0b8873054663f1204e12d4ff4862649ae64d292d,6,0.11518757341872166,0.1080082399356285,0.1507060781786942,0.0362190166044632
rsn_ks,fair,2,dinov2_vitb14,rsn,main,5,leopard|lion|puma|serval|tiger,cheetah|jaguar|ocelot,b5b2bdea48ee719fd83912fb6fc08db47d78927b,10,0.11841741314071601,0.11070447665974908,0.18827223884801092,0.02682312949155132
rsn_ks,fair,2,dinov2_vitl14,rsn,main,5,cheetah|jaguar|ocelot|puma|tiger,leopard|lion|serval,f746924a3e7493647cb739964f7dd0394b867350,10,0.15905228392341686,0.14489314585712956,0.2784519725824885,0.06844895289016385
rsn_ks,fair,1,dinov2_vitl14,rsn,main,3,leopard|ocelot|tiger,cheetah|jaguar|lion|puma|serval,227e852395ebd94164147ae7b3aa1dafcc469faa,3,0.14402513982811815,0.11757567509328254,0.21361536094188102,0.054154414881604815
rsn_ks,fair,1,dinov2_vitb14,rsn,main,4,cheetah|ocelot|puma|tiger,jaguar|leopard|lion|serval,6ee4eaf6985046eb41f312e481790cae017069e4,6,0.10396775715747819,0.09643639412895519,0.13199638049679585,0.015645677149520594
rsn_ks,fair,2,dinov2_vitb14,rsn,main,5,leopard|ocelot|puma|serval|tiger,cheetah|jaguar|lion,3394070a1ba23cb3a430e66aa9ab8301ecea865b,10,0.1038418742284076,0.10175539074166359,0.15286688750902244,0.034575541902933576
rsn_ks,fair,2,dinov2_vitl14,rsn,main,5,cheetah|jaguar|ocelot|serval|tiger,leopard|lion|puma,8fc0b9db25ec9013149f41fd5ce758888238c633,10,0.16195499749063078,0.16206423034082934,0.26532606504649314,0.0696053374817303
rsn_ks,fair,1,dinov2_vitl14,rsn,main,3,leopard|puma|serval,cheetah|jaguar|lion|ocelot|tiger,d6d5cc9fcd84bae24c250bac10fee99584f21fb3,3,0.1802376813427681,0.20172622731023102,0.21927365924533437,0.06669319387635869
rsn_ks,fair,1,dinov2_vitb14,rsn,main,4,cheetah|ocelot|serval|tiger,jaguar|leopard|lion|puma,36d2957cf3150fd4f78f6c067ec4b3d00c71e955,6,0.11154909426376887,0.1080082399356285,0.1507060781786942,0.035415749513796106
rsn_ks,fair,1,dinov2_vitl14,rsn,main,3,leopard|puma|tiger,cheetah|jaguar|lion|ocelot|serval,6950c166d29c8b95f3ab6545450eb831337e8af1,3,0.1987697825251736,0.21927365924533437,0.2761513048809956,0.06933355689546779
rsn_ks,fair,2,dinov2_vitb14,rsn,main,5,lion|ocelot|puma|serval|tiger,cheetah|jaguar|leopard,21eb30d98e260ddfe1f9cfec9a7636b53d74a57b,10,0.1298277084497668,0.1254704965463468,0.18827223884801092,0.03510350763611036
rsn_ks,fair,1,dinov2_vitb14,rsn,main,4,cheetah|puma|serval|tiger,jaguar|leopard|lion|ocelot,8373053e1817a6ba51a737fc93df2de6fc88cdcb,6,0.10889708141713378,0.10179801664742744,0.1475851741233697,0.03345752861871526
rsn_ks,fair,2,dinov2_vitl14,rsn,main,5,cheetah|jaguar|puma|serval|tiger,leopard|lion|ocelot,fd3e4b52d9492500d85b804daf201308f1fef7ab,10,0.17128767480168508,0.1610148280907049,0.2784519725824885,0.07337609060366518
rsn_ks,fair,1,dinov2_vitl14,rsn,main,3,leopard|serval|tiger,cheetah|jaguar|lion|ocelot|puma,ed39b2c0cc34ef9fc587d9d86e912fded22d6ff5,3,0.1895714531345578,0.20172622731023102,0.2661037486442516,0.025465444829435555
rsn_ks,fair,1,dinov2_vitb14,rsn,main,4,jaguar|leopard|lion|ocelot,cheetah|puma|serval|tiger,f56469784336d3b28cb4f636c46d539ba584ad01,6,0.11803908906648176,0.11342245013204288,0.189154404525944,0.03210737114347654
rsn_ks,fair,2,dinov2_vitb14,rsn,main,6,cheetah|jaguar|leopard|lion|ocelot|puma,serval|tiger,eb079676bca58d571cb58e8a652c01e894d3fc31,15,0.11102381674685192,0.0950413026436917,0.22578087970268734,0.03554481724195449
rsn_ks,fair,2,dinov2_vitl14,rsn,main,5,cheetah|leopard|lion|ocelot|puma,jaguar|serval|tiger,464e470a835cc449a22ee0f0e0883405a7d27f5e,10,0.13345338080177,0.12027432458808648,0.23462791136701105,0.04514766976498328
rsn_ks,fair,1,dinov2_vitl14,rsn,main,3,lion|ocelot|puma,cheetah|jaguar|leopard|serval|tiger,70471b559a0554cf59080ccfe4bd9ee9f985e350,3,0.11292404897353392,0.10219989949915897,0.14086276873352913,0.0270857810489609
rsn_ks,fair,1,dinov2_vitb14,rsn,main,4,jaguar|leopard|lion|puma,cheetah|ocelot|serval|tiger,5ec48429ccaefa6c376688eeb5d96d492517cff6,6,0.11846736939035814,0.11619607344601221,0.189154404525944,0.03151071216209214
rsn_ks,fair,2,dinov2_vitb14,rsn,main,6,cheetah|jaguar|leopard|lion|ocelot|serval,puma|tiger,fc31bc8a7f7117cd36a344807c90b4838f20e8a2,15,0.12107271795563901,0.11563785607406313,0.22578087970268734,0.04720616057677328
rsn_ks,fair,1,dinov2_vitl14,rsn,main,3,lion|ocelot|serval,cheetah|jaguar|leopard|puma|tiger,f1cf01f04136a55bb49559fec50bdc35fb41df60,3,0.11829851609735816,0.11611688713361257,0.13657876165930294,0.05433553037157479
rsn_ks,fair,2,dinov2_vitl14,rsn,main,5,cheetah|leopard|lion|ocelot|serval,jaguar|puma|tiger,107923dc37876ab04d843a46d38827046ee852d3,10,0.13659068819014375,0.1363485738620706,0.21013115857638587,0.0534345151552517
rsn_ks,fair,1,dinov2_vitb14,rsn,main,4,jaguar|leopard|lion|serval,cheetah|ocelot|puma|tiger,c1143f9d2017b9debabd37385bd4acb98e811104,6,0.1322501125079726,0.14067453806404748,0.189154404525944,0.043633225832033024
rsn_ks,fair,1,dinov2_vitl14,rsn,main,3,lion|ocelot|tiger,cheetah|jaguar|leopard|puma|serval,1d378c10374a3a77aadb1bd54b4e492b44badb36,3,0.1681754503090687,0.18871109048616613,0.21361536094188102,0.05780745706078372
rsn_ks,fair,2,dinov2_vitb14,rsn,main,6,cheetah|jaguar|leopard|lion|ocelot|tiger,puma|serval,763944697497322286e4ffc2c7fcf2f25bdd4855,15,0.11520073615288182,0.10068015872983127,0.22578087970268734,0.03844111243867527
rsn_ks,fair,1,dinov2_vitb14,rsn,main,4,jaguar|leopard|lion|tiger,cheetah|ocelot|puma|serval,437d06b448c7e5070f5366310b9b0f83aa84cd76,6,0.12625016416590276,0.1274408664594129,0.19178198699142146,0.03279584194227907
rsn_ks,fair,2,dinov2_vitl14,rsn,main,5,cheetah|leopard|lion|ocelot|tiger,jaguar|puma|serval,81777823b90ec1a19ad6120f58364d082e787bae,10,0.1562037961453974,0.1483036935754955,0.26532606504649314,0.05957363066176373
rsn_ks,fair,1,dinov2_vitl14,rsn,main,3,lion|puma|serval,cheetah|jaguar|leopard|ocelot|tiger,4a6d4e2b9a3675a55d00a22cbdd1a010ea3e50f9,3,0.11051317443142172,0.11611688713361257,0.11971315747273892,0.06696259362058493
rsn_ks,fair,2,dinov2_vitb14,rsn,main,6,cheetah|jaguar|leopard|lion|puma|serval,ocelot|tiger,31c5579217b37bac7c30b82080902d7d3a16851d,15,0.11817041160453286,0.11563785607406313,0.22578087970268734,0.04555923109481127
rsn_ks,fair,2,dinov2_vitl14,rsn,main,5,cheetah|leopard|lion|puma|serval,jaguar|ocelot|tiger,a20f114b5af936eb901eeabd4cedee6b8a4b6666,10,0.14187318348151795,0.12607691969190993,0.23462791136701105,0.05781835928668105
rsn_ks,fair,1,dinov2_vitl14,rsn,main,3,lion|puma|tiger,cheetah|jaguar|leopard|ocelot|serval,555be7ed7de2bc6873166a490dbe33a9403acf00,3,0.1868572913516918,0.18871109048616613,0.2761513048809956,0.07024757360047193
rsn_ks,fair,1,dinov2_vitl14,rsn,main,3,lion|serval|tiger,cheetah|jaguar|leopard|ocelot|puma,9eedda83dd73bb04ae2a6132118ef334156611f0,3,0.19031057542134344,0.18871109048616613,0.2661037486442516,0.046156558980877095
rsn_ks,fair,2,dinov2_vitb14,rsn,main,6,cheetah|jaguar|leopard|lion|puma|tiger,ocelot|serval,741db084a5b3bdc9e180521b7683e00b9b89cfdb,15,0.11335594141202705,0.10068015872983127,0.22578087970268734,0.03703720034189087
rsn_ks,fair,2,dinov2_vitl14,rsn,main,5,cheetah|leopard|lion|puma|tiger,jaguar|ocelot|serval,768254ac4e366c0b18f35f0d5e6e3b216e3b5ac8,10,0.168667601143354,0.16569669367371093,0.2784519725824885,0.06374106603965891
rsn_ks,fair,1,dinov2_vitl14,rsn,main,3,ocelot|puma|serval,cheetah|jaguar|leopard|lion|tiger,a52e9b6d201fd1436e99c6952a34efc080a269bd,3,0.13238489595519032,0.13657876165930294,0.14086276873352913,0.07071355809532527
rsn_ks,fair,2,dinov2_vitb14,rsn,main,6,cheetah|jaguar|leopard|lion|serval|tiger,ocelot|puma,4663a968a1b0d359b5365f1df0c7711a8cb36891,15,0.11938005492562898,0.10943136137852583,0.22578087970268734,0.04531331594854589
rsn_ks,fair,2,dinov2_vitl14,rsn,main,5,cheetah|leopard|lion|serval|tiger,jaguar|ocelot|puma,cf428c312ec79634eaf3901151d6dfe7be1d795d,10,0.16771959587807403,0.16569669367371093,0.26532606504649314,0.0513318165166803
rsn_ks,fair,1,dinov2_vitl14,rsn,main,3,ocelot|puma|tiger,cheetah|jaguar|leopard|lion|serval,7d0fa38866232bbe96bf9f9244c0445d4defdb74,3,0.21020981151880191,0.21361536094188102,0.2761513048809956,0.07422673291905103
rsn_ks,fair,2,dinov2_vitb14,rsn,main,6,cheetah|jaguar|leopard|ocelot|puma|serval,lion|tiger,04ba44d733138b08df5f999e5bbfb376af0141ed,15,0.10258129374309204,0.0950413026436917,0.15652055575229495,0.04557213922440293
rsn_ks,fair,1,dinov2_vitl14,rsn,main,3,ocelot|serval|tiger,cheetah|jaguar|leopard|lion|puma,f1eb1ed0bc0d9e346bcbbef1531c1381bc95f3c3,3,0.20543262374847857,0.21361536094188102,0.2661037486442516,0.0596595062701055
rsn_ks,fair,2,dinov2_vitl14,rsn,main,5,cheetah|leopard|ocelot|puma|serval,jaguar|lion|tiger,da0f907f0b293fe5263bf64d595ce11121a1731d,10,0.14697315116785803,0.14471816806499868,0.23462791136701105,0.06304737040065317
rsn_ks,fair,1,dinov2_vitl14,rsn,main,3,puma|serval|tiger,cheetah|jaguar|leopard|lion|ocelot,ab78ce782cc7288a05567df463abd4a53cf23df4,3,0.22065607033266202,0.2661037486442516,0.2761513048809956,0.07593082950134536
rsn_ks,fair,2,dinov2_vitb14,rsn,main,6,cheetah|jaguar|leopard|ocelot|puma|tiger,lion|serval,c80413d789525c20d550653fc08417a06501a8c4,15,0.09151974045954109,0.09358897764899876,0.14667384489306745,0.034658516592261504
rsn_ks,fair,2,dinov2_vitl14,rsn,main,5,cheetah|leopard|ocelot|puma|tiger,jaguar|lion|serval,d63fc3e191b8d1fced40bca95e298ec5dd4b9865,10,0.1762441791874048,0.1787313344607824,0.2784519725824885,0.06892958586663614
rsn_ks,fair,1,dinov2_vitl14,rsn,main,4,cheetah|jaguar|leopard|lion,ocelot|puma|serval|tiger,ff467d7ddc6a81f8044acfb3f8423528d7ff74a3,6,0.13574483296024162,0.1349401144058342,0.21648085930880012,0.027312600582213086
rsn_ks,fair,2,dinov2_vitb14,rsn,main,6,cheetah|jaguar|leopard|ocelot|serval|tiger,lion|puma,9d01ca212ac69333132162dc4c149a3920ff7a1a,15,0.09835266833969054,0.09701743947304464,0.15652055575229495,0.04679383905640918
rsn_ks,fair,1,dinov2_vitl14,rsn,main,4,cheetah|jaguar|leopard|ocelot,lion|puma|serval|tiger,dd71a2c00ca9fd639da0c41a0c692d07993e6bf4,6,0.12547251975900767,0.11328610452028114,0.21648085930880012,0.030665408922491443
rsn_ks,fair,2,dinov2_vitl14,rsn,main,5,cheetah|leopard|ocelot|serval|tiger,jaguar|lion|puma,1774fe8c5b22ceeefb6626c57096d224c1d857d1,10,0.1743041640636183,0.17995571450303774,0.26532606504649314,0.06045431382448289
rsn_ks,fair,2,dinov2_vitb14,rsn,main,6,cheetah|jaguar|leopard|puma|serval|tiger,lion|ocelot,867d63d75845db8637c9bd2d496178a9d2cd575b,15,0.100097731672693,0.10068015872983127,0.15652055575229495,0.04517979432203859
rsn_ks,fair,1,dinov2_vitl14,rsn,main,4,cheetah|jaguar|leopard|puma,lion|ocelot|serval|tiger,781ca33bd9efd391e106acb9554f39b29a76189c,6,0.1508354166971065,0.16246799387646274,0.21927365924533437,0.040102426851389504
rsn_ks,fair,2,dinov2_vitl14,rsn,main,5,cheetah|leopard|puma|serval|tiger,jaguar|lion|ocelot,cd32aebe249311f7a8aa6dccd61b9c937ab6d6cd,10,0.18392500843545118,0.20735314050177897,0.2784519725824885,0.06546892184334624
rsn_ks,fair,1,dinov2_vitl14,rsn,main,4,cheetah|jaguar|leopard|serval,lion|ocelot|puma|tiger,2a8143fc0d144d6e3dbd352647da17effec6ec6f,6,0.15162634333971275,0.15938334287891792,0.21648085930880012,0.04946789724718601
rsn_ks,fair,2,dinov2_vitb14,rsn,main,6,cheetah|jaguar|lion|ocelot|puma|serval,leopard|tiger,3b0bae9384b67eb6e7ff665e63abf06040bbb50a,15,0.12486612470091521,0.11671846725567775,0.22578087970268734,0.047327672147957085
rsn_ks,fair,2,dinov2_vitl14,rsn,main,5,cheetah|lion|ocelot|puma|serval,jaguar|leopard|tiger,2a743e265c12bd90159a851070297705c52ab419,10,0.10982708873663734,0.10213477553987343,0.1553363065789034,0.05890937794214514
rsn_ks,fair,1,dinov2_vitl14,rsn,main,4,cheetah|jaguar|leopard|tiger,lion|ocelot|puma|serval,94c84822ef19657b89f51ee4c39e470f159b4f33,6,0.165774556799131,0.15517329616014064,0.29876282637961454,0.05225802989179448
rsn_ks,fair,2,dinov2_vitb14,rsn,main,6,cheetah|jaguar|lion|ocelot|puma|tiger,leopard|serval,6b13d10ebde2a2a4af56b0b848b28ad51cc953c4,15,0.11867134794333631,0.10846947883963548,0.22578087970268734,0.03772510641564976
rsn_ks,fair,1,dinov2_vitl14,rsn,main,4,cheetah|jaguar|lion|ocelot,leopard|puma|serval|tiger,630c36850c3b377d26095ca1027c5823e7203ab6,6,0.11245380574536203,0.10559821672321935,0.16619843863139902,0.011039605204801042
rsn_ks,fair,2,dinov2_vitl14,rsn,main,5,cheetah|lion|ocelot|puma|tiger,jaguar|leopard|serval,27f2c4c43555bc7a37842e7cadc1e8326f56e594,10,0.15689736211716218,0.12027432458808648,0.2784519725824885,0.06639631690725256
rsn_ks,fair,2,dinov2_vitb14,rsn,main,6,cheetah|jaguar|lion|ocelot|serval|tiger,leopard|puma,de75bebb1956c399040f73598afb2538089d373e,15,0.1292799655615456,0.11563785607406313,0.22578087970268734,0.04802276354130594
rsn_ks,fair,1,dinov2_vitl14,rsn,main,4,cheetah|jaguar|lion|puma,leopard|ocelot|serval|tiger,3603344ca51e4ac8291cf817714a03592da81bd7,6,0.11978530185624468,0.1119448585865899,0.16619843863139902,0.024054689406060457
rsn_ks,fair,2,dinov2_vitl14,rsn,main,5,cheetah|lion|ocelot|serval|tiger,jaguar|leopard|puma,2786596e0811e935a5c44d7c537313a4c92fe614,10,0.16027778382527463,0.14215680682322318,0.26532606504649314,0.0655230555933998
rsn_ks,fair,1,dinov2_vitl14,rsn,main,4,cheetah|jaguar|lion|serval,leopard|ocelot|puma|tiger,f9c005e38b75b61835ec61bb5cb6db5c084ca5cb,6,0.1269020352289846,0.12214856280943934,0.16619843863139902,0.04945278419808033
rsn_ks,fair,2,dinov2_vitb14,rsn,main,6,cheetah|jaguar|lion|puma|serval|tiger,leopard|ocelot,ea5f5242e343996f7537f446adc2e28340ff3f69,15,0.1260342431852282,0.11563785607406313,0.22578087970268734,0.046242027924525794
rsn_ks,fair,2,dinov2_vitl14,rsn,main,5,cheetah|lion|puma|serval|tiger,jaguar|leopard|ocelot,3e8f56e7822c5e567bf4ab53357ccdf6c9b0bdff,10,0.16135157490970675,0.12607691969190993,0.2784519725824885,0.0696583452163988
rsn_ks,fair,1,dinov2_vitl14,rsn,main,4,cheetah|jaguar|lion|tiger,leopard|ocelot|puma|serval,19f2b98b40d4e20207529c4daf94484959b914fa,6,0.16995625655733515,0.15517329616014064,0.29876282637961454,0.05273579656671723
rsn_ks,fair,2,dinov2_vitb14,rsn,main,6,cheetah|jaguar|ocelot|puma|serval|tiger,leopard|lion,8d17843311ec0d1dbe13a449d30ab4d186f9685d,15,0.11056676707863557,0.10846947883963548,0.15652055575229495,0.04685116548888999
rsn_ks,fair,1,dinov2_vitl14,rsn,main,4,cheetah|jaguar|ocelot|puma,leopard|lion|serval|tiger,faabfecb52c664eddf34493803e7c035acc78d7f,6,0.12105925620146663,0.12492965134040443,0.16619843863139902,0.01859423621990141
rsn_ks,fair,2,dinov2_vitl14,rsn,main,5,cheetah|ocelot|puma|serval|tiger,jaguar|leopard|lion,c7c32cc2ceb230ccb9cda2ba0c77b34d7660ba6a,10,0.17064728232111415,0.14594254810725402,0.2784519725824885,0.0750875739709842
rsn_ks,fair,2,dinov2_vitb14,rsn,main,6,cheetah|leopard|lion|ocelot|puma|serval,jaguar|tiger,2eb0edc88da043ef7b0b218fadc204cf2d36e4cc,15,0.10770974793745189,0.0950413026436917,0.1665570105005913,0.03243535158474287
rsn_ks,fair,1,dinov2_vitl14,rsn,main,4,cheetah|jaguar|ocelot|serval,leopard|lion|puma|tiger,cdd46d900fafdce8b2fa7b5206213b91162dc821,6,0.12406075365421905,0.12278764780329134,0.16619843863139902,0.05344486005905992
rsn_ks,fair,2,dinov2_vitl14,rsn,main,5,jaguar|leopard|lion|ocelot|puma,cheetah|serval|tiger,6341d6f586eb79b0897482e9cd2aed3a3c319ebc,10,0.12831058025166814,0.12027432458808648,0.23462791136701105,0.045711662845302446
rsn_ks,fair,1,dinov2_vitl14,rsn,main,4,cheetah|jaguar|ocelot|tiger,leopard|lion|puma|serval,737792ff4fc8829f21e0990d90ea74488f575c13,6,0.16785537430424036,0.15517329616014064,0.29876282637961454,0.056782515853459864
rsn_ks,fair,2,dinov2_vitb14,rsn,main,6,cheetah|leopard|lion|ocelot|puma|tiger,jaguar|serval,7d37bb755948e6d81c9e7df8b50bc0d14b169d33,15,0.10365814363515119,0.09358897764899876,0.18827223884801092,0.021535021113107695
rsn_ks,fair,2,dinov2_vitl14,rsn,main,5,jaguar|leopard|lion|ocelot|serval,cheetah|puma|tiger,6fcae32b9a4b7e6b41f5cf36d6a0216ba2b2e560,10,0.1330034716317098,0.1363485738620706,0.21013115857638587,0.05904492153255142
rsn_ks,fair,1,dinov2_vitl14,rsn,main,4,cheetah|jaguar|puma|serval,leopard|lion|ocelot|tiger,06e4cde9eea93da4afd47c03f0db6437d39f2c36,6,0.12966305253588192,0.13614070229958786,0.16619843863139902,0.06144800238575774
rsn_ks,fair,2,dinov2_vitb14,rsn,main,6,cheetah|leopard|lion|ocelot|serval|tiger,jaguar|puma,bded35fff98776853f9c546d82a7232bf65f475b,15,0.11288084874916,0.10846947883963548,0.18827223884801092,0.03065933108405952
rsn_ks,fair,2,dinov2_vitl14,rsn,main,5,jaguar|leopard|lion|ocelot|tiger,cheetah|puma|serval,96c0a4bc7782264f958c2fd65abbd98a951f13d9,10,0.13445212030589876,0.1238598500985833,0.23879864977929086,0.06525054866925625
rsn_ks,fair,1,dinov2_vitl14,rsn,main,4,cheetah|jaguar|puma|tiger,leopard|lion|ocelot|serval,4e3767c31a005c9a22ea991c99d92d5fdd6849f8,6,0.18669126454018295,0.16246799387646274,0.29876282637961454,0.06466439327517744
rsn_ks,fair,2,dinov2_vitb14,rsn,main,6,cheetah|leopard|lion|puma|serval|tiger,jaguar|ocelot,0ff182caeba6194ff682355607514cb7cbd79694,15,0.10690198957680812,0.1026142374689315,0.18827223884801092,0.026430409268125395
rsn_ks,fair,1,dinov2_vitl14,rsn,main,4,cheetah|jaguar|serval|tiger,leopard|lion|ocelot|puma,ac42f8daf907e54468e3d5e2f26e6e6a4e5e6118,6,0.1887321704658491,0.15938334287891792,0.29876282637961454,0.06011953475530334
rsn_ks,fair,2,dinov2_vitl14,rsn,main,5,jaguar|leopard|lion|puma|serval,cheetah|ocelot|tiger,5371f04d5b23de25c34b1e6ec18581bc45f47e1b,10,0.1454743833190532,0.1363485738620706,0.23462791136701105,0.06270105848678477
rsn_ks,fair,2,dinov2_vitb14,rsn,main,6,cheetah|leopard|ocelot|puma|serval|tiger,jaguar|lion,24b8a488272ca33800f8c8595126f4ec3f1e6517,15,0.0945769170634518,0.09358897764899876,0.15286688750902244,0.03206659892770508
rsn_ks,fair,1,dinov2_vitl14,rsn,main,4,cheetah|leopard|lion|ocelot,jaguar|puma|serval|tiger,ad1e7692fad206cb1e0e805a9e917fd5227e2b65,6,0.13585553277669832,0.12287795678927432,0.21648085930880012,0.029493530571002263
rsn_ks,fair,2,dinov2_vitl14,rsn,main,5,jaguar|leopard|lion|puma|tiger,cheetah|ocelot|serval,27b1f04c7d7f88de9085a200f437a70c4f8df8e4,10,0.15410434169982457,0.14847867136762638,0.2784519725824885,0.06877684209928107
rsn_ks,fair,1,dinov2_vitl14,rsn,main,4,cheetah|leopard|lion|puma,jaguar|ocelot|serval|tiger,5dbc9237f2c0ad10895369f5ff0b6a48c48f6d23,6,0.1462489234320661,0.1349401144058342,0.21927365924533437,0.04021454975359452
rsn_ks,fair,2,dinov2_vitb14,rsn,main,6,cheetah|lion|ocelot|puma|serval|tiger,jaguar|leopard,3c5ed67eda12ee487f263004b1769d80e859f227,15,0.11591121694947606,0.10943136137852583,0.18827223884801092,0.032828712028215315
rsn_ks,fair,2,dinov2_vitl14,rsn,main,5,jaguar|leopard|lion|serval|tiger,cheetah|ocelot|puma,dbbc9573ac920b02918acb5b511a28f30249eb13,10,0.15471192042621257,0.15625599737967677,0.25638636298925016,0.06139894511073042
rsn_ks,fair,1,dinov2_vitl14,rsn,main,4,cheetah|leopard|lion|serval,jaguar|ocelot|puma|tiger,d1dd20f1c580e579dd43c94066092ba8d687d40f,6,0.15146930181480375,0.1349401144058342,0.21648085930880012,0.04544779192981028
rsn_ks,fair,2,dinov2_vitb14,rsn,main,6,jaguar|leopard|lion|ocelot|puma|serval,cheetah|tiger,dafd9d19b1849bea11a37a7e6dd784e68c23b2cf,15,0.12773644080703603,0.13896340115172123,0.22578087970268734,0.04755692504631555
rsn_ks,fair,2,dinov2_vitl14,rsn,main,5,jaguar|leopard|ocelot|puma|serval,cheetah|lion|tiger,98d5297d00cc4ddcb9553e9c94fce67df3be7ef1,10,0.15130942216581422,0.15306252428652362,0.23462791136701105,0.06685960439092963
rsn_ks,fair,1,dinov2_vitl14,rsn,main,4,cheetah|leopard|lion|tiger,jaguar|ocelot|puma|serval,f826a668b3a58dd8ab3074bb98e188b06d9a2c88,6,0.17911989807257334,0.1652055404062842,0.29876282637961454,0.04826503611069426
rsn_ks,fair,2,dinov2_vitb14,rsn,main,6,jaguar|leopard|lion|ocelot|puma|tiger,cheetah|serval,a67639e4550169f149f787a820d06c323c367371,15,0.1208593399600715,0.10068015872983127,0.22578087970268734,0.038460255330020544
rsn_ks,fair,1,dinov2_vitl14,rsn,main,4,cheetah|leopard|ocelot|puma,jaguar|lion|serval|tiger,0eedc46ad314fd5d90786b9f25983426cd64f4ef,6,0.14655646847781764,0.12921922191340585,0.21927365924533437,0.04073557351191469
rsn_ks,fair,2,dinov2_vitl14,rsn,main,5,jaguar|leopard|ocelot|puma|tiger,cheetah|lion|serval,23739657b334a69735b6f674c4589b5e250c8e74,10,0.16241599090429626,0.15306252428652362,0.2784519725824885,0.07299421425851894
rsn_ks,fair,1,dinov2_vitl14,rsn,main,4,cheetah|leopard|ocelot|serval,jaguar|lion|puma|tiger,1965fa6ef35ccb9762fa32381a97076234f363b9,6,0.14766161094056776,0.12707721837629274,0.21648085930880012,0.05186469426124901
rsn_ks,fair,2,dinov2_vitb14,rsn,main,6,jaguar|leopard|lion|ocelot|serval|tiger,cheetah|puma,bd52f91102cf0e8d42363f3cd6e372ee3df707a0,15,0.12751783714843484,0.10943136137852583,0.22578087970268734,0.047968137446497236
rsn_ks,fair,2,dinov2_vitl14,rsn,main,5,jaguar|leopard|ocelot|serval|tiger,cheetah|lion|puma,97d53be7569a413a7f2ed2b891b4d991a6c4c59a,10,0.1620315597721777,0.16206423034082934,0.25638636298925016,0.06868048016022288
rsn_ks,fair,1,dinov2_vitl14,rsn,main,4,cheetah|leopard|ocelot|tiger,jaguar|lion|puma|serval,a0c3b9cb4c4c304b4f408f55215be6d20d75a1fb,6,0.17605260652000812,0.16559551801758177,0.29876282637961454,0.0546215446734574
rsn_ks,fair,2,dinov2_vitb14,rsn,main,6,jaguar|leopard|lion|puma|serval|tiger,cheetah|ocelot,13e50661c1c6748c4910c8a5638e7ec8f79663ba,15,0.12640229573431078,0.11197759194097234,0.22578087970268734,0.04606364604264462
rsn_ks,fair,2,dinov2_vitl14,rsn,main,5,jaguar|leopard|puma|serval|tiger,cheetah|lion|ocelot,b6c7b15b8cc921fa8ce34cf9f438557be911d0f0,10,0.17884082053997982,0.17298009515039442,0.2784519725824885,0.07289387341931355
rsn_ks,fair,1,dinov2_vitl14,rsn,main,4,cheetah|leopard|puma|serval,jaguar|lion|ocelot|tiger,9fe41a5e25a04efabc7c16bad09cce3824f25209,6,0.15632580436671578,0.16071969239148498,0.21927365924533437,0.06209596156276572
rsn_ks,fair,2,dinov2_vitb14,rsn,main,6,jaguar|leopard|ocelot|puma|serval|tiger,cheetah|lion,5811210c6dcb7093a7735ead94e1e3f3962469f2,15,0.108101040444129,0.10068015872983127,0.15652055575229495,0.04711645954928328
rsn_ks,fair,2,dinov2_vitl14,rsn,main,5,jaguar|lion|ocelot|puma|serval,cheetah|leopard|tiger,662b3ed4b34465b94b1919ea37ad7e0e4c058ecc,10,0.12409270555603787,0.12607691969190993,0.17716803619803356,0.060736383343729605
rsn_ks,fair,1,dinov2_vitl14,rsn,main,4,cheetah|leopard|puma|tiger,jaguar|lion|ocelot|serval,12cfb086672613513f5dbb76c2b96c341e70793e,6,0.1979503913004359,0.21787725927706725,0.29876282637961454,0.06468210914035195
rsn_ks,fair,1,dinov2_vitl14,rsn,main,4,cheetah|leopard|serval|tiger,jaguar|lion|ocelot|puma,b6909f71fae0b77c864a989744dea428cf290d78,6,0.19809494223609977,0.20910354330951558,0.29876282637961454,0.04915491808641888
rsn_ks,fair,2,dinov2_vitb14,rsn,main,6,jaguar|lion|ocelot|puma|serval|tiger,cheetah|leopard,2f4f5c79794cffb1cfd41741c07e741ae00272a1,15,0.13499666420323955,0.13896340115172123,0.22578087970268734,0.048473560995435726
rsn_ks,fair,2,dinov2_vitl14,rsn,main,5,jaguar|lion|ocelot|puma|tiger,cheetah|leopard|serval,0a07e80b81eeea536a21ff315f045fa3abc06eed,10,0.15299851965549802,0.14489314585712956,0.2784519725824885,0.06867547694050395
rsn_ks,fair,1,dinov2_vitl14,rsn,main,4,cheetah|lion|ocelot|puma,jaguar|leopard|serval|tiger,a346982ff0f33c56e8f68365ef00e526c8c210df,6,0.10868303898197125,0.10559821672321935,0.14086276873352913,0.023789607590971394
rsn_ks,fair,2,dinov2_vitl14,rsn,main,5,jaguar|lion|ocelot|serval|tiger,cheetah|leopard|puma,19938d96c10c7f28c467e5a90e368894e3c3be21,10,0.1579345253552784,0.16206423034082934,0.25638636298925016,0.07166809819817378
rsn_ks,fair,2,dinov2_vitb14,rsn,main,6,leopard|lion|ocelot|puma|serval|tiger,cheetah|jaguar,748d014853d997c9bde7022f468d28f17efdd3b7,15,0.11899692590092656,0.10943136137852583,0.18827223884801092,0.03215293727832303
rsn_ks,fair,1,dinov2_vitl14,rsn,main,4,cheetah|lion|ocelot|serval,jaguar|leopard|puma|tiger,08ed037ead73c29655b09176f73ba78e23279688,6,0.11611398817485512,0.11255671054044615,0.13657876165930294,0.05136964163151161
rsn_ks,fair,2,dinov2_vitl14,rsn,main,5,jaguar|lion|puma|serval|tiger,cheetah|leopard|ocelot,fff2e94b907a2542eec055a06b343b07f6ac6744,10,0.16619673283567976,0.1610148280907049,0.2784519725824885,0.0752088316611974
rsn_ks,fair,2,dinov2_vitb14,rsn,main,7,cheetah|jaguar|leopard|lion|ocelot|puma|serval,tiger,d2f0637fa29b8a8f1a504b5f422be40778507f4c,21,0.1161657933565027,0.1026142374689315,0.22578087970268734,0.044026390413286695
rsn_ks,fair,1,dinov2_vitl14,rsn,main,4,cheetah|lion|ocelot|tiger,jaguar|leopard|puma|serval,e13481f0b0ce8c0763ef8108c102f26b330d2253,6,0.17341099162322773,0.15844566448571612,0.29876282637961454,0.05463266694428555
rsn_ks,fair,2,dinov2_vitl14,rsn,main,5,jaguar|ocelot|puma|serval|tiger,cheetah|leopard|lion,ad779b4dfecf4df90a67427d755fda9a4f894d96,10,0.17622751140750806,0.16206423034082934,0.2784519725824885,0.07972873874713238
rsn_ks,fair,1,dinov2_vitl14,rsn,main,4,cheetah|lion|puma|serval,jaguar|leopard|ocelot|tiger,d93a5f8d0e548373d462d33ac333b1301b526440,6,0.10674678077378692,0.11036424772906145,0.1281802384852661,0.06025574544814465
rsn_ks,fair,2,dinov2_vitb14,rsn,main,7,cheetah|jaguar|leopard|lion|ocelot|puma|tiger,serval,a55ef055d65bdae815b652cdc1f1f6d3fdd2abd3,21,0.11061272375855154,0.09701743947304464,0.22578087970268734,0.03567553649883158
rsn_ks,fair,2,dinov2_vitl14,rsn,main,5,leopard|lion|ocelot|puma|serval,cheetah|jaguar|tiger,99b8803f8fe4d7310e27eeaf06aac6648c909d48,10,0.14896749437724624,0.14013431514610145,0.23462791136701105,0.064269189876862
rsn_ks,fair,1,dinov2_vitl14,rsn,main,4,cheetah|lion|puma|tiger,jaguar|leopard|ocelot|serval,2586a0dd0199c58c87adc838d640b5e7a31f961b,6,0.17727737557643933,0.15844566448571612,0.29876282637961454,0.06335088343220278
rsn_ks,fair,2,dinov2_vitb14,rsn,main,7,cheetah|jaguar|leopard|lion|ocelot|serval|tiger,puma,6f0c25d48622121f1c3a5f0467c6a63218b8e88d,21,0.11766926126185438,0.10846947883963548,0.22578087970268734,0.044498829698677494
rsn_ks,fair,1,dinov2_vitl14,rsn,main,4,cheetah|lion|serval|tiger,jaguar|leopard|ocelot|puma,14516420739a057577ba5235a9ff11354b4ebc77,6,0.1837477332422369,0.15844566448571612,0.29876282637961454,0.05561413430002048
rsn_ks,fair,2,dinov2_vitl14,rsn,main,5,leopard|lion|ocelot|puma|tiger,cheetah|jaguar|serval,1246ce9ac699f136aefb9137ba841e9dc25ebdfe,10,0.16678127528758419,0.1483036935754955,0.2784519725824885,0.07032347537343553
rsn_ks,fair,2,dinov2_vitb14,rsn,main,7,cheetah|jaguar|leopard|lion|puma|serval|tiger,ocelot,c6b3945712c89caf9cedc64a9abdbe05e44c9d1a,21,0.11576323830160418,0.10943136137852583,0.22578087970268734,0.04281767025515244
rsn_ks,fair,1,dinov2_vitl14,rsn,main,4,cheetah|ocelot|puma|serval,jaguar|leopard|lion|tiger,75c4289ff97b05ace9f0ea1825f247dee4503fed,6,0.11448535744600684,0.11435484571000933,0.14086276873352913,0.062473181969976366
rsn_ks,fair,2,dinov2_vitl14,rsn,main,5,leopard|lion|ocelot|serval|tiger,cheetah|jaguar|puma,cd92665552b856541c095ca8ab732a65513c1b3c,10,0.16687455229636416,0.15411192653664807,0.25638636298925016,0.0638671239295166
rsn_ks,fair,1,dinov2_vitl14,rsn,main,4,cheetah|ocelot|puma|tiger,jaguar|leopard|lion|serval,890e7e73e8a838fb89b2931d72724cdc6582048d,6,0.18575635157033,0.17723906483770507,0.29876282637961454,0.06572574083657515
rsn_ks,fair,2,dinov2_vitb14,rsn,main,7,cheetah|jaguar|leopard|ocelot|puma|serval|tiger,lion,b2c9663246b493bb49686701e54e7612e6962332,21,0.10082802268589046,0.09701743947304464,0.15652055575229495,0.04361584723927487
rsn_ks,fair,2,dinov2_vitl14,rsn,main,5,leopard|lion|puma|serval|tiger,cheetah|jaguar|ocelot,31302eb76fd0975b88c815c78cdeaa53249d8bf3,10,0.17542492683754413,0.16569669367371093,0.2784519725824885,0.068511334288633
rsn_ks,fair,1,dinov2_vitl14,rsn,main,4,cheetah|ocelot|serval|tiger,jaguar|leopard|lion|puma,ffa948765cecf77583bb7c81e1390028e86594e1,6,0.18811147331614006,0.175097061300592,0.29876282637961454,0.06265659210908273
rsn_ks,fair,2,dinov2_vitb14,rsn,main,7,cheetah|jaguar|lion|ocelot|puma|serval|tiger,leopard,735d17def033e783ca6c9455f1c878e8099201d2,21,0.12290376137462522,0.11197759194097234,0.22578087970268734,0.04489743968696887
rsn_ks,fair,1,dinov2_vitl14,rsn,main,4,cheetah|puma|serval|tiger,jaguar|leopard|lion|ocelot,8833370e9b71390af23ccada790fb58ad4a22a22,6,0.19024866004013183,0.19290845305849527,0.29876282637961454,0.07302668273616923
rsn_ks,fair,2,dinov2_vitl14,rsn,main,5,leopard|ocelot|puma|serval|tiger,cheetah|jaguar|lion,7551898fcf500f53dcf45e49a022f25f54627d76,10,0.18771801749094894,0.18273373257764464,0.2784519725824885,0.07484175602495831
rsn_ks,fair,1,dinov2_vitl14,rsn,main,4,jaguar|leopard|lion|ocelot,cheetah|puma|serval|tiger,90db8cb236cb9347ddf65f324707d388150fb0c0,6,0.09979932802746856,0.09796834558592094,0.1416999903264023,0.029162394144699334
rsn_ks,fair,2,dinov2_vitb14,rsn,main,7,cheetah|leopard|lion|ocelot|puma|serval|tiger,jaguar,092d661b568c8e3a00e6bc476654c14e5551783b,21,0.10866225568748937,0.1026142374689315,0.18827223884801092,0.0304239951311232
rsn_ks,fair,2,dinov2_vitl14,rsn,main,5,lion|ocelot|puma|serval|tiger,cheetah|jaguar|leopard,3604094b0c4d9ea6f2acce2ba56a09f6475108f9,10,0.1709619018719928,0.14594254810725402,0.2784519725824885,0.07680637346537694
rsn_ks,fair,1,dinov2_vitl14,rsn,main,4,jaguar|leopard|lion|puma,cheetah|ocelot|serval|tiger,ecf5d36687bd1a887c202af89919cf4c09bf6c13,6,0.12955502473179317,0.11870473450715799,0.21927365924533437,0.040063595845441925
rsn_ks,fair,2,dinov2_vitb14,rsn,main,7,jaguar|leopard|lion|ocelot|puma|serval|tiger,cheetah,0609fbcb8bc0cb3067a48f89bb25e410a8895e39,21,0.12351579202830691,0.10943136137852583,0.22578087970268734,0.04495046700455428
rsn_ks,fair,2,dinov2_vitl14,rsn,main,6,cheetah|jaguar|leopard|lion|ocelot|puma,serval|tiger,8196b3563983e2e8ca79b557a67d196e6f34f1f9,15,0.12401227196962514,0.10399985954056834,0.23462791136701105,0.042643658359976334
rsn_ks,fair,1,dinov2_vitl14,rsn,main,4,jaguar|leopard|lion|serval,cheetah|ocelot|puma|tiger,820dd3a38f73b8bffee5a445fe0fcbf4fa3a434d,6,0.12900347048437746,0.12890843873000743,0.20172622731023102,0.04491531673233822
rsn_ks,fair,1,dinov2_vitl14,rsn,main,4,jaguar|leopard|lion|tiger,cheetah|ocelot|puma|serval,2f9aefc1d1ff06a2f05ce99aa6e69b7e69ffa12a,6,0.1228921814933706,0.12129218688779658,0.18871109048616613,0.047744788200324455
rsn_ks,fair,2,dinov2_vitl14,rsn,main,6,cheetah|jaguar|leopard|lion|ocelot|serval,puma|tiger,cb4cbd131c7b4be8077f344ffca1326344cfaadc,15,0.12769917916983295,0.1145981082433497,0.21013115857638587,0.05405454833083716
rsn_ks,fair,2,dinov2_vitl14,rsn,main,6,cheetah|jaguar|leopard|lion|ocelot|tiger,puma|serval,592d7cf448dd88fcbe64070721e2bbf5edaee420,15,0.14021619233365012,0.1145981082433497,0.26532606504649314,0.05985559411560007
rsn_ks,fair,2,dinov2_vitl14,rsn,main,6,cheetah|jaguar|leopard|lion|puma|serval,ocelot|tiger,6d498405a4d18acbe0d2fc7695cc79de148203c0,15,0.13647808898173786,0.1231765323162769,0.23462791136701105,0.05731249022761162
rsn_ks,fair,2,dinov2_vitl14,rsn,main,6,cheetah|jaguar|leopard|lion|puma|tiger,ocelot|serval,188a06c931865bb48138a285f3a172b89c99b6ff,15,0.15378264194994334,0.14371984065659826,0.2784519725824885,0.0629667504095586
rsn_ks,fair,2,dinov2_vitl14,rsn,main,6,cheetah|jaguar|leopard|lion|serval|tiger,ocelot|puma,3775a04b577c1218c433ba14144a2621a42406f8,15,0.15474600738104863,0.14371984065659826,0.26532606504649314,0.05844859825527232
rsn_ks,fair,2,dinov2_vitl14,rsn,main,6,cheetah|jaguar|leopard|ocelot|puma|serval,lion|tiger,916ce17f14ac1809423ea8399bbc40dbfe2644cd,15,0.13898103977409984,0.13654878963560463,0.23462791136701105,0.06102115925141091
rsn_ks,fair,2,dinov2_vitl14,rsn,main,6,cheetah|jaguar|leopard|ocelot|puma|tiger,lion|serval,2d6784a5fd360404200355b6d372d9de33adb4ec,15,0.15793666631411246,0.15288754649439273,0.2784519725824885,0.06667049514538957
rsn_ks,fair,2,dinov2_vitl14,rsn,main,6,cheetah|jaguar|leopard|ocelot|serval|tiger,lion|puma,804fc2b1ce91e2fed8dd164201d8e2db38e79d74,15,0.15823869183954675,0.1553363065789034,0.26532606504649314,0.06438370195540044
rsn_ks,fair,2,dinov2_vitl14,rsn,main,6,cheetah|jaguar|leopard|puma|serval|tiger,lion|ocelot,cd87ccd7ba5636aa40520fc7af998c3f5cf08828,15,0.16990983437175747,0.16879215410275525,0.2784519725824885,0.06793880884782537
rsn_ks,fair,2,dinov2_vitl14,rsn,main,6,cheetah|jaguar|lion|ocelot|puma|serval,leopard|tiger,8dc2a3f67ec42790f3d9e2bf9f26979da1853227,15,0.11369917096613515,0.10399985954056834,0.17716803619803356,0.05566716593441352
rsn_ks,fair,2,dinov2_vitl14,rsn,main,6,cheetah|jaguar|lion|ocelot|puma|tiger,leopard|serval,3381de69e2c3905385489fd8b02e43b4dbf80fa9,15,0.14452096108013315,0.1145981082433497,0.2784519725824885,0.06274803605656624
rsn_ks,fair,2,dinov2_vitl14,rsn,main,6,cheetah|jaguar|lion|ocelot|serval|tiger,leopard|puma,44dae4a709294e0b6ce710a4bb86b18b04af00e8,15,0.14836994449350005,0.12897730706754296,0.26532606504649314,0.0660543373121451
rsn_ks,fair,2,dinov2_vitl14,rsn,main,6,cheetah|jaguar|lion|puma|serval|tiger,leopard|ocelot,155f1f7f999574f461c9d6731dc29cdac47e792d,15,0.1543430515007769,0.12897730706754296,0.2784519725824885,0.06912886664146466
rsn_ks,fair,2,dinov2_vitl14,rsn,main,6,cheetah|jaguar|ocelot|puma|serval|tiger,leopard|lion,035821fe76dc7c7f0f841bf3fd9543ecc6878af8,15,0.15964316210985044,0.1532375020786545,0.2784519725824885,0.07301317907219872
rsn_ks,fair,2,dinov2_vitl14,rsn,main,6,cheetah|leopard|lion|ocelot|puma|serval,jaguar|tiger,962aa949165bc2c3e3f400038983c91146ae69ca,15,0.13628083112586223,0.12897730706754296,0.23462791136701105,0.05871036155717048
rsn_ks,fair,2,dinov2_vitl14,rsn,main,6,cheetah|leopard|lion|ocelot|puma|tiger,jaguar|serval,517b87e89d05cf3e5098fde54a4b8efc722896b2,15,0.15970793244711207,0.14371984065659826,0.2784519725824885,0.06432897026060767
rsn_ks,fair,2,dinov2_vitl14,rsn,main,6,cheetah|leopard|lion|ocelot|serval|tiger,jaguar|puma,07f14baea823f8bb8bfca8edc89fa9387c6cb419,15,0.16032843006647868,0.15288754649439273,0.26532606504649314,0.0604718066144792
rsn_ks,fair,2,dinov2_vitl14,rsn,main,6,cheetah|leopard|lion|puma|serval|tiger,jaguar|ocelot,a4deefbe533536ec23e382924468053bfbfe4ea2,15,0.16649364844760797,0.14371984065659826,0.2784519725824885,0.06434718948624031
rsn_ks,fair,2,dinov2_vitl14,rsn,main,6,cheetah|leopard|ocelot|puma|serval|tiger,jaguar|lion,6845ef2cb90e390761deaa6b5f11586eca771494,15,0.17330196711106588,0.1553363065789034,0.2784519725824885,0.06957521822012878
rsn_ks,fair,2,dinov2_vitl14,rsn,main,6,cheetah|lion|ocelot|puma|serval|tiger,jaguar|leopard,95304b6c9a1e1bc222bb6de1e6ebdb0d0bd09c4e,15,0.1549938322969813,0.12897730706754296,0.2784519725824885,0.07051050641526427
rsn_ks,fair,2,dinov2_vitl14,rsn,main,6,jaguar|leopard|lion|ocelot|puma|serval,cheetah|tiger,a2020cce506b7b79ca6af401e2fa2de189673f34,15,0.13852634288358828,0.13654878963560463,0.23462791136701105,0.061628453402329184
rsn_ks,fair,2,dinov2_vitl14,rsn,main,6,jaguar|leopard|lion|ocelot|puma|tiger,cheetah|serval,8b75287957f94b1cf5fc915e2b7c8f1aaad14260,15,0.14984380468412833,0.14371984065659826,0.2784519725824885,0.06743524828547648
rsn_ks,fair,2,dinov2_vitl14,rsn,main,6,jaguar|leopard|lion|ocelot|serval|tiger,cheetah|puma,7dfbfa89e4bcc3d51d7805be3c2e24a04caf3bc6,15,0.15150135829794023,0.15288754649439273,0.25638636298925016,0.06647848304233908
rsn_ks,fair,2,dinov2_vitl14,rsn,main,6,jaguar|leopard|lion|puma|serval|tiger,cheetah|ocelot,b2d95a9730b79264a9de467c1924610875961cc1,15,0.16245885427638232,0.1532375020786545,0.2784519725824885,0.06983601379879008
rsn_ks,fair,2,dinov2_vitl14,rsn,main,6,jaguar|leopard|ocelot|puma|serval|tiger,cheetah|lion,8da832d3d45761aca3c37028e80dd619c3a7be33,15,0.1697572203801208,0.1553363065789034,0.2784519725824885,0.07429834447552351
rsn_ks,fair,2,dinov2_vitl14,rsn,main,6,jaguar|lion|ocelot|puma|serval|tiger,cheetah|leopard,68f6ad14055a0b19d6b0c4731dd0838d08d8a805,15,0.1580686494469991,0.1532375020786545,0.2784519725824885,0.07404471951664468
rsn_ks,fair,2,dinov2_vitl14,rsn,main,6,leopard|lion|ocelot|puma|serval|tiger,cheetah|jaguar,9976f0065a90e01f2ff07a92616a9c11b9ac9f3a,15,0.16945469469361338,0.15288754649439273,0.2784519725824885,0.071376542902539
rsn_ks,fair,2,dinov2_vitl14,rsn,main,7,cheetah|jaguar|leopard|lion|ocelot|puma|serval,tiger,34999650d6174e7d5e9b4c08cf9c4c678c666dfe,21,0.13081098926726878,0.1231765323162769,0.23462791136701105,0.057042257876580266
rsn_ks,fair,2,dinov2_vitl14,rsn,main,7,cheetah|jaguar|leopard|lion|ocelot|puma|tiger,serval,2fe6fba797f855129d88252e7c0d29f6ff3fedb6,21,0.14714578153981495,0.13654878963560463,0.2784519725824885,0.062423597909630264
rsn_ks,fair,2,dinov2_vitl14,rsn,main,7,cheetah|jaguar|leopard|lion|ocelot|serval|tiger,puma,35bc1815d5d306463fd1d79c504ad4b356e46676,21,0.14872854336885677,0.14371984065659826,0.26532606504649314,0.062437846555435134
rsn_ks,fair,2,dinov2_vitl14,rsn,main,7,cheetah|jaguar|leopard|lion|puma|serval|tiger,ocelot,e352c28ffeeebb6b05f6bb20c3418d42361e754c,21,0.15688744670132207,0.14371984065659826,0.2784519725824885,0.0653852044594933
rsn_ks,fair,2,dinov2_vitl14,rsn,main,7,cheetah|jaguar|leopard|ocelot|puma|serval|tiger,lion,a38d9035c1e817ef0580c61a432b2ab95af6b083,21,0.1611097974143648,0.1532375020786545,0.2784519725824885,0.06926034255214429
rsn_ks,fair,2,dinov2_vitl14,rsn,main,7,cheetah|jaguar|lion|ocelot|puma|serval|tiger,leopard,021c506a04241775c016d0e702c379fcce9eb66c,21,0.14766268169919658,0.12897730706754296,0.2784519725824885,0.06863067616681895
rsn_ks,fair,2,dinov2_vitl14,rsn,main,7,cheetah|leopard|lion|ocelot|puma|serval|tiger,jaguar,5201a3fca08cab03a6c9aed6870abeeb68f8ac66,21,0.16008019088410308,0.14371984065659826,0.2784519725824885,0.06673192540397674
rsn_ks,fair,2,dinov2_vitl14,rsn,main,7,jaguar|leopard|lion|ocelot|puma|serval|tiger,cheetah,bebf8514dede1bd861720315da37df7f28bdbe3b,21,0.15708727495182465,0.15288754649439273,0.2784519725824885,0.0704532062257575
