scope,method_a,method_b,metric,cluster_unit,n_clusters,mean_effect,ci_low,ci_high,permutation_p,good_rate
id_size=2,rsn_class_std_huber_k150,class_iqr_huber_k150,AUROC,id_set_after_seed_backbone_mean,28,0.0005858209102271598,-0.0005533446908197514,0.001756754678385782,0.34366563343665635,0.6428571428571429
id_size=3,rsn_class_std_huber_k150,class_iqr_huber_k150,AUROC,id_set_after_seed_backbone_mean,56,0.0005529896663333673,-0.00036468997692794703,0.0014598899342221645,0.24317568243175683,0.5357142857142857
id_size=4,rsn_class_std_huber_k150,class_iqr_huber_k150,AUROC,id_set_after_seed_backbone_mean,70,0.000722811788680735,-0.00016608244056895373,0.0015625120974476056,0.11158884111588842,0.6285714285714286
id_size=5,rsn_class_std_huber_k150,class_iqr_huber_k150,AUROC,id_set_after_seed_backbone_mean,56,0.0009693810706569273,-9.485841346716572e-05,0.001986901735069805,0.07829217078292171,0.625
id_size=6,rsn_class_std_huber_k150,class_iqr_huber_k150,AUROC,id_set_after_seed_backbone_mean,28,0.0011819662356656036,-0.0005506928160835834,0.0028139419605303414,0.18758124187581243,0.6428571428571429
id_size=7,rsn_class_std_huber_k150,class_iqr_huber_k150,AUROC,id_set_after_seed_backbone_mean,8,0.001202610173970007,-0.0026902384711111247,0.005319775013646965,0.5882411758824118,0.625
m2_m7_equal_weight,rsn_class_std_huber_k150,class_iqr_huber_k150,AUROC,id_set_stratified_by_id_size,246,0.0008692633075889668,9.26286314749076e-05,0.0016769341418661034,0.001999800019998,0.6097560975609756
id_size=2,rsn_class_std_huber_k150,class_iqr_huber_k150,FPR95,id_set_after_seed_backbone_mean,28,0.004079663399550623,-0.0007337706840952637,0.008634378695284496,0.10168983101689831,0.7142857142857143
id_size=3,rsn_class_std_huber_k150,class_iqr_huber_k150,FPR95,id_set_after_seed_backbone_mean,56,0.001475108113340329,-0.0021943280575415884,0.004919321241675815,0.41235876412358763,0.5357142857142857
id_size=4,rsn_class_std_huber_k150,class_iqr_huber_k150,FPR95,id_set_after_seed_backbone_mean,70,0.0006213130873519993,-0.00308481858160622,0.004029679897631382,0.7447255274472553,0.5857142857142857
id_size=5,rsn_class_std_huber_k150,class_iqr_huber_k150,FPR95,id_set_after_seed_backbone_mean,56,6.704372089430099e-05,-0.004695956469363687,0.0048727248366004765,0.9774022597740226,0.5178571428571429
id_size=6,rsn_class_std_huber_k150,class_iqr_huber_k150,FPR95,id_set_after_seed_backbone_mean,28,0.0004482129527996412,-0.008515534386253423,0.008916552693292197,0.9242075792420757,0.6428571428571429
id_size=7,rsn_class_std_huber_k150,class_iqr_huber_k150,FPR95,id_set_after_seed_backbone_mean,8,-0.0010770376582788857,-0.03070896648788278,0.020594185853381932,0.9769023097690231,0.75
m2_m7_equal_weight,rsn_class_std_huber_k150,class_iqr_huber_k150,FPR95,id_set_stratified_by_id_size,246,0.0009357172692763346,-0.00429539236737709,0.005176354056348579,0.36796320367963203,0.5853658536585366
id_size=2,rsn_class_std_huber_k150,class_iqr_huber_k150,AUPR_OUT,id_set_after_seed_backbone_mean,28,0.0007277547751273285,0.00018077249315017594,0.0012948624578640665,0.0212978702129787,0.6071428571428571
id_size=3,rsn_class_std_huber_k150,class_iqr_huber_k150,AUPR_OUT,id_set_after_seed_backbone_mean,56,0.0007015213291935976,-5.2022873738600274e-05,0.001429823518530181,0.07439256074392561,0.6607142857142857
id_size=4,rsn_class_std_huber_k150,class_iqr_huber_k150,AUPR_OUT,id_set_after_seed_backbone_mean,70,0.0008358187007576337,-0.00031874270410912106,0.001872499317349698,0.1352864713528647,0.6285714285714286
id_size=5,rsn_class_std_huber_k150,class_iqr_huber_k150,AUPR_OUT,id_set_after_seed_backbone_mean,56,0.0011071586416472085,-0.0008399308080100252,0.0027961742041019235,0.23077692230776922,0.5714285714285714
id_size=6,rsn_class_std_huber_k150,class_iqr_huber_k150,AUPR_OUT,id_set_after_seed_backbone_mean,28,0.0015647645438399394,-0.0018574275183925765,0.0048493339492593135,0.3635636436356364,0.6428571428571429
id_size=7,rsn_class_std_huber_k150,class_iqr_huber_k150,AUPR_OUT,id_set_after_seed_backbone_mean,8,0.0011844903215894932,-0.008617089206008732,0.009191645111540154,0.7789221077892211,0.625
m2_m7_equal_weight,rsn_class_std_huber_k150,class_iqr_huber_k150,AUPR_OUT,id_set_stratified_by_id_size,246,0.0010202513853592,-0.0006954179902695758,0.0025539307476309084,0.0093990600939906,0.6219512195121951
id_size=2,rsn_class_std_huber_k150,class_iqr_huber_k150,AUPR_OUT_BALANCED,id_set_after_seed_backbone_mean,28,0.0017496152500459383,0.0005491154276447286,0.0029982230233803046,0.008799120087991202,0.6785714285714286
id_size=3,rsn_class_std_huber_k150,class_iqr_huber_k150,AUPR_OUT_BALANCED,id_set_after_seed_backbone_mean,56,0.0011801169989802654,0.00016829014869943558,0.002155100314534252,0.024297570242975703,0.6785714285714286
id_size=4,rsn_class_std_huber_k150,class_iqr_huber_k150,AUPR_OUT_BALANCED,id_set_after_seed_backbone_mean,70,0.0010186797757411347,-4.796616975393603e-06,0.0019818768694366507,0.0458954104589541,0.6285714285714286
id_size=5,rsn_class_std_huber_k150,class_iqr_huber_k150,AUPR_OUT_BALANCED,id_set_after_seed_backbone_mean,56,0.0009963100258475234,-0.0004131159256411969,0.0023009817069307103,0.1665833416658334,0.5892857142857143
id_size=6,rsn_class_std_huber_k150,class_iqr_huber_k150,AUPR_OUT_BALANCED,id_set_after_seed_backbone_mean,28,0.0007759109390356639,-0.0016444380728646783,0.0030795435399392384,0.5345465453454654,0.5357142857142857
id_size=7,rsn_class_std_huber_k150,class_iqr_huber_k150,AUPR_OUT_BALANCED,id_set_after_seed_backbone_mean,8,0.00019218343194078724,-0.005601771329305516,0.005321609082123969,0.9374062593740626,0.625
m2_m7_equal_weight,rsn_class_std_huber_k150,class_iqr_huber_k150,AUPR_OUT_BALANCED,id_set_stratified_by_id_size,246,0.000985469403598552,-0.00013970654783267784,0.00201231303656135,0.00039996000399960006,0.6260162601626016
id_size=2,rsn_class_std_huber_k150,class_mad_huber_k150,AUROC,id_set_after_seed_backbone_mean,28,0.0005276718890042829,-0.000656171299748767,0.0016936770526594523,0.3965603439656034,0.6071428571428571
id_size=3,rsn_class_std_huber_k150,class_mad_huber_k150,AUROC,id_set_after_seed_backbone_mean,56,0.0005054232112916154,-0.00044526647577371767,0.0014316554765439597,0.2880711928807119,0.5535714285714286
id_size=4,rsn_class_std_huber_k150,class_mad_huber_k150,AUROC,id_set_after_seed_backbone_mean,70,0.0006963937753238919,-0.00022643091963264126,0.0015736503795788217,0.1304869513048695,0.6285714285714286
id_size=5,rsn_class_std_huber_k150,class_mad_huber_k150,AUROC,id_set_after_seed_backbone_mean,56,0.0009690198306246858,-0.00017927204293033497,0.0020387326838603955,0.09299070092990701,0.6428571428571429
id_size=6,rsn_class_std_huber_k150,class_mad_huber_k150,AUROC,id_set_after_seed_backbone_mean,28,0.0012119707589240553,-0.0005553470789620927,0.0028670149784459768,0.19048095190480951,0.6428571428571429
id_size=7,rsn_class_std_huber_k150,class_mad_huber_k150,AUROC,id_set_after_seed_backbone_mean,8,0.0012732893733820487,-0.0027365799788750546,0.0054902472769740324,0.5968403159684031,0.625
m2_m7_equal_weight,rsn_class_std_huber_k150,class_mad_huber_k150,AUROC,id_set_stratified_by_id_size,246,0.0008639614730917633,5.668038225261717e-05,0.0017187567563445693,0.0021997800219978004,0.6138211382113821
id_size=2,rsn_class_std_huber_k150,class_mad_huber_k150,FPR95,id_set_after_seed_backbone_mean,28,0.003740383162210123,-0.0009934777792528784,0.008451088893930812,0.1366863313668633,0.6785714285714286
id_size=3,rsn_class_std_huber_k150,class_mad_huber_k150,FPR95,id_set_after_seed_backbone_mean,56,0.0012977226320377035,-0.0024709404107365303,0.004935889823311108,0.5094490550944906,0.5357142857142857
id_size=4,rsn_class_std_huber_k150,class_mad_huber_k150,FPR95,id_set_after_seed_backbone_mean,70,0.0006674822983249613,-0.003196908641070505,0.004206698168108461,0.7322267773222678,0.5571428571428572
id_size=5,rsn_class_std_huber_k150,class_mad_huber_k150,FPR95,id_set_after_seed_backbone_mean,56,2.9331322898298873e-05,-0.005173337285034507,0.005066261242265352,0.9894010598940106,0.5357142857142857
id_size=6,rsn_class_std_huber_k150,class_mad_huber_k150,FPR95,id_set_after_seed_backbone_mean,28,0.00035540651088438325,-0.009231747822088748,0.009461892277189696,0.9447055294470553,0.6428571428571429
id_size=7,rsn_class_std_huber_k150,class_mad_huber_k150,FPR95,id_set_after_seed_backbone_mean,8,-0.0012290167000162163,-0.03227533183472448,0.02258910690937322,0.9519048095190481,0.75
m2_m7_equal_weight,rsn_class_std_huber_k150,class_mad_huber_k150,FPR95,id_set_stratified_by_id_size,246,0.0008102182043898757,-0.005016913098399342,0.005413957553810818,0.4450554944505549,0.5772357723577236
id_size=2,rsn_class_std_huber_k150,class_mad_huber_k150,AUPR_OUT,id_set_after_seed_backbone_mean,28,0.0006195652472210794,5.8640411902897825e-05,0.0011817765341256604,0.0466953304669533,0.6071428571428571
id_size=3,rsn_class_std_huber_k150,class_mad_huber_k150,AUPR_OUT,id_set_after_seed_backbone_mean,56,0.0005540974071024646,-0.00024296855424703868,0.0013377182127879473,0.17368263173682633,0.6428571428571429
id_size=4,rsn_class_std_huber_k150,class_mad_huber_k150,AUPR_OUT,id_set_after_seed_backbone_mean,70,0.0007374492406649501,-0.00048316146092690484,0.0018108735009168524,0.22317768223177684,0.6285714285714286
id_size=5,rsn_class_std_huber_k150,class_mad_huber_k150,AUPR_OUT,id_set_after_seed_backbone_mean,56,0.0011164265888617096,-0.000856139010770628,0.002987134387869998,0.2625737426257374,0.5892857142857143
id_size=6,rsn_class_std_huber_k150,class_mad_huber_k150,AUPR_OUT,id_set_after_seed_backbone_mean,28,0.0017059579988762316,-0.0019666832205624775,0.0051144847228888285,0.36236376362363765,0.6428571428571429
id_size=7,rsn_class_std_huber_k150,class_mad_huber_k150,AUPR_OUT,id_set_after_seed_backbone_mean,8,0.001383507788284011,-0.009181069509958537,0.00998872446010094,0.7681231876812319,0.625
m2_m7_equal_weight,rsn_class_std_huber_k150,class_mad_huber_k150,AUPR_OUT,id_set_stratified_by_id_size,246,0.0010195007118350744,-0.0008264837384084991,0.0026369525772283174,0.022097790220977902,0.6219512195121951
id_size=2,rsn_class_std_huber_k150,class_mad_huber_k150,AUPR_OUT_BALANCED,id_set_after_seed_backbone_mean,28,0.001494066600288828,0.0002025698218424703,0.002791015799714661,0.0321967803219678,0.6428571428571429
id_size=3,rsn_class_std_huber_k150,class_mad_huber_k150,AUPR_OUT_BALANCED,id_set_after_seed_backbone_mean,56,0.0009699132695878415,-0.00010201161697247365,0.0019752664709091093,0.0781921807819218,0.6607142857142857
id_size=4,rsn_class_std_huber_k150,class_mad_huber_k150,AUPR_OUT_BALANCED,id_set_after_seed_backbone_mean,70,0.0009245679795701081,-0.00018305286593218773,0.0019570185341884674,0.0948905109489051,0.6285714285714286
id_size=5,rsn_class_std_huber_k150,class_mad_huber_k150,AUPR_OUT_BALANCED,id_set_after_seed_backbone_mean,56,0.001010463062878875,-0.0005070173506208221,0.0023980359518618946,0.18438156184381563,0.5892857142857143
id_size=6,rsn_class_std_huber_k150,class_mad_huber_k150,AUPR_OUT_BALANCED,id_set_after_seed_backbone_mean,28,0.0008259852465036652,-0.0018018699975904783,0.003284885628668545,0.5381461853814619,0.5714285714285714
id_size=7,rsn_class_std_huber_k150,class_mad_huber_k150,AUPR_OUT_BALANCED,id_set_after_seed_backbone_mean,8,0.00023087359342205144,-0.006048245087349279,0.00569772244959842,0.9519048095190481,0.625
m2_m7_equal_weight,rsn_class_std_huber_k150,class_mad_huber_k150,AUPR_OUT_BALANCED,id_set_stratified_by_id_size,246,0.0009093116253752282,-0.00028866439786627454,0.0019822411620036466,0.0029997000299970002,0.6219512195121951
id_size=2,rsn_class_std_huber_k150,class_std_euclidean_k150,AUROC,id_set_after_seed_backbone_mean,28,0.0004756941409244514,0.00038516320099253094,0.0005732017599239738,9.999000099990002e-05,1.0
id_size=3,rsn_class_std_huber_k150,class_std_euclidean_k150,AUROC,id_set_after_seed_backbone_mean,0,,,,,
id_size=4,rsn_class_std_huber_k150,class_std_euclidean_k150,AUROC,id_set_after_seed_backbone_mean,70,0.00037606551526430244,0.00031834678571235683,0.00043366059647837195,9.999000099990002e-05,0.9285714285714286
id_size=5,rsn_class_std_huber_k150,class_std_euclidean_k150,AUROC,id_set_after_seed_backbone_mean,0,,,,,
id_size=6,rsn_class_std_huber_k150,class_std_euclidean_k150,AUROC,id_set_after_seed_backbone_mean,0,,,,,
id_size=7,rsn_class_std_huber_k150,class_std_euclidean_k150,AUROC,id_set_after_seed_backbone_mean,8,0.00014466996820308026,-0.00038440500468709527,0.0006269297937452222,0.6291370862913709,0.625
m2_m7_equal_weight,rsn_class_std_huber_k150,class_std_euclidean_k150,AUROC,id_set_stratified_by_id_size,106,0.00033214320813061135,0.00015034299908233567,0.0004982915808415697,9.999000099990002e-05,0.9245283018867925
id_size=2,rsn_class_std_huber_k150,class_std_euclidean_k150,FPR95,id_set_after_seed_backbone_mean,28,0.005463764399068044,0.0037390730934941563,0.007344945852870118,9.999000099990002e-05,1.0
id_size=3,rsn_class_std_huber_k150,class_std_euclidean_k150,FPR95,id_set_after_seed_backbone_mean,0,,,,,
id_size=4,rsn_class_std_huber_k150,class_std_euclidean_k150,FPR95,id_set_after_seed_backbone_mean,70,0.005669387516010828,0.004752671210839578,0.006618539265436744,9.999000099990002e-05,0.9857142857142858
id_size=5,rsn_class_std_huber_k150,class_std_euclidean_k150,FPR95,id_set_after_seed_backbone_mean,0,,,,,
id_size=6,rsn_class_std_huber_k150,class_std_euclidean_k150,FPR95,id_set_after_seed_backbone_mean,0,,,,,
id_size=7,rsn_class_std_huber_k150,class_std_euclidean_k150,FPR95,id_set_after_seed_backbone_mean,8,0.00530444010369043,0.0002866499935648102,0.011528663537597125,0.10828917108289171,0.625
m2_m7_equal_weight,rsn_class_std_huber_k150,class_std_euclidean_k150,FPR95,id_set_stratified_by_id_size,106,0.005479197339589767,0.0037542863407806024,0.007626390572755653,9.999000099990002e-05,0.9622641509433962
id_size=2,rsn_class_std_huber_k150,class_std_euclidean_k150,AUPR_OUT,id_set_after_seed_backbone_mean,28,0.0006900455048031571,0.0005109318348157922,0.0008859793035756092,9.999000099990002e-05,1.0
id_size=3,rsn_class_std_huber_k150,class_std_euclidean_k150,AUPR_OUT,id_set_after_seed_backbone_mean,0,,,,,
id_size=4,rsn_class_std_huber_k150,class_std_euclidean_k150,AUPR_OUT,id_set_after_seed_backbone_mean,70,0.0018110615144549913,0.0016212283828393786,0.002011115079086631,9.999000099990002e-05,1.0
id_size=5,rsn_class_std_huber_k150,class_std_euclidean_k150,AUPR_OUT,id_set_after_seed_backbone_mean,0,,,,,
id_size=6,rsn_class_std_huber_k150,class_std_euclidean_k150,AUPR_OUT,id_set_after_seed_backbone_mean,0,,,,,
id_size=7,rsn_class_std_huber_k150,class_std_euclidean_k150,AUPR_OUT,id_set_after_seed_backbone_mean,8,0.0023975744862113,0.0005324259247236436,0.004471797351702059,0.06109389061093891,0.75
m2_m7_equal_weight,rsn_class_std_huber_k150,class_std_euclidean_k150,AUPR_OUT,id_set_stratified_by_id_size,106,0.0016328938351564827,0.001007741403483544,0.002339405195618559,9.999000099990002e-05,0.9811320754716981
id_size=2,rsn_class_std_huber_k150,class_std_euclidean_k150,AUPR_OUT_BALANCED,id_set_after_seed_backbone_mean,28,0.0017012208156647073,0.001389168546550399,0.0020238939366097925,9.999000099990002e-05,1.0
id_size=3,rsn_class_std_huber_k150,class_std_euclidean_k150,AUPR_OUT_BALANCED,id_set_after_seed_backbone_mean,0,,,,,
id_size=4,rsn_class_std_huber_k150,class_std_euclidean_k150,AUPR_OUT_BALANCED,id_set_after_seed_backbone_mean,70,0.0017894116626367537,0.0016288560228101526,0.001952474860362545,9.999000099990002e-05,1.0
id_size=5,rsn_class_std_huber_k150,class_std_euclidean_k150,AUPR_OUT_BALANCED,id_set_after_seed_backbone_mean,0,,,,,
id_size=6,rsn_class_std_huber_k150,class_std_euclidean_k150,AUPR_OUT_BALANCED,id_set_after_seed_backbone_mean,0,,,,,
id_size=7,rsn_class_std_huber_k150,class_std_euclidean_k150,AUPR_OUT_BALANCED,id_set_after_seed_backbone_mean,8,0.0010000770008529885,2.6610157420550436e-05,0.002080642701076586,0.1496850314968503,0.75
m2_m7_equal_weight,rsn_class_std_huber_k150,class_std_euclidean_k150,AUPR_OUT_BALANCED,id_set_stratified_by_id_size,106,0.00149690315971815,0.0011491848137995292,0.0018884768763637988,9.999000099990002e-05,0.9811320754716981
id_size=2,rsn_class_std_huber_k150,class_std_squared_k150,AUROC,id_set_after_seed_backbone_mean,28,0.0006899517014610773,0.0006073558945506437,0.0007694745448424327,9.999000099990002e-05,1.0
id_size=3,rsn_class_std_huber_k150,class_std_squared_k150,AUROC,id_set_after_seed_backbone_mean,56,0.0005844107957773956,0.0005339520842039508,0.0006353002232091929,9.999000099990002e-05,1.0
id_size=4,rsn_class_std_huber_k150,class_std_squared_k150,AUROC,id_set_after_seed_backbone_mean,70,0.0005019786499650395,0.000452296134311316,0.000550896010080351,9.999000099990002e-05,0.9857142857142858
id_size=5,rsn_class_std_huber_k150,class_std_squared_k150,AUROC,id_set_after_seed_backbone_mean,56,0.00042999146729041395,0.0003659294501160908,0.0004928820007707555,9.999000099990002e-05,0.9821428571428571
id_size=6,rsn_class_std_huber_k150,class_std_squared_k150,AUROC,id_set_after_seed_backbone_mean,28,0.00036407266014170357,0.0002556599126229398,0.00046934577907283877,9.999000099990002e-05,0.8571428571428571
id_size=7,rsn_class_std_huber_k150,class_std_squared_k150,AUROC,id_set_after_seed_backbone_mean,8,0.0002994127760224859,3.6250815956609395e-05,0.0005638794236289916,0.07949205079492051,0.875
m2_m7_equal_weight,rsn_class_std_huber_k150,class_std_squared_k150,AUROC,id_set_stratified_by_id_size,246,0.0004783030084430193,0.0004277431988957538,0.0005308424687202995,9.999000099990002e-05,0.9715447154471545
id_size=2,rsn_class_std_huber_k150,class_std_squared_k150,FPR95,id_set_after_seed_backbone_mean,28,0.0071257174584154195,0.0051093606945110896,0.009326625435718015,9.999000099990002e-05,1.0
id_size=3,rsn_class_std_huber_k150,class_std_squared_k150,FPR95,id_set_after_seed_backbone_mean,56,0.00608735389030403,0.005121406184150042,0.007104542735236601,9.999000099990002e-05,1.0
id_size=4,rsn_class_std_huber_k150,class_std_squared_k150,FPR95,id_set_after_seed_backbone_mean,70,0.0047025941907565295,0.004104630831357474,0.005352399500157008,9.999000099990002e-05,0.9857142857142858
id_size=5,rsn_class_std_huber_k150,class_std_squared_k150,FPR95,id_set_after_seed_backbone_mean,56,0.004147658902783265,0.0035308172046266306,0.0047726703243662055,9.999000099990002e-05,0.9821428571428571
id_size=6,rsn_class_std_huber_k150,class_std_squared_k150,FPR95,id_set_after_seed_backbone_mean,28,0.003567748916605576,0.0026669923596389453,0.004531015314087464,9.999000099990002e-05,1.0
id_size=7,rsn_class_std_huber_k150,class_std_squared_k150,FPR95,id_set_after_seed_backbone_mean,8,0.0028125875610002533,0.000498379205422213,0.005594726695247628,0.0206979302069793,0.875
m2_m7_equal_weight,rsn_class_std_huber_k150,class_std_squared_k150,FPR95,id_set_stratified_by_id_size,246,0.004740610153310846,0.004153049753352459,0.0053924496656621995,9.999000099990002e-05,0.9878048780487805
id_size=2,rsn_class_std_huber_k150,class_std_squared_k150,AUPR_OUT,id_set_after_seed_backbone_mean,28,0.0010408260107651552,0.00082901291297236,0.0012706873231959717,9.999000099990002e-05,1.0
id_size=3,rsn_class_std_huber_k150,class_std_squared_k150,AUPR_OUT,id_set_after_seed_backbone_mean,56,0.0017104893279533044,0.001546980003906769,0.00188262168115347,9.999000099990002e-05,1.0
id_size=4,rsn_class_std_huber_k150,class_std_squared_k150,AUPR_OUT,id_set_after_seed_backbone_mean,70,0.0023418243104964716,0.0021603862637040692,0.002526619187837284,9.999000099990002e-05,1.0
id_size=5,rsn_class_std_huber_k150,class_std_squared_k150,AUPR_OUT,id_set_after_seed_backbone_mean,56,0.002822717549203136,0.002494549432240029,0.0031413849748459332,9.999000099990002e-05,1.0
id_size=6,rsn_class_std_huber_k150,class_std_squared_k150,AUPR_OUT,id_set_after_seed_backbone_mean,28,0.0029528692591704055,0.0022294182591816925,0.0037311684244788375,9.999000099990002e-05,1.0
id_size=7,rsn_class_std_huber_k150,class_std_squared_k150,AUPR_OUT,id_set_after_seed_backbone_mean,8,0.0025572801338204706,0.0008024178973400902,0.004945364794018364,0.015598440155984402,0.875
m2_m7_equal_weight,rsn_class_std_huber_k150,class_std_squared_k150,AUPR_OUT,id_set_stratified_by_id_size,246,0.002237667765234824,0.0019048912590283458,0.002667318005681011,9.999000099990002e-05,0.9959349593495935
id_size=2,rsn_class_std_huber_k150,class_std_squared_k150,AUPR_OUT_BALANCED,id_set_after_seed_backbone_mean,28,0.0026082240704725403,0.0022432886577983427,0.00297634656918954,9.999000099990002e-05,1.0
id_size=3,rsn_class_std_huber_k150,class_std_squared_k150,AUPR_OUT_BALANCED,id_set_after_seed_backbone_mean,56,0.0025407478228578685,0.002351422899113823,0.0027294567889507605,9.999000099990002e-05,1.0
id_size=4,rsn_class_std_huber_k150,class_std_squared_k150,AUPR_OUT_BALANCED,id_set_after_seed_backbone_mean,70,0.0023525494390083668,0.002176134686241623,0.002526563698062735,9.999000099990002e-05,1.0
id_size=5,rsn_class_std_huber_k150,class_std_squared_k150,AUPR_OUT_BALANCED,id_set_after_seed_backbone_mean,56,0.002062131256438817,0.0018373319849832443,0.0022895449451444698,9.999000099990002e-05,1.0
id_size=6,rsn_class_std_huber_k150,class_std_squared_k150,AUPR_OUT_BALANCED,id_set_after_seed_backbone_mean,28,0.0016527068348285913,0.0013237196459539844,0.0020062976850524538,9.999000099990002e-05,1.0
id_size=7,rsn_class_std_huber_k150,class_std_squared_k150,AUPR_OUT_BALANCED,id_set_after_seed_backbone_mean,8,0.001095754661706606,0.0005344056818901756,0.0016946485387377215,0.0163983601639836,0.875
m2_m7_equal_weight,rsn_class_std_huber_k150,class_std_squared_k150,AUPR_OUT_BALANCED,id_set_stratified_by_id_size,246,0.002052019014218798,0.0019167057151567599,0.002193542025822523,9.999000099990002e-05,0.9959349593495935
id_size=2,rsn_class_std_huber_k150,global_std_euclidean_k150,AUROC,id_set_after_seed_backbone_mean,28,0.0006226501555747535,-0.0020922132829026266,0.003322525649713518,0.6572342765723428,0.5714285714285714
id_size=3,rsn_class_std_huber_k150,global_std_euclidean_k150,AUROC,id_set_after_seed_backbone_mean,0,,,,,
id_size=4,rsn_class_std_huber_k150,global_std_euclidean_k150,AUROC,id_set_after_seed_backbone_mean,70,1.8086778432487634e-05,-0.0021615446002159725,0.0021524724753238275,0.9856014398560144,0.5
id_size=5,rsn_class_std_huber_k150,global_std_euclidean_k150,AUROC,id_set_after_seed_backbone_mean,0,,,,,
id_size=6,rsn_class_std_huber_k150,global_std_euclidean_k150,AUROC,id_set_after_seed_backbone_mean,0,,,,,
id_size=7,rsn_class_std_huber_k150,global_std_euclidean_k150,AUROC,id_set_after_seed_backbone_mean,8,-0.0014255218497857642,-0.014669041813028565,0.011053015724527127,0.8559144085591441,0.5
m2_m7_equal_weight,rsn_class_std_huber_k150,global_std_euclidean_k150,AUROC,id_set_stratified_by_id_size,106,-0.00026159497192617434,-0.004850711716832835,0.003983374923363244,0.9422057794220577,0.5188679245283019
id_size=2,rsn_class_std_huber_k150,global_std_euclidean_k150,FPR95,id_set_after_seed_backbone_mean,28,0.023204161049375723,0.01174291823950818,0.035443981167361666,0.0004999500049995,0.8214285714285714
id_size=3,rsn_class_std_huber_k150,global_std_euclidean_k150,FPR95,id_set_after_seed_backbone_mean,0,,,,,
id_size=4,rsn_class_std_huber_k150,global_std_euclidean_k150,FPR95,id_set_after_seed_backbone_mean,70,0.028130978611370358,0.018168214217668836,0.03879944327345964,9.999000099990002e-05,0.7142857142857143
id_size=5,rsn_class_std_huber_k150,global_std_euclidean_k150,FPR95,id_set_after_seed_backbone_mean,0,,,,,
id_size=6,rsn_class_std_huber_k150,global_std_euclidean_k150,FPR95,id_set_after_seed_backbone_mean,0,,,,,
id_size=7,rsn_class_std_huber_k150,global_std_euclidean_k150,FPR95,id_set_after_seed_backbone_mean,8,0.02993745997675162,-3.447855049270927e-05,0.06370948438008661,0.21787821217878212,0.625
m2_m7_equal_weight,rsn_class_std_huber_k150,global_std_euclidean_k150,FPR95,id_set_stratified_by_id_size,106,0.02709086654583257,0.015430923843323775,0.03947942539907939,9.999000099990002e-05,0.7358490566037735
id_size=2,rsn_class_std_huber_k150,global_std_euclidean_k150,AUPR_OUT,id_set_after_seed_backbone_mean,28,0.0014055585697398966,0.00020564357429290797,0.002629477284659778,0.037196280371962806,0.6428571428571429
id_size=3,rsn_class_std_huber_k150,global_std_euclidean_k150,AUPR_OUT,id_set_after_seed_backbone_mean,0,,,,,
id_size=4,rsn_class_std_huber_k150,global_std_euclidean_k150,AUPR_OUT,id_set_after_seed_backbone_mean,70,0.006884553400791628,0.003797170737365922,0.010146204253829488,0.00019998000199980003,0.6714285714285714
id_size=5,rsn_class_std_huber_k150,global_std_euclidean_k150,AUPR_OUT,id_set_after_seed_backbone_mean,0,,,,,
id_size=6,rsn_class_std_huber_k150,global_std_euclidean_k150,AUPR_OUT,id_set_after_seed_backbone_mean,0,,,,,
id_size=7,rsn_class_std_huber_k150,global_std_euclidean_k150,AUPR_OUT,id_set_after_seed_backbone_mean,8,0.011756068229373962,-0.0038049667143690443,0.02884267967898211,0.25147485251474855,0.625
m2_m7_equal_weight,rsn_class_std_huber_k150,global_std_euclidean_k150,AUPR_OUT,id_set_stratified_by_id_size,106,0.006682060066635162,0.0013457746507533933,0.012492427945206809,9.999000099990002e-05,0.660377358490566
id_size=2,rsn_class_std_huber_k150,global_std_euclidean_k150,AUPR_OUT_BALANCED,id_set_after_seed_backbone_mean,28,0.0034398193086127593,0.0006666355248932292,0.00609172024636027,0.021097890210978902,0.6428571428571429
id_size=3,rsn_class_std_huber_k150,global_std_euclidean_k150,AUPR_OUT_BALANCED,id_set_after_seed_backbone_mean,0,,,,,
id_size=4,rsn_class_std_huber_k150,global_std_euclidean_k150,AUPR_OUT_BALANCED,id_set_after_seed_backbone_mean,70,0.005948957407022049,0.003192033385845063,0.008764865148088387,0.00019998000199980003,0.6571428571428571
id_size=5,rsn_class_std_huber_k150,global_std_euclidean_k150,AUPR_OUT_BALANCED,id_set_after_seed_backbone_mean,0,,,,,
id_size=6,rsn_class_std_huber_k150,global_std_euclidean_k150,AUPR_OUT_BALANCED,id_set_after_seed_backbone_mean,0,,,,,
id_size=7,rsn_class_std_huber_k150,global_std_euclidean_k150,AUPR_OUT_BALANCED,id_set_after_seed_backbone_mean,8,0.005004482091139326,-0.008446702197032465,0.01839074637787088,0.49175082491750827,0.625
m2_m7_equal_weight,rsn_class_std_huber_k150,global_std_euclidean_k150,AUPR_OUT_BALANCED,id_set_stratified_by_id_size,106,0.004797752935591378,0.00018729547814567518,0.009456575682398678,9.999000099990002e-05,0.6509433962264151
id_size=2,rsn_class_std_huber_k150,global_std_huber_k150,AUROC,id_set_after_seed_backbone_mean,28,3.541168249215667e-05,-0.0026943185854072494,0.0026835504699598686,0.984001599840016,0.4642857142857143
id_size=3,rsn_class_std_huber_k150,global_std_huber_k150,AUROC,id_set_after_seed_backbone_mean,56,-0.00010173492684069288,-0.002331789238401011,0.0020468102290375017,0.9319068093190681,0.5357142857142857
id_size=4,rsn_class_std_huber_k150,global_std_huber_k150,AUROC,id_set_after_seed_backbone_mean,70,-0.0005379721623934476,-0.002685517363208885,0.0016031311956652091,0.6254374562543745,0.5
id_size=5,rsn_class_std_huber_k150,global_std_huber_k150,AUROC,id_set_after_seed_backbone_mean,56,-0.0011013145916556918,-0.003724672428722438,0.0014535660598615835,0.4243575642435756,0.4642857142857143
id_size=6,rsn_class_std_huber_k150,global_std_huber_k150,AUROC,id_set_after_seed_backbone_mean,28,-0.0016261243908611933,-0.00617408104125818,0.0028279539347925062,0.49525047495250474,0.35714285714285715
id_size=7,rsn_class_std_huber_k150,global_std_huber_k150,AUROC,id_set_after_seed_backbone_mean,8,-0.0018864516948317272,-0.015270906347409371,0.010203565312152978,0.807919208079192,0.5
m2_m7_equal_weight,rsn_class_std_huber_k150,global_std_huber_k150,AUROC,id_set_stratified_by_id_size,246,-0.0008696976806817661,-0.003264788037427824,0.0014617942661791104,0.28247175282471754,0.4796747967479675
id_size=2,rsn_class_std_huber_k150,global_std_huber_k150,FPR95,id_set_after_seed_backbone_mean,28,0.016198483597676724,0.005532497040076852,0.027806538335795324,0.007799220077992201,0.6428571428571429
id_size=3,rsn_class_std_huber_k150,global_std_huber_k150,FPR95,id_set_after_seed_backbone_mean,56,0.020124692469610635,0.009529947742337787,0.03195291499462721,0.00029997000299970003,0.7321428571428571
id_size=4,rsn_class_std_huber_k150,global_std_huber_k150,FPR95,id_set_after_seed_backbone_mean,70,0.021185111415671212,0.011737228279331326,0.031236464997324468,9.999000099990002e-05,0.6714285714285714
id_size=5,rsn_class_std_huber_k150,global_std_huber_k150,FPR95,id_set_after_seed_backbone_mean,56,0.020589705534030982,0.010654657513637728,0.03046500170577736,0.00019998000199980003,0.6785714285714286
id_size=6,rsn_class_std_huber_k150,global_std_huber_k150,FPR95,id_set_after_seed_backbone_mean,28,0.02227670441646746,0.008209240562771293,0.037517621055465245,0.005699430056994301,0.5714285714285714
id_size=7,rsn_class_std_huber_k150,global_std_huber_k150,FPR95,id_set_after_seed_backbone_mean,8,0.023354996472232166,-0.0035808071026434433,0.05223846778430026,0.22627737226277372,0.625
m2_m7_equal_weight,rsn_class_std_huber_k150,global_std_huber_k150,FPR95,id_set_stratified_by_id_size,246,0.020621615650948194,0.014465963758202312,0.02710670377033293,9.999000099990002e-05,0.6707317073170732
id_size=2,rsn_class_std_huber_k150,global_std_huber_k150,AUPR_OUT,id_set_after_seed_backbone_mean,28,0.000699482807795762,-0.0005220642480024175,0.0019194163460047283,0.2843715628437156,0.5
id_size=3,rsn_class_std_huber_k150,global_std_huber_k150,AUPR_OUT,id_set_after_seed_backbone_mean,56,0.002613919153318743,0.0005327810367687973,0.0048040822323615,0.0235976402359764,0.5357142857142857
id_size=4,rsn_class_std_huber_k150,global_std_huber_k150,AUPR_OUT,id_set_after_seed_backbone_mean,70,0.00513296306985431,0.0021197995614567343,0.00833104258919425,0.0014998500149985001,0.6142857142857143
id_size=5,rsn_class_std_huber_k150,global_std_huber_k150,AUPR_OUT,id_set_after_seed_backbone_mean,56,0.00786563879572157,0.003275454277579851,0.012651661152758816,0.0015998400159984002,0.625
id_size=6,rsn_class_std_huber_k150,global_std_huber_k150,AUPR_OUT,id_set_after_seed_backbone_mean,28,0.00964019012167838,0.0014692495124995016,0.018687738838647085,0.034096590340965904,0.5714285714285714
id_size=7,rsn_class_std_huber_k150,global_std_huber_k150,AUPR_OUT,id_set_after_seed_backbone_mean,8,0.00953655187677855,-0.005505274629313754,0.02546881699282454,0.32836716328367166,0.5
m2_m7_equal_weight,rsn_class_std_huber_k150,global_std_huber_k150,AUPR_OUT,id_set_stratified_by_id_size,246,0.005914790970857886,0.0028040186301321528,0.008999539196329004,9.999000099990002e-05,0.5772357723577236
id_size=2,rsn_class_std_huber_k150,global_std_huber_k150,AUPR_OUT_BALANCED,id_set_after_seed_backbone_mean,28,0.0016333218228565378,-0.0010614155905332415,0.004431031596068063,0.26017398260173985,0.5357142857142857
id_size=3,rsn_class_std_huber_k150,global_std_huber_k150,AUPR_OUT_BALANCED,id_set_after_seed_backbone_mean,56,0.003232045287397013,0.0006015702441226133,0.0060247532584579355,0.024197580241975804,0.5535714285714286
id_size=4,rsn_class_std_huber_k150,global_std_huber_k150,AUPR_OUT_BALANCED,id_set_after_seed_backbone_mean,70,0.004194919433074009,0.0015227796607604,0.007049221699033,0.0029997000299970002,0.6142857142857143
id_size=5,rsn_class_std_huber_k150,global_std_huber_k150,AUPR_OUT_BALANCED,id_set_after_seed_backbone_mean,56,0.004913785875852587,0.0015586620956085954,0.008412167806218023,0.0064993500649935,0.6071428571428571
id_size=6,rsn_class_std_huber_k150,global_std_huber_k150,AUPR_OUT_BALANCED,id_set_after_seed_backbone_mean,28,0.004932270402560959,-0.00042522700889151445,0.010669688997556971,0.09579042095790422,0.5357142857142857
id_size=7,rsn_class_std_huber_k150,global_std_huber_k150,AUPR_OUT_BALANCED,id_set_after_seed_backbone_mean,8,0.00391144055282844,-0.009178778745517882,0.017007775883386297,0.5936406359364064,0.5
m2_m7_equal_weight,rsn_class_std_huber_k150,global_std_huber_k150,AUPR_OUT_BALANCED,id_set_stratified_by_id_size,246,0.0038029638957615907,0.0012212107304935304,0.006303525808824948,9.999000099990002e-05,0.5772357723577236
id_size=2,rsn_class_std_huber_k150,global_std_squared_k150,AUROC,id_set_after_seed_backbone_mean,28,0.000873068633197859,-0.0018466805945112478,0.003543839747946059,0.5349465053494651,0.5714285714285714
id_size=3,rsn_class_std_huber_k150,global_std_squared_k150,AUROC,id_set_after_seed_backbone_mean,0,,,,,
id_size=4,rsn_class_std_huber_k150,global_std_squared_k150,AUROC,id_set_after_seed_backbone_mean,70,0.00019585226771461404,-0.0019260942241240628,0.0023500605820276845,0.8648135186481352,0.5
id_size=5,rsn_class_std_huber_k150,global_std_squared_k150,AUROC,id_set_after_seed_backbone_mean,0,,,,,
id_size=6,rsn_class_std_huber_k150,global_std_squared_k150,AUROC,id_set_after_seed_backbone_mean,0,,,,,
id_size=7,rsn_class_std_huber_k150,global_std_squared_k150,AUROC,id_set_after_seed_backbone_mean,8,-0.00123877701993711,-0.014725964653286228,0.010892382671640846,0.8785121487851215,0.625
m2_m7_equal_weight,rsn_class_std_huber_k150,global_std_squared_k150,AUROC,id_set_stratified_by_id_size,106,-5.661870634154569e-05,-0.0046192167969417094,0.00417288738640944,0.7855214478552145,0.5283018867924528
id_size=2,rsn_class_std_huber_k150,global_std_squared_k150,FPR95,id_set_after_seed_backbone_mean,28,0.025361349097342473,0.014409290600722626,0.03737159651957096,9.999000099990002e-05,0.8571428571428571
id_size=3,rsn_class_std_huber_k150,global_std_squared_k150,FPR95,id_set_after_seed_backbone_mean,0,,,,,
id_size=4,rsn_class_std_huber_k150,global_std_squared_k150,FPR95,id_set_after_seed_backbone_mean,70,0.02706170398266191,0.01760656635990718,0.03735799578472397,9.999000099990002e-05,0.7142857142857143
id_size=5,rsn_class_std_huber_k150,global_std_squared_k150,FPR95,id_set_after_seed_backbone_mean,0,,,,,
id_size=6,rsn_class_std_huber_k150,global_std_squared_k150,FPR95,id_set_after_seed_backbone_mean,0,,,,,
id_size=7,rsn_class_std_huber_k150,global_std_squared_k150,FPR95,id_set_after_seed_backbone_mean,8,0.025342207801447532,-0.0007700112213357394,0.05444284684739791,0.20677932206779323,0.625
m2_m7_equal_weight,rsn_class_std_huber_k150,global_std_squared_k150,FPR95,id_set_stratified_by_id_size,106,0.02592175362715064,0.01581877394618307,0.03670293951382451,9.999000099990002e-05,0.7452830188679245
id_size=2,rsn_class_std_huber_k150,global_std_squared_k150,AUPR_OUT,id_set_after_seed_backbone_mean,28,0.0017991113679158282,0.0006031090332442466,0.003032398905193489,0.006299370062993701,0.7142857142857143
id_size=3,rsn_class_std_huber_k150,global_std_squared_k150,AUPR_OUT,id_set_after_seed_backbone_mean,0,,,,,
id_size=4,rsn_class_std_huber_k150,global_std_squared_k150,AUPR_OUT,id_set_after_seed_backbone_mean,70,0.007662610147219766,0.004730636514256411,0.010988127992920768,9.999000099990002e-05,0.7571428571428571
id_size=5,rsn_class_std_huber_k150,global_std_squared_k150,AUPR_OUT,id_set_after_seed_backbone_mean,0,,,,,
id_size=6,rsn_class_std_huber_k150,global_std_squared_k150,AUPR_OUT,id_set_after_seed_backbone_mean,0,,,,,
id_size=7,rsn_class_std_huber_k150,global_std_squared_k150,AUPR_OUT,id_set_after_seed_backbone_mean,8,0.012125954292546176,-0.003134298450883698,0.028225164127367905,0.21907809219078092,0.625
m2_m7_equal_weight,rsn_class_std_huber_k150,global_std_squared_k150,AUPR_OUT,id_set_stratified_by_id_size,106,0.007195891935893923,0.002005517418501133,0.01283817488513093,9.999000099990002e-05,0.7358490566037735
id_size=2,rsn_class_std_huber_k150,global_std_squared_k150,AUPR_OUT_BALANCED,id_set_after_seed_backbone_mean,28,0.004431893647868679,0.0018091620921486592,0.007120160293238631,0.0038996100389961006,0.75
id_size=3,rsn_class_std_huber_k150,global_std_squared_k150,AUPR_OUT_BALANCED,id_set_after_seed_backbone_mean,0,,,,,
id_size=4,rsn_class_std_huber_k150,global_std_squared_k150,AUPR_OUT_BALANCED,id_set_after_seed_backbone_mean,70,0.006756728970456025,0.004125615644194193,0.009562111834852822,9.999000099990002e-05,0.7428571428571429
id_size=5,rsn_class_std_huber_k150,global_std_squared_k150,AUPR_OUT_BALANCED,id_set_after_seed_backbone_mean,0,,,,,
id_size=6,rsn_class_std_huber_k150,global_std_squared_k150,AUPR_OUT_BALANCED,id_set_after_seed_backbone_mean,0,,,,,
id_size=7,rsn_class_std_huber_k150,global_std_squared_k150,AUPR_OUT_BALANCED,id_set_after_seed_backbone_mean,8,0.005297035462271492,-0.007874638854427508,0.018676760880754602,0.4744525547445255,0.625
m2_m7_equal_weight,rsn_class_std_huber_k150,global_std_squared_k150,AUPR_OUT_BALANCED,id_set_stratified_by_id_size,106,0.005495219360198732,0.0009251350382320535,0.01005810977649984,9.999000099990002e-05,0.7358490566037735
id_size=2,rsn_class_std_huber_k150,knn_l2_pooled_k50_kth,AUROC,id_set_after_seed_backbone_mean,28,0.004258999299336902,0.0012222362086225834,0.007076964988699813,0.009099090090990901,0.75
id_size=3,rsn_class_std_huber_k150,knn_l2_pooled_k50_kth,AUROC,id_set_after_seed_backbone_mean,56,0.005448873605333526,0.0030044999915196952,0.00781732998361134,9.999000099990002e-05,0.75
id_size=4,rsn_class_std_huber_k150,knn_l2_pooled_k50_kth,AUROC,id_set_after_seed_backbone_mean,70,0.005894372255935497,0.0034651672095137058,0.008255898553315336,9.999000099990002e-05,0.7
id_size=5,rsn_class_std_huber_k150,knn_l2_pooled_k50_kth,AUROC,id_set_after_seed_backbone_mean,56,0.005879795312505424,0.002924122222101905,0.008811825584815998,0.0004999500049995,0.6964285714285714
id_size=6,rsn_class_std_huber_k150,knn_l2_pooled_k50_kth,AUROC,id_set_after_seed_backbone_mean,28,0.005641597904679829,0.0007220594240695811,0.010529461793408522,0.0390960903909609,0.6785714285714286
id_size=7,rsn_class_std_huber_k150,knn_l2_pooled_k50_kth,AUROC,id_set_after_seed_backbone_mean,8,0.005327847888398738,-0.00937181048218444,0.01720045645929569,0.505949405059494,0.75
m2_m7_equal_weight,rsn_class_std_huber_k150,knn_l2_pooled_k50_kth,AUROC,id_set_stratified_by_id_size,246,0.0054085810443649865,0.002710247026773456,0.00772944049495074,9.999000099990002e-05,0.7154471544715447
id_size=2,rsn_class_std_huber_k150,knn_l2_pooled_k50_kth,FPR95,id_set_after_seed_backbone_mean,28,0.03191642428359103,0.019110708445595655,0.04559440914805673,9.999000099990002e-05,0.8571428571428571
id_size=3,rsn_class_std_huber_k150,knn_l2_pooled_k50_kth,FPR95,id_set_after_seed_backbone_mean,56,0.03679957073493327,0.023866154294270765,0.051549795961376134,9.999000099990002e-05,0.7678571428571429
id_size=4,rsn_class_std_huber_k150,knn_l2_pooled_k50_kth,FPR95,id_set_after_seed_backbone_mean,70,0.04228689240677427,0.029440131507965647,0.05621463502001679,9.999000099990002e-05,0.7857142857142857
id_size=5,rsn_class_std_huber_k150,knn_l2_pooled_k50_kth,FPR95,id_set_after_seed_backbone_mean,56,0.04486744264004096,0.030005996499346935,0.06048449231623867,9.999000099990002e-05,0.8214285714285714
id_size=6,rsn_class_std_huber_k150,knn_l2_pooled_k50_kth,FPR95,id_set_after_seed_backbone_mean,28,0.04994324628668506,0.025108130404331026,0.07705568513755368,0.0007999200079992001,0.8214285714285714
id_size=7,rsn_class_std_huber_k150,knn_l2_pooled_k50_kth,FPR95,id_set_after_seed_backbone_mean,8,0.0498147301192104,0.0065110530638063015,0.11777016734942891,0.029997000299970003,0.75
m2_m7_equal_weight,rsn_class_std_huber_k150,knn_l2_pooled_k50_kth,FPR95,id_set_stratified_by_id_size,246,0.04260471774520583,0.03234409276464767,0.055650336135832784,9.999000099990002e-05,0.8008130081300813
id_size=2,rsn_class_std_huber_k150,knn_l2_pooled_k50_kth,AUPR_OUT,id_set_after_seed_backbone_mean,28,0.003021687629366439,0.0016841314677122396,0.004373894220034578,0.00029997000299970003,0.8571428571428571
id_size=3,rsn_class_std_huber_k150,knn_l2_pooled_k50_kth,AUPR_OUT,id_set_after_seed_backbone_mean,56,0.0072266455908352985,0.004806731748976184,0.009780305649274705,9.999000099990002e-05,0.8035714285714286
id_size=4,rsn_class_std_huber_k150,knn_l2_pooled_k50_kth,AUPR_OUT,id_set_after_seed_backbone_mean,70,0.012012658677416438,0.008332441774484587,0.015956514945170305,9.999000099990002e-05,0.7857142857142857
id_size=5,rsn_class_std_huber_k150,knn_l2_pooled_k50_kth,AUPR_OUT,id_set_after_seed_backbone_mean,56,0.016245134096449867,0.010677195001007538,0.02220488865993203,9.999000099990002e-05,0.7857142857142857
id_size=6,rsn_class_std_huber_k150,knn_l2_pooled_k50_kth,AUPR_OUT,id_set_after_seed_backbone_mean,28,0.01780513947781731,0.008406318302306488,0.028194413266078647,0.000999900009999,0.7142857142857143
id_size=7,rsn_class_std_huber_k150,knn_l2_pooled_k50_kth,AUPR_OUT,id_set_after_seed_backbone_mean,8,0.015205851867329154,-0.0014174903949225508,0.034792238709330944,0.21187881211878812,0.5
m2_m7_equal_weight,rsn_class_std_huber_k150,knn_l2_pooled_k50_kth,AUPR_OUT,id_set_stratified_by_id_size,246,0.011919519556535751,0.008364208180403423,0.015776455660160796,9.999000099990002e-05,0.7804878048780488
id_size=2,rsn_class_std_huber_k150,knn_l2_pooled_k50_kth,AUPR_OUT_BALANCED,id_set_after_seed_backbone_mean,28,0.006769114370759515,0.003737011493530717,0.009699118051927693,0.0004999500049995,0.8214285714285714
id_size=3,rsn_class_std_huber_k150,knn_l2_pooled_k50_kth,AUPR_OUT_BALANCED,id_set_after_seed_backbone_mean,56,0.009435954856292372,0.006379046108723394,0.012636715995434457,9.999000099990002e-05,0.8035714285714286
id_size=4,rsn_class_std_huber_k150,knn_l2_pooled_k50_kth,AUPR_OUT_BALANCED,id_set_after_seed_backbone_mean,70,0.010959306324993921,0.007704397349451645,0.01430058341578616,9.999000099990002e-05,0.7857142857142857
id_size=5,rsn_class_std_huber_k150,knn_l2_pooled_k50_kth,AUPR_OUT_BALANCED,id_set_after_seed_backbone_mean,56,0.01180358595036112,0.007655285576803256,0.01608885799629213,9.999000099990002e-05,0.8035714285714286
id_size=6,rsn_class_std_huber_k150,knn_l2_pooled_k50_kth,AUPR_OUT_BALANCED,id_set_after_seed_backbone_mean,28,0.011516985632406709,0.005326198276428487,0.018067963671299262,0.0014998500149985001,0.7142857142857143
id_size=7,rsn_class_std_huber_k150,knn_l2_pooled_k50_kth,AUPR_OUT_BALANCED,id_set_after_seed_backbone_mean,8,0.009682480864786448,-0.002945204279231529,0.021968989732266447,0.22077792220777923,0.5
m2_m7_equal_weight,rsn_class_std_huber_k150,knn_l2_pooled_k50_kth,AUPR_OUT_BALANCED,id_set_stratified_by_id_size,246,0.010027904666600015,0.0074059037256699895,0.012639559133741957,9.999000099990002e-05,0.7804878048780488
id_size=2,rsn_class_std_huber_k150,knn_raw_classwise_k150_mean,AUROC,id_set_after_seed_backbone_mean,28,-0.002026954295644351,-0.00476034043637493,0.0006166495093869565,0.1616838316168383,0.32142857142857145
id_size=3,rsn_class_std_huber_k150,knn_raw_classwise_k150_mean,AUROC,id_set_after_seed_backbone_mean,56,-0.0022868907732662984,-0.004524063661737644,-0.00011552785132677296,0.044195580441955803,0.39285714285714285
id_size=4,rsn_class_std_huber_k150,knn_raw_classwise_k150_mean,AUROC,id_set_after_seed_backbone_mean,70,-0.0028040488470014702,-0.00492370367297258,-0.0006629117562787441,0.012398760123987601,0.38571428571428573
id_size=5,rsn_class_std_huber_k150,knn_raw_classwise_k150_mean,AUROC,id_set_after_seed_backbone_mean,56,-0.0034439118601506946,-0.006023468493033374,-0.0009117432546468044,0.015598440155984402,0.3392857142857143
id_size=6,rsn_class_std_huber_k150,knn_raw_classwise_k150_mean,AUROC,id_set_after_seed_backbone_mean,28,-0.004064866328156135,-0.00869941949320248,0.0003717985336211232,0.08919108089191082,0.35714285714285715
id_size=7,rsn_class_std_huber_k150,knn_raw_classwise_k150_mean,AUROC,id_set_after_seed_backbone_mean,8,-0.0045065674886409415,-0.0180519912092195,0.007797192466724018,0.5578442155784421,0.5
m2_m7_equal_weight,rsn_class_std_huber_k150,knn_raw_classwise_k150_mean,AUROC,id_set_stratified_by_id_size,246,-0.003188873265476648,-0.005712626912029711,-0.000876945241976375,9.999000099990002e-05,0.3699186991869919
id_size=2,rsn_class_std_huber_k150,knn_raw_classwise_k150_mean,FPR95,id_set_after_seed_backbone_mean,28,-0.003864153267814902,-0.014822813781722347,0.008094973837016147,0.5229477052294771,0.35714285714285715
id_size=3,rsn_class_std_huber_k150,knn_raw_classwise_k150_mean,FPR95,id_set_after_seed_backbone_mean,56,0.0006521703375149941,-0.009638725069445152,0.011950711218427541,0.9092090790920908,0.4107142857142857
id_size=4,rsn_class_std_huber_k150,knn_raw_classwise_k150_mean,FPR95,id_set_after_seed_backbone_mean,70,0.0026911695210979016,-0.006463536886656371,0.012655032148051143,0.587041295870413,0.45714285714285713
id_size=5,rsn_class_std_huber_k150,knn_raw_classwise_k150_mean,FPR95,id_set_after_seed_backbone_mean,56,0.004521322229216931,-0.004810702552901058,0.014197273324437938,0.36026397360263973,0.5178571428571429
id_size=6,rsn_class_std_huber_k150,knn_raw_classwise_k150_mean,FPR95,id_set_after_seed_backbone_mean,28,0.008779696413071896,-0.004500651590132971,0.022693138894439427,0.2333766623337666,0.5357142857142857
id_size=7,rsn_class_std_huber_k150,knn_raw_classwise_k150_mean,FPR95,id_set_after_seed_backbone_mean,8,0.01226034668350246,-0.011064577205390365,0.03684461557769163,0.37736226377362264,0.375
m2_m7_equal_weight,rsn_class_std_huber_k150,knn_raw_classwise_k150_mean,FPR95,id_set_stratified_by_id_size,246,0.004173425319431547,-0.0014284382098076784,0.009983581991074167,0.24227577242275772,0.45528455284552843
id_size=2,rsn_class_std_huber_k150,knn_raw_classwise_k150_mean,AUPR_OUT,id_set_after_seed_backbone_mean,28,-0.0019673464676301378,-0.0033731303047270537,-0.0005388210694459936,0.013498650134986502,0.2857142857142857
id_size=3,rsn_class_std_huber_k150,knn_raw_classwise_k150_mean,AUPR_OUT,id_set_after_seed_backbone_mean,56,-0.0019048212984399849,-0.003894944685184138,0.00022129636244233686,0.0806919308069193,0.26785714285714285
id_size=4,rsn_class_std_huber_k150,knn_raw_classwise_k150_mean,AUPR_OUT,id_set_after_seed_backbone_mean,70,-0.0011562859459284226,-0.004029508406111216,0.0017776744180338466,0.45095490450954906,0.34285714285714286
id_size=5,rsn_class_std_huber_k150,knn_raw_classwise_k150_mean,AUPR_OUT,id_set_after_seed_backbone_mean,56,8.680015691301864e-05,-0.004196842330858367,0.004502782879472124,0.9725027497250275,0.4107142857142857
id_size=6,rsn_class_std_huber_k150,knn_raw_classwise_k150_mean,AUPR_OUT,id_set_after_seed_backbone_mean,28,0.0011997486308360976,-0.006478548080184259,0.009654867786395285,0.7822217778222178,0.5
id_size=7,rsn_class_std_huber_k150,knn_raw_classwise_k150_mean,AUPR_OUT,id_set_after_seed_backbone_mean,8,0.0021786061635794226,-0.012850697494004667,0.018596506440844693,0.7938206179382061,0.5
m2_m7_equal_weight,rsn_class_std_huber_k150,knn_raw_classwise_k150_mean,AUPR_OUT,id_set_stratified_by_id_size,246,-0.000260549793445001,-0.0032852638564357956,0.0029442424386852757,0.3895610438956104,0.35772357723577236
id_size=2,rsn_class_std_huber_k150,knn_raw_classwise_k150_mean,AUPR_OUT_BALANCED,id_set_after_seed_backbone_mean,28,-0.004889677366455745,-0.008004976437669311,-0.001734034178039062,0.005699430056994301,0.2857142857142857
id_size=3,rsn_class_std_huber_k150,knn_raw_classwise_k150_mean,AUPR_OUT_BALANCED,id_set_after_seed_backbone_mean,56,-0.003401407062050189,-0.006202918615814142,-0.000586077550238284,0.019198080191980802,0.26785714285714285
id_size=4,rsn_class_std_huber_k150,knn_raw_classwise_k150_mean,AUPR_OUT_BALANCED,id_set_after_seed_backbone_mean,70,-0.002074410475112768,-0.004736789490725314,0.0006232644738502957,0.1391860813918608,0.34285714285714286
id_size=5,rsn_class_std_huber_k150,knn_raw_classwise_k150_mean,AUPR_OUT_BALANCED,id_set_after_seed_backbone_mean,56,-0.0008319129525664527,-0.0039365782392472145,0.002468991102197424,0.6222377762223777,0.4107142857142857
id_size=6,rsn_class_std_huber_k150,knn_raw_classwise_k150_mean,AUPR_OUT_BALANCED,id_set_after_seed_backbone_mean,28,-0.00018534245077090334,-0.005347810847346781,0.00509899955931622,0.948905109489051,0.5
id_size=7,rsn_class_std_huber_k150,knn_raw_classwise_k150_mean,AUPR_OUT_BALANCED,id_set_after_seed_backbone_mean,8,-0.0003714450610017785,-0.013088113241178596,0.012326297222164693,0.9725027497250275,0.5
m2_m7_equal_weight,rsn_class_std_huber_k150,knn_raw_classwise_k150_mean,AUPR_OUT_BALANCED,id_set_stratified_by_id_size,246,-0.0019590325613263065,-0.004452443321914985,0.0005677952424203498,0.0064993500649935,0.35772357723577236
id_size=2,rsn_class_std_huber_k150,knn_raw_pooled_k150_kth,AUROC,id_set_after_seed_backbone_mean,28,-0.00020649930422276166,-0.0029305601312510747,0.0024923994528879547,0.8824117588241176,0.4642857142857143
id_size=3,rsn_class_std_huber_k150,knn_raw_pooled_k150_kth,AUROC,id_set_after_seed_backbone_mean,56,-0.0005542901054667192,-0.0027662692754109202,0.0016019456813464224,0.6261373862613738,0.5
id_size=4,rsn_class_std_huber_k150,knn_raw_pooled_k150_kth,AUROC,id_set_after_seed_backbone_mean,70,-0.0007014329712690549,-0.002933686717575177,0.0014219626572559282,0.527047295270473,0.4857142857142857
id_size=5,rsn_class_std_huber_k150,knn_raw_pooled_k150_kth,AUROC,id_set_after_seed_backbone_mean,56,-0.0008775143249758712,-0.00359193351095157,0.00192950980736479,0.5412458754124587,0.4642857142857143
id_size=6,rsn_class_std_huber_k150,knn_raw_pooled_k150_kth,AUROC,id_set_after_seed_backbone_mean,28,-0.0009728638626693212,-0.005453257160412939,0.0036983778228391532,0.6908309169083092,0.42857142857142855
id_size=7,rsn_class_std_huber_k150,knn_raw_pooled_k150_kth,AUROC,id_set_after_seed_backbone_mean,8,-0.0005939230097829692,-0.01331140631343242,0.012445217933431878,0.8996100389961004,0.375
m2_m7_equal_weight,rsn_class_std_huber_k150,knn_raw_pooled_k150_kth,AUROC,id_set_stratified_by_id_size,246,-0.0006510872630644495,-0.0030846059548769018,0.0017331344742762995,0.29317068293170684,0.4715447154471545
id_size=2,rsn_class_std_huber_k150,knn_raw_pooled_k150_kth,FPR95,id_set_after_seed_backbone_mean,28,0.011452138195779652,-0.0014437530529474015,0.02448466325561001,0.09009099090090991,0.6785714285714286
id_size=3,rsn_class_std_huber_k150,knn_raw_pooled_k150_kth,FPR95,id_set_after_seed_backbone_mean,56,0.0038671603998196515,-0.00725652435462562,0.01578396460723759,0.5089491050894911,0.5178571428571429
id_size=4,rsn_class_std_huber_k150,knn_raw_pooled_k150_kth,FPR95,id_set_after_seed_backbone_mean,70,-0.000835006382159526,-0.011746928872777382,0.010783574029961272,0.8885111488851115,0.4714285714285714
id_size=5,rsn_class_std_huber_k150,knn_raw_pooled_k150_kth,FPR95,id_set_after_seed_backbone_mean,56,-0.0030889974017056414,-0.01615489433647688,0.009649595723333956,0.6422357764223577,0.5178571428571429
id_size=6,rsn_class_std_huber_k150,knn_raw_pooled_k150_kth,FPR95,id_set_after_seed_backbone_mean,28,-6.96920655124275e-05,-0.016866863689821137,0.01685360715026234,0.9921007899210079,0.5357142857142857
id_size=7,rsn_class_std_huber_k150,knn_raw_pooled_k150_kth,FPR95,id_set_after_seed_backbone_mean,8,0.004467515816429337,-0.01609635995997027,0.02930135199633493,0.6456354364563544,0.625
m2_m7_equal_weight,rsn_class_std_huber_k150,knn_raw_pooled_k150_kth,FPR95,id_set_stratified_by_id_size,246,0.0026321864271085078,-0.0033505554281229454,0.008773040373753553,0.6422357764223577,0.5284552845528455
id_size=2,rsn_class_std_huber_k150,knn_raw_pooled_k150_kth,AUPR_OUT,id_set_after_seed_backbone_mean,28,0.0009027267369703716,-0.0007677504550034891,0.002411328658865502,0.27817218278172184,0.6428571428571429
id_size=3,rsn_class_std_huber_k150,knn_raw_pooled_k150_kth,AUPR_OUT,id_set_after_seed_backbone_mean,56,0.001468152799833948,-0.0006205023907965763,0.0036275697303987053,0.19188081191880813,0.6428571428571429
id_size=4,rsn_class_std_huber_k150,knn_raw_pooled_k150_kth,AUPR_OUT,id_set_after_seed_backbone_mean,70,0.0016475350004138284,-0.0012820871373129218,0.004734498516607012,0.2883711628837116,0.5571428571428572
id_size=5,rsn_class_std_huber_k150,knn_raw_pooled_k150_kth,AUPR_OUT,id_set_after_seed_backbone_mean,56,0.0014812308452289875,-0.0030799615342763575,0.006429862683571852,0.5494450554944506,0.4642857142857143
id_size=6,rsn_class_std_huber_k150,knn_raw_pooled_k150_kth,AUPR_OUT,id_set_after_seed_backbone_mean,28,0.0005164944599569604,-0.007733650871126321,0.010032330671508865,0.9103089691030897,0.35714285714285715
id_size=7,rsn_class_std_huber_k150,knn_raw_pooled_k150_kth,AUPR_OUT,id_set_after_seed_backbone_mean,8,-0.0010988791940523316,-0.01516378574440889,0.016422172176710645,0.9212078792120788,0.375
m2_m7_equal_weight,rsn_class_std_huber_k150,knn_raw_pooled_k150_kth,AUPR_OUT,id_set_stratified_by_id_size,246,0.0008195434413919607,-0.0022368271200088508,0.004266594280721334,0.19158084191580843,0.5365853658536586
id_size=2,rsn_class_std_huber_k150,knn_raw_pooled_k150_kth,AUPR_OUT_BALANCED,id_set_after_seed_backbone_mean,28,0.0029641065485733337,-0.0005400200412890318,0.006235595239589661,0.10988901109889011,0.6428571428571429
id_size=3,rsn_class_std_huber_k150,knn_raw_pooled_k150_kth,AUPR_OUT_BALANCED,id_set_after_seed_backbone_mean,56,0.0020798504708280205,-0.0007565562646256129,0.004927431786217462,0.1601839816018398,0.625
id_size=4,rsn_class_std_huber_k150,knn_raw_pooled_k150_kth,AUPR_OUT_BALANCED,id_set_after_seed_backbone_mean,70,0.0009394586517260461,-0.0017504668025773485,0.0036996972598726885,0.49735026497350265,0.5571428571428572
id_size=5,rsn_class_std_huber_k150,knn_raw_pooled_k150_kth,AUPR_OUT_BALANCED,id_set_after_seed_backbone_mean,56,3.311601491356692e-05,-0.00338990380575762,0.003602519439424743,0.9856014398560144,0.4642857142857143
id_size=6,rsn_class_std_huber_k150,knn_raw_pooled_k150_kth,AUPR_OUT_BALANCED,id_set_after_seed_backbone_mean,28,-0.0005476868932079235,-0.006217238196170373,0.005642324860413418,0.857014298570143,0.39285714285714285
id_size=7,rsn_class_std_huber_k150,knn_raw_pooled_k150_kth,AUPR_OUT_BALANCED,id_set_after_seed_backbone_mean,8,6.690345310231358e-05,-0.01128793604375934,0.013733630780331522,1.0,0.375
m2_m7_equal_weight,rsn_class_std_huber_k150,knn_raw_pooled_k150_kth,AUPR_OUT_BALANCED,id_set_stratified_by_id_size,246,0.0009226247076558927,-0.0015041271213038952,0.0036051541522835614,0.19918008199180082,0.5365853658536586
id_size=2,rsn_class_std_huber_k150,knn_raw_pooled_k150_mean,AUROC,id_set_after_seed_backbone_mean,28,-0.001167334644884253,-0.003974264704537211,0.0013616957262571477,0.41215878412158785,0.39285714285714285
id_size=3,rsn_class_std_huber_k150,knn_raw_pooled_k150_mean,AUROC,id_set_after_seed_backbone_mean,56,-0.00043510478788143497,-0.0027283311137430433,0.0018281264348966497,0.7002299770022997,0.48214285714285715
id_size=4,rsn_class_std_huber_k150,knn_raw_pooled_k150_mean,AUROC,id_set_after_seed_backbone_mean,70,-0.0001129769227916487,-0.0023790799813294397,0.0020846957896662388,0.9211078892110789,0.5142857142857142
id_size=5,rsn_class_std_huber_k150,knn_raw_pooled_k150_mean,AUROC,id_set_after_seed_backbone_mean,56,-0.00012505380898861665,-0.002907579935414407,0.0025792438406948386,0.9266073392660734,0.5357142857142857
id_size=6,rsn_class_std_huber_k150,knn_raw_pooled_k150_mean,AUROC,id_set_after_seed_backbone_mean,28,-0.00029904528084542505,-0.005046090726091103,0.00437831453507892,0.9037096290370963,0.5
id_size=7,rsn_class_std_huber_k150,knn_raw_pooled_k150_mean,AUROC,id_set_after_seed_backbone_mean,8,-0.0005305857426269119,-0.014399229687017475,0.01135027281704441,0.9436056394360564,0.5
m2_m7_equal_weight,rsn_class_std_huber_k150,knn_raw_pooled_k150_mean,AUROC,id_set_stratified_by_id_size,246,-0.00044501686466971507,-0.0030992815552751602,0.0018933136456794186,0.5957404259574043,0.4959349593495935
id_size=2,rsn_class_std_huber_k150,knn_raw_pooled_k150_mean,FPR95,id_set_after_seed_backbone_mean,28,-0.001763658741814339,-0.01309389756374783,0.010276153836499925,0.7778222177782221,0.39285714285714285
id_size=3,rsn_class_std_huber_k150,knn_raw_pooled_k150_mean,FPR95,id_set_after_seed_backbone_mean,56,0.001058482469860289,-0.01109590109320222,0.014326161455230068,0.8738126187381262,0.39285714285714285
id_size=4,rsn_class_std_huber_k150,knn_raw_pooled_k150_mean,FPR95,id_set_after_seed_backbone_mean,70,0.006829681274351647,-0.004656669294020846,0.019118130723122892,0.2676732326767323,0.45714285714285713
id_size=5,rsn_class_std_huber_k150,knn_raw_pooled_k150_mean,FPR95,id_set_after_seed_backbone_mean,56,0.011149656568030856,-0.0022583297530084753,0.025329293092074677,0.12208779122087791,0.5178571428571429
id_size=6,rsn_class_std_huber_k150,knn_raw_pooled_k150_mean,FPR95,id_set_after_seed_backbone_mean,28,0.01673400746172148,-0.0027930576401082965,0.03831520857084295,0.1321867813218678,0.5357142857142857
id_size=7,rsn_class_std_huber_k150,knn_raw_pooled_k150_mean,FPR95,id_set_after_seed_backbone_mean,8,0.021944665930831553,-0.009929740885252936,0.06091089591809771,0.40155984401559847,0.5
m2_m7_equal_weight,rsn_class_std_huber_k150,knn_raw_pooled_k150_mean,FPR95,id_set_stratified_by_id_size,246,0.009325472493830247,0.0014968818411142488,0.017693474785078385,0.0240975902409759,0.45934959349593496
id_size=2,rsn_class_std_huber_k150,knn_raw_pooled_k150_mean,AUPR_OUT,id_set_after_seed_backbone_mean,28,-0.0016167386764181482,-0.0029524299298236004,-0.0003436399151259517,0.0254974502549745,0.2857142857142857
id_size=3,rsn_class_std_huber_k150,knn_raw_pooled_k150_mean,AUPR_OUT,id_set_after_seed_backbone_mean,56,-0.0008999924097325567,-0.003155392619549622,0.0014034263139394766,0.43625637436256376,0.35714285714285715
id_size=4,rsn_class_std_huber_k150,knn_raw_pooled_k150_mean,AUPR_OUT,id_set_after_seed_backbone_mean,70,0.0005486752596068831,-0.002677715316213676,0.00390966638116471,0.7519248075192481,0.45714285714285713
id_size=5,rsn_class_std_huber_k150,knn_raw_pooled_k150_mean,AUPR_OUT,id_set_after_seed_backbone_mean,56,0.002277138776586008,-0.0027035775057624683,0.0076168520004824365,0.40245975402459755,0.4642857142857143
id_size=6,rsn_class_std_huber_k150,knn_raw_pooled_k150_mean,AUPR_OUT,id_set_after_seed_backbone_mean,28,0.00340800522291805,-0.00508438142222169,0.013076096360757085,0.4914508549145086,0.5357142857142857
id_size=7,rsn_class_std_huber_k150,knn_raw_pooled_k150_mean,AUPR_OUT,id_set_after_seed_backbone_mean,8,0.003797343701324443,-0.011240975395795617,0.019795923693115308,0.6567343265673433,0.5
m2_m7_equal_weight,rsn_class_std_huber_k150,knn_raw_pooled_k150_mean,AUPR_OUT,id_set_stratified_by_id_size,246,0.0012524053123807797,-0.0018327192822356962,0.00455749273878144,0.43375662433756623,0.4268292682926829
id_size=2,rsn_class_std_huber_k150,knn_raw_pooled_k150_mean,AUPR_OUT_BALANCED,id_set_after_seed_backbone_mean,28,-0.004311665764160334,-0.00734592834870818,-0.0013291800088706027,0.009799020097990201,0.21428571428571427
id_size=3,rsn_class_std_huber_k150,knn_raw_pooled_k150_mean,AUPR_OUT_BALANCED,id_set_after_seed_backbone_mean,56,-0.0021349102462012446,-0.005047476837821841,0.0009291204636291123,0.1738826117388261,0.35714285714285715
id_size=4,rsn_class_std_huber_k150,knn_raw_pooled_k150_mean,AUPR_OUT_BALANCED,id_set_after_seed_backbone_mean,70,-0.0003522875124620733,-0.0033188332827508485,0.0027379582990235064,0.8184181581841816,0.44285714285714284
id_size=5,rsn_class_std_huber_k150,knn_raw_pooled_k150_mean,AUPR_OUT_BALANCED,id_set_after_seed_backbone_mean,56,0.0010792207176701317,-0.002704336216029397,0.004968849265567512,0.575042495750425,0.4642857142857143
id_size=6,rsn_class_std_huber_k150,knn_raw_pooled_k150_mean,AUPR_OUT_BALANCED,id_set_after_seed_backbone_mean,28,0.001713349609158576,-0.0039051800844515858,0.007768094219535055,0.5964403559644036,0.5
id_size=7,rsn_class_std_huber_k150,knn_raw_pooled_k150_mean,AUPR_OUT_BALANCED,id_set_after_seed_backbone_mean,8,0.001319710194900119,-0.010500969759821312,0.013356435104125744,0.8453154684531546,0.5
m2_m7_equal_weight,rsn_class_std_huber_k150,knn_raw_pooled_k150_mean,AUPR_OUT_BALANCED,id_set_stratified_by_id_size,246,-0.00044776383351580423,-0.002908968165751613,0.002010546063997915,0.48735126487351266,0.4105691056910569
id_size=2,rsn_class_std_huber_k150,l2_class_std_euclidean_k150,AUROC,id_set_after_seed_backbone_mean,28,0.0035634473200226407,0.003122964835493324,0.004053469375411876,9.999000099990002e-05,1.0
id_size=3,rsn_class_std_huber_k150,l2_class_std_euclidean_k150,AUROC,id_set_after_seed_backbone_mean,0,,,,,
id_size=4,rsn_class_std_huber_k150,l2_class_std_euclidean_k150,AUROC,id_set_after_seed_backbone_mean,70,0.0030968747614179047,0.002823622647321292,0.0033860288335831744,9.999000099990002e-05,1.0
id_size=5,rsn_class_std_huber_k150,l2_class_std_euclidean_k150,AUROC,id_set_after_seed_backbone_mean,0,,,,,
id_size=6,rsn_class_std_huber_k150,l2_class_std_euclidean_k150,AUROC,id_set_after_seed_backbone_mean,0,,,,,
id_size=7,rsn_class_std_huber_k150,l2_class_std_euclidean_k150,AUROC,id_set_after_seed_backbone_mean,8,0.002287055681048045,0.00028608108488399283,0.0045098636591982865,0.07629237076292371,0.75
m2_m7_equal_weight,rsn_class_std_huber_k150,l2_class_std_euclidean_k150,AUROC,id_set_stratified_by_id_size,106,0.002982459254162863,0.002280955174851312,0.003745734789816917,9.999000099990002e-05,0.9811320754716981
id_size=2,rsn_class_std_huber_k150,l2_class_std_euclidean_k150,FPR95,id_set_after_seed_backbone_mean,28,0.034738167122934316,0.0275400337976581,0.04248894761245239,9.999000099990002e-05,1.0
id_size=3,rsn_class_std_huber_k150,l2_class_std_euclidean_k150,FPR95,id_set_after_seed_backbone_mean,0,,,,,
id_size=4,rsn_class_std_huber_k150,l2_class_std_euclidean_k150,FPR95,id_set_after_seed_backbone_mean,70,0.0313672333602787,0.02803004035452363,0.03475201102603137,9.999000099990002e-05,1.0
id_size=5,rsn_class_std_huber_k150,l2_class_std_euclidean_k150,FPR95,id_set_after_seed_backbone_mean,0,,,,,
id_size=6,rsn_class_std_huber_k150,l2_class_std_euclidean_k150,FPR95,id_set_after_seed_backbone_mean,0,,,,,
id_size=7,rsn_class_std_huber_k150,l2_class_std_euclidean_k150,FPR95,id_set_after_seed_backbone_mean,8,0.025843844426940384,0.007467918928283992,0.05065992688283063,0.007599240075992401,1.0
m2_m7_equal_weight,rsn_class_std_huber_k150,l2_class_std_euclidean_k150,FPR95,id_set_stratified_by_id_size,106,0.03064974830338446,0.023729864269770515,0.03915251915106623,9.999000099990002e-05,1.0
id_size=2,rsn_class_std_huber_k150,l2_class_std_euclidean_k150,AUPR_OUT,id_set_after_seed_backbone_mean,28,0.0041051411363209065,0.003310818357041153,0.004972467271228428,9.999000099990002e-05,1.0
id_size=3,rsn_class_std_huber_k150,l2_class_std_euclidean_k150,AUPR_OUT,id_set_after_seed_backbone_mean,0,,,,,
id_size=4,rsn_class_std_huber_k150,l2_class_std_euclidean_k150,AUPR_OUT,id_set_after_seed_backbone_mean,70,0.00930946452553742,0.008576537610842575,0.010063548757634468,9.999000099990002e-05,1.0
id_size=5,rsn_class_std_huber_k150,l2_class_std_euclidean_k150,AUPR_OUT,id_set_after_seed_backbone_mean,0,,,,,
id_size=6,rsn_class_std_huber_k150,l2_class_std_euclidean_k150,AUPR_OUT,id_set_after_seed_backbone_mean,0,,,,,
id_size=7,rsn_class_std_huber_k150,l2_class_std_euclidean_k150,AUPR_OUT,id_set_after_seed_backbone_mean,8,0.00995286435106026,0.0033339944671822736,0.017522672065412626,0.0231976802319768,0.875
m2_m7_equal_weight,rsn_class_std_huber_k150,l2_class_std_euclidean_k150,AUPR_OUT,id_set_stratified_by_id_size,106,0.0077891566709728625,0.005499040198845708,0.01033504338324506,9.999000099990002e-05,0.9905660377358491
id_size=2,rsn_class_std_huber_k150,l2_class_std_euclidean_k150,AUPR_OUT_BALANCED,id_set_after_seed_backbone_mean,28,0.010041852843812163,0.008477554958747082,0.011680891766864172,9.999000099990002e-05,1.0
id_size=3,rsn_class_std_huber_k150,l2_class_std_euclidean_k150,AUPR_OUT_BALANCED,id_set_after_seed_backbone_mean,0,,,,,
id_size=4,rsn_class_std_huber_k150,l2_class_std_euclidean_k150,AUPR_OUT_BALANCED,id_set_after_seed_backbone_mean,70,0.009273939527650588,0.008657466226934241,0.0098912377378289,9.999000099990002e-05,1.0
id_size=5,rsn_class_std_huber_k150,l2_class_std_euclidean_k150,AUPR_OUT_BALANCED,id_set_after_seed_backbone_mean,0,,,,,
id_size=6,rsn_class_std_huber_k150,l2_class_std_euclidean_k150,AUPR_OUT_BALANCED,id_set_after_seed_backbone_mean,0,,,,,
id_size=7,rsn_class_std_huber_k150,l2_class_std_euclidean_k150,AUPR_OUT_BALANCED,id_set_after_seed_backbone_mean,8,0.005915705260971803,0.00267556960296132,0.009450690775079285,0.0082991700829917,1.0
m2_m7_equal_weight,rsn_class_std_huber_k150,l2_class_std_euclidean_k150,AUPR_OUT_BALANCED,id_set_stratified_by_id_size,106,0.008410499210811518,0.007200121119906314,0.009713716166691035,9.999000099990002e-05,1.0
id_size=2,rsn_class_std_huber_k150,l2_class_std_huber_k150,AUROC,id_set_after_seed_backbone_mean,28,0.0031220750278445285,0.002735196630078328,0.003549509295067733,9.999000099990002e-05,1.0
id_size=3,rsn_class_std_huber_k150,l2_class_std_huber_k150,AUROC,id_set_after_seed_backbone_mean,0,,,,,
id_size=4,rsn_class_std_huber_k150,l2_class_std_huber_k150,AUROC,id_set_after_seed_backbone_mean,70,0.0027467850357290858,0.0025020072120018806,0.0029972454494285694,9.999000099990002e-05,1.0
id_size=5,rsn_class_std_huber_k150,l2_class_std_huber_k150,AUROC,id_set_after_seed_backbone_mean,0,,,,,
id_size=6,rsn_class_std_huber_k150,l2_class_std_huber_k150,AUROC,id_set_after_seed_backbone_mean,0,,,,,
id_size=7,rsn_class_std_huber_k150,l2_class_std_huber_k150,AUROC,id_set_after_seed_backbone_mean,8,0.002155130671525722,0.0005367263866471225,0.0040637856129013454,0.051394860513948606,0.75
m2_m7_equal_weight,rsn_class_std_huber_k150,l2_class_std_huber_k150,AUROC,id_set_stratified_by_id_size,106,0.0026746635783664457,0.002117341540390489,0.0033250079611437436,9.999000099990002e-05,0.9811320754716981
id_size=2,rsn_class_std_huber_k150,l2_class_std_huber_k150,FPR95,id_set_after_seed_backbone_mean,28,0.03044611448534513,0.02434451908394526,0.03670663789978662,9.999000099990002e-05,1.0
id_size=3,rsn_class_std_huber_k150,l2_class_std_huber_k150,FPR95,id_set_after_seed_backbone_mean,0,,,,,
id_size=4,rsn_class_std_huber_k150,l2_class_std_huber_k150,FPR95,id_set_after_seed_backbone_mean,70,0.025889335198502582,0.023135337732283795,0.02875487420410875,9.999000099990002e-05,1.0
id_size=5,rsn_class_std_huber_k150,l2_class_std_huber_k150,FPR95,id_set_after_seed_backbone_mean,0,,,,,
id_size=6,rsn_class_std_huber_k150,l2_class_std_huber_k150,FPR95,id_set_after_seed_backbone_mean,0,,,,,
id_size=7,rsn_class_std_huber_k150,l2_class_std_huber_k150,FPR95,id_set_after_seed_backbone_mean,8,0.019859152337604304,0.006412683460282547,0.03812039804512155,0.0086991300869913,1.0
m2_m7_equal_weight,rsn_class_std_huber_k150,l2_class_std_huber_k150,FPR95,id_set_stratified_by_id_size,106,0.025398200673817335,0.02029863723269025,0.031711618322464816,9.999000099990002e-05,1.0
id_size=2,rsn_class_std_huber_k150,l2_class_std_huber_k150,AUPR_OUT,id_set_after_seed_backbone_mean,28,0.0034430780460779757,0.002766812315843057,0.004164095424485296,9.999000099990002e-05,1.0
id_size=3,rsn_class_std_huber_k150,l2_class_std_huber_k150,AUPR_OUT,id_set_after_seed_backbone_mean,0,,,,,
id_size=4,rsn_class_std_huber_k150,l2_class_std_huber_k150,AUPR_OUT,id_set_after_seed_backbone_mean,70,0.007662459528780533,0.007073969538358301,0.008275598049786018,9.999000099990002e-05,1.0
id_size=5,rsn_class_std_huber_k150,l2_class_std_huber_k150,AUPR_OUT,id_set_after_seed_backbone_mean,0,,,,,
id_size=6,rsn_class_std_huber_k150,l2_class_std_huber_k150,AUPR_OUT,id_set_after_seed_backbone_mean,0,,,,,
id_size=7,rsn_class_std_huber_k150,l2_class_std_huber_k150,AUPR_OUT,id_set_after_seed_backbone_mean,8,0.007947529200880845,0.0026797201018024883,0.013681876934033261,0.007699230076992301,1.0
m2_m7_equal_weight,rsn_class_std_huber_k150,l2_class_std_huber_k150,AUPR_OUT,id_set_stratified_by_id_size,106,0.006351022258579785,0.0045902266418984495,0.008247350991308588,9.999000099990002e-05,1.0
id_size=2,rsn_class_std_huber_k150,l2_class_std_huber_k150,AUPR_OUT_BALANCED,id_set_after_seed_backbone_mean,28,0.008413288967783844,0.007063185436482074,0.009809391495855113,9.999000099990002e-05,1.0
id_size=3,rsn_class_std_huber_k150,l2_class_std_huber_k150,AUPR_OUT_BALANCED,id_set_after_seed_backbone_mean,0,,,,,
id_size=4,rsn_class_std_huber_k150,l2_class_std_huber_k150,AUPR_OUT_BALANCED,id_set_after_seed_backbone_mean,70,0.00763987198251324,0.007115636870158853,0.00817488228611166,9.999000099990002e-05,1.0
id_size=5,rsn_class_std_huber_k150,l2_class_std_huber_k150,AUPR_OUT_BALANCED,id_set_after_seed_backbone_mean,0,,,,,
id_size=6,rsn_class_std_huber_k150,l2_class_std_huber_k150,AUPR_OUT_BALANCED,id_set_after_seed_backbone_mean,0,,,,,
id_size=7,rsn_class_std_huber_k150,l2_class_std_huber_k150,AUPR_OUT_BALANCED,id_set_after_seed_backbone_mean,8,0.0050485452684431,0.002713755255261262,0.007629959132511408,0.008399160083991601,1.0
m2_m7_equal_weight,rsn_class_std_huber_k150,l2_class_std_huber_k150,AUPR_OUT_BALANCED,id_set_stratified_by_id_size,106,0.007033902072913395,0.00608390068132823,0.008025151786410667,9.999000099990002e-05,1.0
id_size=2,rsn_class_std_huber_k150,l2_class_std_squared_k150,AUROC,id_set_after_seed_backbone_mean,28,0.003784089169309991,0.0033798844607421993,0.004229594551350104,9.999000099990002e-05,1.0
id_size=3,rsn_class_std_huber_k150,l2_class_std_squared_k150,AUROC,id_set_after_seed_backbone_mean,0,,,,,
id_size=4,rsn_class_std_huber_k150,l2_class_std_squared_k150,AUROC,id_set_after_seed_backbone_mean,70,0.0032250268654979916,0.002977841500447742,0.003484111889591375,9.999000099990002e-05,1.0
id_size=5,rsn_class_std_huber_k150,l2_class_std_squared_k150,AUROC,id_set_after_seed_backbone_mean,0,,,,,
id_size=6,rsn_class_std_huber_k150,l2_class_std_squared_k150,AUROC,id_set_after_seed_backbone_mean,0,,,,,
id_size=7,rsn_class_std_huber_k150,l2_class_std_squared_k150,AUROC,id_set_after_seed_backbone_mean,8,0.0024407783919132425,0.0006000069162445272,0.004488257174873428,0.05649435056494351,0.75
m2_m7_equal_weight,rsn_class_std_huber_k150,l2_class_std_squared_k150,AUROC,id_set_stratified_by_id_size,106,0.003149964808907075,0.0025272255988062118,0.003829020021698603,9.999000099990002e-05,0.9811320754716981
id_size=2,rsn_class_std_huber_k150,l2_class_std_squared_k150,FPR95,id_set_after_seed_backbone_mean,28,0.03676686642768938,0.029048678121939852,0.04464924718385633,9.999000099990002e-05,1.0
id_size=3,rsn_class_std_huber_k150,l2_class_std_squared_k150,FPR95,id_set_after_seed_backbone_mean,0,,,,,
id_size=4,rsn_class_std_huber_k150,l2_class_std_squared_k150,FPR95,id_set_after_seed_backbone_mean,70,0.030278467039949353,0.02721835273350044,0.033436107237356086,9.999000099990002e-05,1.0
id_size=5,rsn_class_std_huber_k150,l2_class_std_squared_k150,FPR95,id_set_after_seed_backbone_mean,0,,,,,
id_size=6,rsn_class_std_huber_k150,l2_class_std_squared_k150,FPR95,id_set_after_seed_backbone_mean,0,,,,,
id_size=7,rsn_class_std_huber_k150,l2_class_std_squared_k150,FPR95,id_set_after_seed_backbone_mean,8,0.02221972716017843,0.0072049515209561855,0.04231904113137283,0.0071992800719928,1.0
m2_m7_equal_weight,rsn_class_std_huber_k150,l2_class_std_squared_k150,FPR95,id_set_stratified_by_id_size,106,0.029755020209272388,0.023927485707648424,0.03707050783373651,9.999000099990002e-05,1.0
id_size=2,rsn_class_std_huber_k150,l2_class_std_squared_k150,AUPR_OUT,id_set_after_seed_backbone_mean,28,0.004452503925491555,0.003654776745529095,0.0053391279368355995,9.999000099990002e-05,1.0
id_size=3,rsn_class_std_huber_k150,l2_class_std_squared_k150,AUPR_OUT,id_set_after_seed_backbone_mean,0,,,,,
id_size=4,rsn_class_std_huber_k150,l2_class_std_squared_k150,AUPR_OUT,id_set_after_seed_backbone_mean,70,0.009795752619982476,0.009148983920029847,0.010478780201410746,9.999000099990002e-05,1.0
id_size=5,rsn_class_std_huber_k150,l2_class_std_squared_k150,AUPR_OUT,id_set_after_seed_backbone_mean,0,,,,,
id_size=6,rsn_class_std_huber_k150,l2_class_std_squared_k150,AUPR_OUT,id_set_after_seed_backbone_mean,0,,,,,
id_size=7,rsn_class_std_huber_k150,l2_class_std_squared_k150,AUPR_OUT,id_set_after_seed_backbone_mean,8,0.01006907187902988,0.0036610253639075764,0.017149110113227947,0.014198580141985802,0.875
m2_m7_equal_weight,rsn_class_std_huber_k150,l2_class_std_squared_k150,AUPR_OUT,id_set_stratified_by_id_size,106,0.008105776141501304,0.00591045226897392,0.010565679852190712,9.999000099990002e-05,0.9905660377358491
id_size=2,rsn_class_std_huber_k150,l2_class_std_squared_k150,AUPR_OUT_BALANCED,id_set_after_seed_backbone_mean,28,0.010906356408880857,0.009373943252025115,0.012443592784304607,9.999000099990002e-05,1.0
id_size=3,rsn_class_std_huber_k150,l2_class_std_squared_k150,AUPR_OUT_BALANCED,id_set_after_seed_backbone_mean,0,,,,,
id_size=4,rsn_class_std_huber_k150,l2_class_std_squared_k150,AUPR_OUT_BALANCED,id_set_after_seed_backbone_mean,70,0.009789749159568201,0.00922016216430686,0.01035528618630544,9.999000099990002e-05,1.0
id_size=5,rsn_class_std_huber_k150,l2_class_std_squared_k150,AUPR_OUT_BALANCED,id_set_after_seed_backbone_mean,0,,,,,
id_size=6,rsn_class_std_huber_k150,l2_class_std_squared_k150,AUPR_OUT_BALANCED,id_set_after_seed_backbone_mean,0,,,,,
id_size=7,rsn_class_std_huber_k150,l2_class_std_squared_k150,AUPR_OUT_BALANCED,id_set_after_seed_backbone_mean,8,0.005999519800460412,0.003298682360192563,0.00888809932211956,0.006799320067993201,1.0
m2_m7_equal_weight,rsn_class_std_huber_k150,l2_class_std_squared_k150,AUPR_OUT_BALANCED,id_set_stratified_by_id_size,106,0.00889854178963649,0.007840381453510877,0.009980992230091716,9.999000099990002e-05,1.0
id_size=2,rsn_class_std_huber_k150,nnguide_k10,AUROC,id_set_after_seed_backbone_mean,28,0.0026529077432858937,-0.003686312700933124,0.00913947219723278,0.43515648435156484,0.4642857142857143
id_size=3,rsn_class_std_huber_k150,nnguide_k10,AUROC,id_set_after_seed_backbone_mean,56,0.0022771537378765802,-0.002481670193638031,0.007162196918713242,0.3534646535346465,0.5
id_size=4,rsn_class_std_huber_k150,nnguide_k10,AUROC,id_set_after_seed_backbone_mean,70,0.004878327478222398,0.00031410475308717205,0.009506485283746874,0.04409559044095591,0.5857142857142857
id_size=5,rsn_class_std_huber_k150,nnguide_k10,AUROC,id_set_after_seed_backbone_mean,56,0.008785335044534565,0.0027495078996573126,0.014744926098742596,0.0065993400659934,0.625
id_size=6,rsn_class_std_huber_k150,nnguide_k10,AUROC,id_set_after_seed_backbone_mean,28,0.012818356802565592,0.001817295738406041,0.023850006087112276,0.0387961203879612,0.7142857142857143
id_size=7,rsn_class_std_huber_k150,nnguide_k10,AUROC,id_set_after_seed_backbone_mean,8,0.015575549490599439,-0.019232261486529803,0.05275507445669768,0.45645435456454353,0.5
m2_m7_equal_weight,rsn_class_std_huber_k150,nnguide_k10,AUROC,id_set_stratified_by_id_size,246,0.007831271716180744,0.0014535543072859106,0.01446251089497438,0.00029997000299970003,0.573170731707317
id_size=2,rsn_class_std_huber_k150,nnguide_k10,FPR95,id_set_after_seed_backbone_mean,28,0.016623556646169303,-0.019458950862163,0.055745907459246014,0.40575942405759424,0.42857142857142855
id_size=3,rsn_class_std_huber_k150,nnguide_k10,FPR95,id_set_after_seed_backbone_mean,56,0.04205496709760139,0.016556654572739728,0.0694721133167506,0.0030996900309969004,0.5535714285714286
id_size=4,rsn_class_std_huber_k150,nnguide_k10,FPR95,id_set_after_seed_backbone_mean,70,0.0670384332978989,0.043386388498835846,0.09176333187133172,9.999000099990002e-05,0.7
id_size=5,rsn_class_std_huber_k150,nnguide_k10,FPR95,id_set_after_seed_backbone_mean,56,0.08764185693869539,0.0594768409515191,0.11517698567894707,9.999000099990002e-05,0.7678571428571429
id_size=6,rsn_class_std_huber_k150,nnguide_k10,FPR95,id_set_after_seed_backbone_mean,28,0.10309897181509284,0.05544484467656577,0.14925620147146496,0.0004999500049995,0.6428571428571429
id_size=7,rsn_class_std_huber_k150,nnguide_k10,FPR95,id_set_after_seed_backbone_mean,8,0.10405200130138491,-0.00913814769115136,0.2309946606902987,0.2400759924007599,0.5
m2_m7_equal_weight,rsn_class_std_huber_k150,nnguide_k10,FPR95,id_set_stratified_by_id_size,246,0.07008496451614045,0.04699879416958013,0.09468154615861894,9.999000099990002e-05,0.6382113821138211
id_size=2,rsn_class_std_huber_k150,nnguide_k10,AUPR_OUT,id_set_after_seed_backbone_mean,28,0.0014376956623647853,-0.0027813492258977708,0.006275723340220493,0.5552444755524447,0.5
id_size=3,rsn_class_std_huber_k150,nnguide_k10,AUPR_OUT,id_set_after_seed_backbone_mean,56,0.005712093297459398,6.293937232731855e-05,0.01176976355397437,0.058194180581941805,0.5357142857142857
id_size=4,rsn_class_std_huber_k150,nnguide_k10,AUPR_OUT,id_set_after_seed_backbone_mean,70,0.016252087002637607,0.008263040413368776,0.024528485928660342,0.00019998000199980003,0.6285714285714286
id_size=5,rsn_class_std_huber_k150,nnguide_k10,AUPR_OUT,id_set_after_seed_backbone_mean,56,0.03227054176602308,0.019598966072269946,0.04514838253095472,9.999000099990002e-05,0.75
id_size=6,rsn_class_std_huber_k150,nnguide_k10,AUPR_OUT,id_set_after_seed_backbone_mean,28,0.048378156760334655,0.024066421764519057,0.07265771692302327,0.0013998600139986002,0.6785714285714286
id_size=7,rsn_class_std_huber_k150,nnguide_k10,AUPR_OUT,id_set_after_seed_backbone_mean,8,0.056785371766380904,-0.0038017202802693027,0.13081870570352508,0.24817518248175183,0.375
m2_m7_equal_weight,rsn_class_std_huber_k150,nnguide_k10,AUPR_OUT,id_set_stratified_by_id_size,246,0.026805991042533405,0.015086780081170828,0.039460175643497304,9.999000099990002e-05,0.6178861788617886
id_size=2,rsn_class_std_huber_k150,nnguide_k10,AUPR_OUT_BALANCED,id_set_after_seed_backbone_mean,28,0.0028241327030687413,-0.0069639356631179495,0.013191688485279488,0.6116388361163884,0.5
id_size=3,rsn_class_std_huber_k150,nnguide_k10,AUPR_OUT_BALANCED,id_set_after_seed_backbone_mean,56,0.007800011383737181,6.174689485727312e-06,0.015863095259532608,0.060993900609939006,0.5357142857142857
id_size=4,rsn_class_std_huber_k150,nnguide_k10,AUPR_OUT_BALANCED,id_set_after_seed_backbone_mean,70,0.015209900492649135,0.00781299549216392,0.022920337023384564,0.00019998000199980003,0.6285714285714286
id_size=5,rsn_class_std_huber_k150,nnguide_k10,AUPR_OUT_BALANCED,id_set_after_seed_backbone_mean,56,0.022626604345465203,0.013478178714554801,0.03172510113760113,9.999000099990002e-05,0.7142857142857143
id_size=6,rsn_class_std_huber_k150,nnguide_k10,AUPR_OUT_BALANCED,id_set_after_seed_backbone_mean,28,0.027167187831470988,0.011272016966433348,0.043020018021591694,0.0033996600339966003,0.6785714285714286
id_size=7,rsn_class_std_huber_k150,nnguide_k10,AUPR_OUT_BALANCED,id_set_after_seed_backbone_mean,8,0.02403277244259904,-0.01632055341557887,0.06878337017334997,0.35236476352364765,0.5
m2_m7_equal_weight,rsn_class_std_huber_k150,nnguide_k10,AUPR_OUT_BALANCED,id_set_stratified_by_id_size,246,0.016610101533165045,0.008849888294206807,0.024814827725190745,9.999000099990002e-05,0.6138211382113821
id_size=2,rsn_class_std_huber_k150,nnguide_k50,AUROC,id_set_after_seed_backbone_mean,28,-0.0005588991167062099,-0.00504659331207545,0.0036704171058293314,0.8091190880911909,0.5357142857142857
id_size=3,rsn_class_std_huber_k150,nnguide_k50,AUROC,id_set_after_seed_backbone_mean,56,-0.0008402090164995096,-0.0041976042692300555,0.002360250152007569,0.6245375462453755,0.48214285714285715
id_size=4,rsn_class_std_huber_k150,nnguide_k50,AUROC,id_set_after_seed_backbone_mean,70,0.0004206316315842901,-0.0027699916025438246,0.0035684896221433358,0.7949205079492051,0.5428571428571428
id_size=5,rsn_class_std_huber_k150,nnguide_k50,AUROC,id_set_after_seed_backbone_mean,56,0.002148973965244954,-0.0017385090369844802,0.005784827963568832,0.26707329267073293,0.5535714285714286
id_size=6,rsn_class_std_huber_k150,nnguide_k50,AUROC,id_set_after_seed_backbone_mean,28,0.00384915592177951,-0.002650191053979852,0.010159161752127862,0.252974702529747,0.5714285714285714
id_size=7,rsn_class_std_huber_k150,nnguide_k50,AUROC,id_set_after_seed_backbone_mean,8,0.005064959039812354,-0.014456283193456345,0.02254257387517107,0.6271372862713729,0.625
m2_m7_equal_weight,rsn_class_std_huber_k150,nnguide_k50,AUROC,id_set_stratified_by_id_size,246,0.001680768737535898,-0.001979081908069506,0.005043889035226402,0.3040695930406959,0.5365853658536586
id_size=2,rsn_class_std_huber_k150,nnguide_k50,FPR95,id_set_after_seed_backbone_mean,28,0.015402956849742551,-0.006824118204042302,0.039586103947658886,0.2121787821217878,0.5357142857142857
id_size=3,rsn_class_std_huber_k150,nnguide_k50,FPR95,id_set_after_seed_backbone_mean,56,0.04206815301140079,0.02478215112374928,0.061245078929192016,9.999000099990002e-05,0.6785714285714286
id_size=4,rsn_class_std_huber_k150,nnguide_k50,FPR95,id_set_after_seed_backbone_mean,70,0.06371353789967432,0.046128607399628145,0.08251387039726842,9.999000099990002e-05,0.8
id_size=5,rsn_class_std_huber_k150,nnguide_k50,FPR95,id_set_after_seed_backbone_mean,56,0.0784642606450187,0.0566304047739241,0.1011845453099598,9.999000099990002e-05,0.8392857142857143
id_size=6,rsn_class_std_huber_k150,nnguide_k50,FPR95,id_set_after_seed_backbone_mean,28,0.09023821565436793,0.053247738908012224,0.1297272667807645,9.999000099990002e-05,0.8214285714285714
id_size=7,rsn_class_std_huber_k150,nnguide_k50,FPR95,id_set_after_seed_backbone_mean,8,0.09279144796709846,0.008144595401328301,0.2060407260937486,0.09989001099890012,0.625
m2_m7_equal_weight,rsn_class_std_huber_k150,nnguide_k50,FPR95,id_set_stratified_by_id_size,246,0.06377976200455047,0.04619123041007791,0.0847351350800277,9.999000099990002e-05,0.7479674796747967
id_size=2,rsn_class_std_huber_k150,nnguide_k50,AUPR_OUT,id_set_after_seed_backbone_mean,28,0.00046496933835606764,-0.0018591910195048724,0.0027668002900282547,0.7056294370562943,0.5
id_size=3,rsn_class_std_huber_k150,nnguide_k50,AUPR_OUT,id_set_after_seed_backbone_mean,56,0.0035187169017150293,8.971205866785979e-05,0.007075637698925249,0.05699430056994301,0.5535714285714286
id_size=4,rsn_class_std_huber_k150,nnguide_k50,AUPR_OUT,id_set_after_seed_backbone_mean,70,0.010226741387907901,0.005155425997039583,0.015382490713403757,0.0004999500049995,0.6285714285714286
id_size=5,rsn_class_std_huber_k150,nnguide_k50,AUPR_OUT,id_set_after_seed_backbone_mean,56,0.019315712824636035,0.011652948849345004,0.027339663647348935,9.999000099990002e-05,0.7321428571428571
id_size=6,rsn_class_std_huber_k150,nnguide_k50,AUPR_OUT,id_set_after_seed_backbone_mean,28,0.027106061802448313,0.013152311458824614,0.04110817656738075,0.000999900009999,0.75
id_size=7,rsn_class_std_huber_k150,nnguide_k50,AUPR_OUT,id_set_after_seed_backbone_mean,8,0.02918351981929063,-0.001349254802481144,0.0648638977606291,0.1822817718228177,0.625
m2_m7_equal_weight,rsn_class_std_huber_k150,nnguide_k50,AUPR_OUT,id_set_stratified_by_id_size,246,0.014969287012392328,0.009073947984318232,0.02136073507542291,9.999000099990002e-05,0.6341463414634146
id_size=2,rsn_class_std_huber_k150,nnguide_k50,AUPR_OUT_BALANCED,id_set_after_seed_backbone_mean,28,0.0006838221161123477,-0.004671603317595175,0.006073100259124407,0.806019398060194,0.5357142857142857
id_size=3,rsn_class_std_huber_k150,nnguide_k50,AUPR_OUT_BALANCED,id_set_after_seed_backbone_mean,56,0.004287108332821101,-0.00020590420712765812,0.008923043500011513,0.0765923407659234,0.5714285714285714
id_size=4,rsn_class_std_huber_k150,nnguide_k50,AUPR_OUT_BALANCED,id_set_after_seed_backbone_mean,70,0.008925420829771167,0.0043757434873598735,0.013634400728496874,0.0004999500049995,0.6285714285714286
id_size=5,rsn_class_std_huber_k150,nnguide_k50,AUPR_OUT_BALANCED,id_set_after_seed_backbone_mean,56,0.013335925788429206,0.00779287478834011,0.018978789679982604,9.999000099990002e-05,0.6964285714285714
id_size=6,rsn_class_std_huber_k150,nnguide_k50,AUPR_OUT_BALANCED,id_set_after_seed_backbone_mean,28,0.01605351299343325,0.007092105077386092,0.025505366302492637,0.0023997600239976003,0.7142857142857143
id_size=7,rsn_class_std_huber_k150,nnguide_k50,AUPR_OUT_BALANCED,id_set_after_seed_backbone_mean,8,0.014718737848084865,-0.006186351097098154,0.03779813264908289,0.277972202779722,0.625
m2_m7_equal_weight,rsn_class_std_huber_k150,nnguide_k50,AUPR_OUT_BALANCED,id_set_stratified_by_id_size,246,0.009667421318108655,0.005509318217262026,0.014030094102927064,9.999000099990002e-05,0.6300813008130082
id_size=2,rsn_class_std_huber_k150,raw_classwise_huber_k150,AUROC,id_set_after_seed_backbone_mean,28,-0.0018759169948901892,-0.004589417391894846,0.0008118865757280468,0.18638136186381363,0.32142857142857145
id_size=3,rsn_class_std_huber_k150,raw_classwise_huber_k150,AUROC,id_set_after_seed_backbone_mean,56,-0.002117407915980175,-0.004404924935146176,9.32018539812083e-05,0.063993600639936,0.4107142857142857
id_size=4,rsn_class_std_huber_k150,raw_classwise_huber_k150,AUROC,id_set_after_seed_backbone_mean,70,-0.0026184542916271353,-0.004688988270473601,-0.0005925188915678287,0.0187981201879812,0.38571428571428573
id_size=5,rsn_class_std_huber_k150,raw_classwise_huber_k150,AUROC,id_set_after_seed_backbone_mean,56,-0.0032450439811881897,-0.005794592843326085,-0.0006531847871446381,0.019098090190980903,0.35714285714285715
id_size=6,rsn_class_std_huber_k150,raw_classwise_huber_k150,AUROC,id_set_after_seed_backbone_mean,28,-0.003852971073820112,-0.008250760572275355,0.0005580071604497853,0.1065893410658934,0.35714285714285715
id_size=7,rsn_class_std_huber_k150,raw_classwise_huber_k150,AUROC,id_set_after_seed_backbone_mean,8,-0.004272156261266737,-0.01791218311698637,0.007868516841027183,0.5691430856914309,0.5
m2_m7_equal_weight,rsn_class_std_huber_k150,raw_classwise_huber_k150,AUROC,id_set_stratified_by_id_size,246,-0.002996991753128756,-0.005504009216636951,-0.0006770786441414587,9.999000099990002e-05,0.3780487804878049
id_size=2,rsn_class_std_huber_k150,raw_classwise_huber_k150,FPR95,id_set_after_seed_backbone_mean,28,-0.0026751383240741417,-0.013254722295864784,0.00928146909186466,0.658034196580342,0.35714285714285715
id_size=3,rsn_class_std_huber_k150,raw_classwise_huber_k150,FPR95,id_set_after_seed_backbone_mean,56,0.0015853327583188702,-0.008818104421309609,0.01267124522282136,0.767023297670233,0.42857142857142855
id_size=4,rsn_class_std_huber_k150,raw_classwise_huber_k150,FPR95,id_set_after_seed_backbone_mean,70,0.003373610071472941,-0.005759435672224608,0.013183964353832976,0.49075092490750927,0.4714285714285714
id_size=5,rsn_class_std_huber_k150,raw_classwise_huber_k150,FPR95,id_set_after_seed_backbone_mean,56,0.004735600994030763,-0.004599541807086888,0.014379787216997363,0.34006599340065996,0.5178571428571429
id_size=6,rsn_class_std_huber_k150,raw_classwise_huber_k150,FPR95,id_set_after_seed_backbone_mean,28,0.008196970016912872,-0.004932648262854735,0.022279413041794344,0.2565743425657434,0.5357142857142857
id_size=7,rsn_class_std_huber_k150,raw_classwise_huber_k150,FPR95,id_set_after_seed_backbone_mean,8,0.011792363649815972,-0.010348152713518218,0.03430502012248742,0.4026597340265973,0.375
m2_m7_equal_weight,rsn_class_std_huber_k150,raw_classwise_huber_k150,FPR95,id_set_stratified_by_id_size,246,0.004501456527746213,-0.0011379360779006059,0.010122464599231083,0.1633836616338366,0.4634146341463415
id_size=2,rsn_class_std_huber_k150,raw_classwise_huber_k150,AUPR_OUT,id_set_after_seed_backbone_mean,28,-0.0017981197128405836,-0.003198503214369623,-0.0003948259092349091,0.017998200179982,0.2857142857142857
id_size=3,rsn_class_std_huber_k150,raw_classwise_huber_k150,AUPR_OUT,id_set_after_seed_backbone_mean,56,-0.001632246939906688,-0.0037165166644833767,0.0004765363253622566,0.13558644135586442,0.26785714285714285
id_size=4,rsn_class_std_huber_k150,raw_classwise_huber_k150,AUPR_OUT,id_set_after_seed_backbone_mean,70,-0.0007666253088580775,-0.0035850713735018362,0.0022012174782626215,0.6146385361463854,0.35714285714285715
id_size=5,rsn_class_std_huber_k150,raw_classwise_huber_k150,AUPR_OUT,id_set_after_seed_backbone_mean,56,0.0005646193349588257,-0.0037234719279609584,0.004925297373917384,0.7984201579842016,0.42857142857142855
id_size=6,rsn_class_std_huber_k150,raw_classwise_huber_k150,AUPR_OUT,id_set_after_seed_backbone_mean,28,0.001692171333395111,-0.0060416347708278665,0.01001537440412161,0.6863313668633136,0.5
id_size=7,rsn_class_std_huber_k150,raw_classwise_huber_k150,AUPR_OUT,id_set_after_seed_backbone_mean,8,0.002512974558280018,-0.012244568856736953,0.018473445760359652,0.7667233276672333,0.5
m2_m7_equal_weight,rsn_class_std_huber_k150,raw_classwise_huber_k150,AUPR_OUT,id_set_stratified_by_id_size,246,9.546221083810078e-05,-0.0029076329677513524,0.003270312513359965,0.6616338366163383,0.36585365853658536
id_size=2,rsn_class_std_huber_k150,raw_classwise_huber_k150,AUPR_OUT_BALANCED,id_set_after_seed_backbone_mean,28,-0.004498152594327477,-0.0075012601051389835,-0.0013398183780855587,0.010698930106989302,0.2857142857142857
id_size=3,rsn_class_std_huber_k150,raw_classwise_huber_k150,AUPR_OUT_BALANCED,id_set_after_seed_backbone_mean,56,-0.003007639416613071,-0.005774168381648547,-0.00012855908238907756,0.0374962503749625,0.26785714285714285
id_size=4,rsn_class_std_huber_k150,raw_classwise_huber_k150,AUPR_OUT_BALANCED,id_set_after_seed_backbone_mean,70,-0.001694290302457163,-0.004294401935767247,0.0010305312913337719,0.22317768223177684,0.35714285714285715
id_size=5,rsn_class_std_huber_k150,raw_classwise_huber_k150,AUPR_OUT_BALANCED,id_set_after_seed_backbone_mean,56,-0.0004978841203166884,-0.003650403527150162,0.0028131892625636737,0.7727227277272273,0.4107142857142857
id_size=6,rsn_class_std_huber_k150,raw_classwise_huber_k150,AUPR_OUT_BALANCED,id_set_after_seed_backbone_mean,28,9.125233441755367e-05,-0.004983794660993689,0.005476348640826196,0.9695030496950305,0.5
id_size=7,rsn_class_std_huber_k150,raw_classwise_huber_k150,AUPR_OUT_BALANCED,id_set_after_seed_backbone_mean,8,-0.00012416601550755335,-0.01269991904870067,0.012472647707412052,0.993000699930007,0.5
m2_m7_equal_weight,rsn_class_std_huber_k150,raw_classwise_huber_k150,AUPR_OUT_BALANCED,id_set_stratified_by_id_size,246,-0.0016218133524673996,-0.00410368312409511,0.0009137389055727708,0.021997800219978002,0.3617886178861789
id_size=2,rsn_class_std_huber_k150,raw_classwise_squared_k150,AUROC,id_set_after_seed_backbone_mean,28,-0.001830343049086685,-0.004533297835921709,0.0008090359694543928,0.19608039196080393,0.32142857142857145
id_size=3,rsn_class_std_huber_k150,raw_classwise_squared_k150,AUROC,id_set_after_seed_backbone_mean,56,-0.0021276228507385135,-0.004324972596596698,4.897281277582335e-05,0.0628937106289371,0.42857142857142855
id_size=4,rsn_class_std_huber_k150,raw_classwise_squared_k150,AUROC,id_set_after_seed_backbone_mean,70,-0.0026676909646559223,-0.004741721770369374,-0.0005262521222639637,0.016998300169983,0.38571428571428573
id_size=5,rsn_class_std_huber_k150,raw_classwise_squared_k150,AUROC,id_set_after_seed_backbone_mean,56,-0.0033203286134183873,-0.0059290916427114015,-0.0007507586197032618,0.0164983501649835,0.35714285714285715
id_size=6,rsn_class_std_huber_k150,raw_classwise_squared_k150,AUROC,id_set_after_seed_backbone_mean,28,-0.003941806149483063,-0.008476162144546889,0.0005708275388572503,0.10428957104289571,0.35714285714285715
id_size=7,rsn_class_std_huber_k150,raw_classwise_squared_k150,AUROC,id_set_after_seed_backbone_mean,8,-0.0043532377315388575,-0.017482412046237166,0.007992652684616117,0.5532446755324467,0.5
m2_m7_equal_weight,rsn_class_std_huber_k150,raw_classwise_squared_k150,AUROC,id_set_stratified_by_id_size,246,-0.0030401715598202383,-0.005525236040842056,-0.0007344188258147489,9.999000099990002e-05,0.3821138211382114
id_size=2,rsn_class_std_huber_k150,raw_classwise_squared_k150,FPR95,id_set_after_seed_backbone_mean,28,-0.0028317756874750273,-0.013311386021376314,0.008646370165557589,0.6304369563043696,0.35714285714285715
id_size=3,rsn_class_std_huber_k150,raw_classwise_squared_k150,FPR95,id_set_after_seed_backbone_mean,56,0.0006125490511643712,-0.009561239976894852,0.01157835218176043,0.9122087791220878,0.39285714285714285
id_size=4,rsn_class_std_huber_k150,raw_classwise_squared_k150,FPR95,id_set_after_seed_backbone_mean,70,0.0015435310427180172,-0.0073335380734106045,0.011145894262173764,0.7493250674932507,0.45714285714285713
id_size=5,rsn_class_std_huber_k150,raw_classwise_squared_k150,FPR95,id_set_after_seed_backbone_mean,56,0.0022157356076107867,-0.007264999681002333,0.011561548094082039,0.6467353264673532,0.48214285714285715
id_size=6,rsn_class_std_huber_k150,raw_classwise_squared_k150,FPR95,id_set_after_seed_backbone_mean,28,0.006112809528256302,-0.006408227414346658,0.019777873035717045,0.38366163383661633,0.5357142857142857
id_size=7,rsn_class_std_huber_k150,raw_classwise_squared_k150,FPR95,id_set_after_seed_backbone_mean,8,0.009163173066158735,-0.011300811867885953,0.030599283716148548,0.4928507149285071,0.375
m2_m7_equal_weight,rsn_class_std_huber_k150,raw_classwise_squared_k150,FPR95,id_set_stratified_by_id_size,246,0.0028026704347388644,-0.0023219587842248698,0.00822375027104139,0.4547545245475452,0.44308943089430897
id_size=2,rsn_class_std_huber_k150,raw_classwise_squared_k150,AUPR_OUT,id_set_after_seed_backbone_mean,28,-0.0016775816343875317,-0.0030643116237247226,-0.00026171633782956825,0.025797420257974202,0.2857142857142857
id_size=3,rsn_class_std_huber_k150,raw_classwise_squared_k150,AUPR_OUT,id_set_after_seed_backbone_mean,56,-0.0014124228097884919,-0.0034091468623729236,0.0007200056935840125,0.1924807519248075,0.26785714285714285
id_size=4,rsn_class_std_huber_k150,raw_classwise_squared_k150,AUPR_OUT,id_set_after_seed_backbone_mean,70,-0.0005566458145119417,-0.0033875864693173195,0.0024760489534702583,0.7032296770322968,0.35714285714285715
id_size=5,rsn_class_std_huber_k150,raw_classwise_squared_k150,AUPR_OUT,id_set_after_seed_backbone_mean,56,0.0006608786303119894,-0.003651845113755189,0.0050003288832854735,0.7633236676332367,0.42857142857142855
id_size=6,rsn_class_std_huber_k150,raw_classwise_squared_k150,AUPR_OUT,id_set_after_seed_backbone_mean,28,0.0016063208746015503,-0.00594364077046758,0.00970081375237563,0.7058294170582942,0.5
id_size=7,rsn_class_std_huber_k150,raw_classwise_squared_k150,AUPR_OUT,id_set_after_seed_backbone_mean,8,0.002271968253893403,-0.011989591635949409,0.017954075964307644,0.7967203279672033,0.5
m2_m7_equal_weight,rsn_class_std_huber_k150,raw_classwise_squared_k150,AUPR_OUT,id_set_stratified_by_id_size,246,0.00014875291668649626,-0.0027043789268700424,0.0032046456676182926,0.7681231876812319,0.36585365853658536
id_size=2,rsn_class_std_huber_k150,raw_classwise_squared_k150,AUPR_OUT_BALANCED,id_set_after_seed_backbone_mean,28,-0.004125845208562807,-0.00714076260951816,-0.0009625100964802383,0.014298570142985701,0.2857142857142857
id_size=3,rsn_class_std_huber_k150,raw_classwise_squared_k150,AUPR_OUT_BALANCED,id_set_after_seed_backbone_mean,56,-0.002649737428472888,-0.005325943806558743,0.00010033601715535024,0.06419358064193581,0.26785714285714285
id_size=4,rsn_class_std_huber_k150,raw_classwise_squared_k150,AUPR_OUT_BALANCED,id_set_after_seed_backbone_mean,70,-0.0014554346545832856,-0.004057217668989459,0.0012033978371382135,0.27577242275772423,0.35714285714285715
id_size=5,rsn_class_std_huber_k150,raw_classwise_squared_k150,AUPR_OUT_BALANCED,id_set_after_seed_backbone_mean,56,-0.0004023460956557011,-0.0036807326908708197,0.0028402148067594077,0.8083191680831917,0.42857142857142855
id_size=6,rsn_class_std_huber_k150,raw_classwise_squared_k150,AUPR_OUT_BALANCED,id_set_after_seed_backbone_mean,28,5.668296278894571e-05,-0.005025497262936961,0.0054151155955899696,0.9852014798520148,0.5
id_size=7,rsn_class_std_huber_k150,raw_classwise_squared_k150,AUPR_OUT_BALANCED,id_set_after_seed_backbone_mean,8,-0.0002050805246324981,-0.012802074601271508,0.012227898992111703,0.9622037796220378,0.5
m2_m7_equal_weight,rsn_class_std_huber_k150,raw_classwise_squared_k150,AUPR_OUT_BALANCED,id_set_stratified_by_id_size,246,-0.0014636268248530392,-0.003911566141862965,0.0010525868520462852,0.039996000399960006,0.36585365853658536
id_size=2,rsn_class_std_huber_k150,raw_pooled_huber_k150,AUROC,id_set_after_seed_backbone_mean,28,-0.0010307030026464909,-0.003759639609871024,0.0014944726024611328,0.46985301469853014,0.42857142857142855
id_size=3,rsn_class_std_huber_k150,raw_pooled_huber_k150,AUROC,id_set_after_seed_backbone_mean,56,-0.00028347386141054767,-0.0025135292892714983,0.0018921688447482308,0.8126187381261873,0.5
id_size=4,rsn_class_std_huber_k150,raw_pooled_huber_k150,AUROC,id_set_after_seed_backbone_mean,70,5.158516917649104e-05,-0.002233040171946436,0.0022325965917077938,0.9617038296170383,0.5285714285714286
id_size=5,rsn_class_std_huber_k150,raw_pooled_huber_k150,AUROC,id_set_after_seed_backbone_mean,56,5.080685488700162e-05,-0.002672313615267617,0.002771822152346318,0.9692030796920308,0.5357142857142857
id_size=6,rsn_class_std_huber_k150,raw_pooled_huber_k150,AUROC,id_set_after_seed_backbone_mean,28,-0.0001097341036113251,-0.0047636392319867675,0.004562308926264783,0.9634036596340366,0.5
id_size=7,rsn_class_std_huber_k150,raw_pooled_huber_k150,AUROC,id_set_after_seed_backbone_mean,8,-0.000312150038098917,-0.014554316126877015,0.011569362189808011,0.9614038596140386,0.5
m2_m7_equal_weight,rsn_class_std_huber_k150,raw_pooled_huber_k150,AUROC,id_set_stratified_by_id_size,246,-0.00027227816361729797,-0.0028922400536019388,0.0020196612237157775,0.7827217278272173,0.508130081300813
id_size=2,rsn_class_std_huber_k150,raw_pooled_huber_k150,FPR95,id_set_after_seed_backbone_mean,28,-0.0008718660280166877,-0.01230518056484459,0.011420180352144304,0.8927107289271073,0.35714285714285715
id_size=3,rsn_class_std_huber_k150,raw_pooled_huber_k150,FPR95,id_set_after_seed_backbone_mean,56,0.0017613291071073482,-0.010388044833842765,0.014857268950762502,0.7929207079292071,0.42857142857142855
id_size=4,rsn_class_std_huber_k150,raw_pooled_huber_k150,FPR95,id_set_after_seed_backbone_mean,70,0.007170005189052716,-0.0042951315356859286,0.019768217188615066,0.24957504249575044,0.4714285714285714
id_size=5,rsn_class_std_huber_k150,raw_pooled_huber_k150,FPR95,id_set_after_seed_backbone_mean,56,0.011273216887049357,-0.001762593967819833,0.0252998352598719,0.10968903109689031,0.5178571428571429
id_size=6,rsn_class_std_huber_k150,raw_pooled_huber_k150,FPR95,id_set_after_seed_backbone_mean,28,0.01641959853276997,-0.002761776088876055,0.03739393594981007,0.12658734126587343,0.5357142857142857
id_size=7,rsn_class_std_huber_k150,raw_pooled_huber_k150,FPR95,id_set_after_seed_backbone_mean,8,0.021556852503525414,-0.00930694250202713,0.05888733190971189,0.36906309369063095,0.5
m2_m7_equal_weight,rsn_class_std_huber_k150,raw_pooled_huber_k150,FPR95,id_set_stratified_by_id_size,246,0.009551522698581354,0.0020571365894669316,0.01754769896381248,0.017198280171982803,0.46747967479674796
id_size=2,rsn_class_std_huber_k150,raw_pooled_huber_k150,AUPR_OUT,id_set_after_seed_backbone_mean,28,-0.0014732118943055722,-0.0028397315713763237,-0.00021975431613119168,0.039396060393960604,0.2857142857142857
id_size=3,rsn_class_std_huber_k150,raw_pooled_huber_k150,AUPR_OUT,id_set_after_seed_backbone_mean,56,-0.0007036795574850665,-0.0028945175446093946,0.0015749434422512025,0.5549445055494451,0.375
id_size=4,rsn_class_std_huber_k150,raw_pooled_huber_k150,AUPR_OUT,id_set_after_seed_backbone_mean,70,0.0008045879209221682,-0.0024725885832405283,0.004233857841139857,0.6538346165383462,0.45714285714285713
id_size=5,rsn_class_std_huber_k150,raw_pooled_huber_k150,AUPR_OUT,id_set_after_seed_backbone_mean,56,0.002579989347414994,-0.002574721503342832,0.007818352448866675,0.3428657134286571,0.44642857142857145
id_size=6,rsn_class_std_huber_k150,raw_pooled_huber_k150,AUPR_OUT,id_set_after_seed_backbone_mean,28,0.0037234739222024925,-0.004682723666958406,0.013431995338520651,0.4510548945105489,0.5357142857142857
id_size=7,rsn_class_std_huber_k150,raw_pooled_huber_k150,AUPR_OUT,id_set_after_seed_backbone_mean,8,0.00403798017036321,-0.01102454700562018,0.019455988541506285,0.6492350764923508,0.5
m2_m7_equal_weight,rsn_class_std_huber_k150,raw_pooled_huber_k150,AUPR_OUT,id_set_stratified_by_id_size,246,0.0014948566515187044,-0.0016544187246877759,0.004745953339854306,0.31056894310568944,0.4268292682926829
id_size=2,rsn_class_std_huber_k150,raw_pooled_huber_k150,AUPR_OUT_BALANCED,id_set_after_seed_backbone_mean,28,-0.0039769911588729955,-0.006932775866656099,-0.0010485594308959265,0.0160983901609839,0.25
id_size=3,rsn_class_std_huber_k150,raw_pooled_huber_k150,AUPR_OUT_BALANCED,id_set_after_seed_backbone_mean,56,-0.0018495677847859707,-0.004866849005121967,0.0012496930279709013,0.23887611238876114,0.375
id_size=4,rsn_class_std_huber_k150,raw_pooled_huber_k150,AUPR_OUT_BALANCED,id_set_after_seed_backbone_mean,70,-0.00010584593946847192,-0.0030906406645457318,0.0030586394211919807,0.948005199480052,0.45714285714285713
id_size=5,rsn_class_std_huber_k150,raw_pooled_huber_k150,AUPR_OUT_BALANCED,id_set_after_seed_backbone_mean,56,0.001284579533540819,-0.002388506611067283,0.0050809313772345165,0.5068493150684932,0.44642857142857145
id_size=6,rsn_class_std_huber_k150,raw_pooled_huber_k150,AUPR_OUT_BALANCED,id_set_after_seed_backbone_mean,28,0.0018914955861340703,-0.0035970183381815787,0.007962903974383631,0.5460453954604539,0.5357142857142857
id_size=7,rsn_class_std_huber_k150,raw_pooled_huber_k150,AUPR_OUT_BALANCED,id_set_after_seed_backbone_mean,8,0.001526107183893505,-0.010329857537488111,0.013147006854249263,0.8135186481351865,0.5
m2_m7_equal_weight,rsn_class_std_huber_k150,raw_pooled_huber_k150,AUPR_OUT_BALANCED,id_set_stratified_by_id_size,246,-0.00020503709659317393,-0.0026632978923235373,0.002235548065157238,0.6797320267973203,0.42276422764227645
id_size=2,rsn_class_std_huber_k150,rsn_class_std_huber_calibrated,AUROC,id_set_after_seed_backbone_mean,28,0.004263364994245707,0.0003476454134619901,0.008592350693830712,0.0552944705529447,0.6428571428571429
id_size=3,rsn_class_std_huber_k150,rsn_class_std_huber_calibrated,AUROC,id_set_after_seed_backbone_mean,56,0.0060260893986035045,0.0025563802093027596,0.009543633353404234,0.0020997900209979003,0.625
id_size=4,rsn_class_std_huber_k150,rsn_class_std_huber_calibrated,AUROC,id_set_after_seed_backbone_mean,70,0.006539350487290244,0.0031685429914595567,0.009931020265818394,0.0005999400059994001,0.6714285714285714
id_size=5,rsn_class_std_huber_k150,rsn_class_std_huber_calibrated,AUROC,id_set_after_seed_backbone_mean,56,0.006536710428540988,0.00260900161042165,0.010570796069868512,0.0021997800219978004,0.6607142857142857
id_size=6,rsn_class_std_huber_k150,rsn_class_std_huber_calibrated,AUROC,id_set_after_seed_backbone_mean,28,0.006303836154218629,-4.457608313409225e-05,0.012698358340456205,0.067993200679932,0.6428571428571429
id_size=7,rsn_class_std_huber_k150,rsn_class_std_huber_calibrated,AUROC,id_set_after_seed_backbone_mean,8,0.005670219187207133,-0.012714069783683455,0.02592398456308848,0.6392360763923608,0.5
m2_m7_equal_weight,rsn_class_std_huber_k150,rsn_class_std_huber_calibrated,AUROC,id_set_stratified_by_id_size,246,0.005889928441684369,0.0024023588624686337,0.009616628213197323,9.999000099990002e-05,0.6463414634146342
id_size=2,rsn_class_std_huber_k150,rsn_class_std_huber_calibrated,FPR95,id_set_after_seed_backbone_mean,28,0.039923784737143427,0.012777974830392384,0.07238121121294412,0.007099290070992901,0.7142857142857143
id_size=3,rsn_class_std_huber_k150,rsn_class_std_huber_calibrated,FPR95,id_set_after_seed_backbone_mean,56,0.06358221585613823,0.0426756168075095,0.08627400723679945,9.999000099990002e-05,0.8035714285714286
id_size=4,rsn_class_std_huber_k150,rsn_class_std_huber_calibrated,FPR95,id_set_after_seed_backbone_mean,70,0.07528308270071955,0.05505261864368123,0.09565634442910267,9.999000099990002e-05,0.7857142857142857
id_size=5,rsn_class_std_huber_k150,rsn_class_std_huber_calibrated,FPR95,id_set_after_seed_backbone_mean,56,0.08188963169007428,0.058117963254081986,0.1057821504362379,9.999000099990002e-05,0.7678571428571429
id_size=6,rsn_class_std_huber_k150,rsn_class_std_huber_calibrated,FPR95,id_set_after_seed_backbone_mean,28,0.08611382866911317,0.04791690768530822,0.125564882032743,0.0005999400059994001,0.75
id_size=7,rsn_class_std_huber_k150,rsn_class_std_huber_calibrated,FPR95,id_set_after_seed_backbone_mean,8,0.081459696172933,-0.005218340095355436,0.17892232475331263,0.18448155184481552,0.625
m2_m7_equal_weight,rsn_class_std_huber_k150,rsn_class_std_huber_calibrated,FPR95,id_set_stratified_by_id_size,246,0.07137537330435362,0.05389638518880476,0.09026027924360533,9.999000099990002e-05,0.7682926829268293
id_size=2,rsn_class_std_huber_k150,rsn_class_std_huber_calibrated,AUPR_OUT,id_set_after_seed_backbone_mean,28,0.002777253182308023,0.00016123402738611105,0.005655203056917915,0.06229377062293771,0.6785714285714286
id_size=3,rsn_class_std_huber_k150,rsn_class_std_huber_calibrated,AUPR_OUT,id_set_after_seed_backbone_mean,56,0.008199115602354397,0.004159268719140858,0.012534416799657168,0.00019998000199980003,0.7142857142857143
id_size=4,rsn_class_std_huber_k150,rsn_class_std_huber_calibrated,AUPR_OUT,id_set_after_seed_backbone_mean,70,0.015220465733107678,0.009391178376427655,0.02113930542727322,9.999000099990002e-05,0.7571428571428571
id_size=5,rsn_class_std_huber_k150,rsn_class_std_huber_calibrated,AUPR_OUT,id_set_after_seed_backbone_mean,56,0.022617276626022427,0.014209848446134184,0.031194287759784507,9.999000099990002e-05,0.8035714285714286
id_size=6,rsn_class_std_huber_k150,rsn_class_std_huber_calibrated,AUPR_OUT,id_set_after_seed_backbone_mean,28,0.027390646274476287,0.012979080859883554,0.042021428184599065,0.0008999100089991,0.7142857142857143
id_size=7,rsn_class_std_huber_k150,rsn_class_std_huber_calibrated,AUPR_OUT,id_set_after_seed_backbone_mean,8,0.0279524166201002,-0.0050664795496488165,0.06560356943350394,0.22527747225277472,0.5
m2_m7_equal_weight,rsn_class_std_huber_k150,rsn_class_std_huber_calibrated,AUPR_OUT,id_set_stratified_by_id_size,246,0.017359529006394838,0.010865235896038937,0.02430621553483182,9.999000099990002e-05,0.7357723577235772
id_size=2,rsn_class_std_huber_k150,rsn_class_std_huber_calibrated,AUPR_OUT_BALANCED,id_set_after_seed_backbone_mean,28,0.007156609959252846,0.0014494097829616196,0.013568981309360989,0.0263973602639736,0.6785714285714286
id_size=3,rsn_class_std_huber_k150,rsn_class_std_huber_calibrated,AUPR_OUT_BALANCED,id_set_after_seed_backbone_mean,56,0.01181333923928352,0.006766131270442442,0.01714051868696098,0.00019998000199980003,0.7142857142857143
id_size=4,rsn_class_std_huber_k150,rsn_class_std_huber_calibrated,AUPR_OUT_BALANCED,id_set_after_seed_backbone_mean,70,0.01465011168489448,0.009261443834406942,0.020099694201530488,9.999000099990002e-05,0.7571428571428571
id_size=5,rsn_class_std_huber_k150,rsn_class_std_huber_calibrated,AUPR_OUT_BALANCED,id_set_after_seed_backbone_mean,56,0.016580670017311845,0.010072633397342068,0.02291455691071443,9.999000099990002e-05,0.7857142857142857
id_size=6,rsn_class_std_huber_k150,rsn_class_std_huber_calibrated,AUPR_OUT_BALANCED,id_set_after_seed_backbone_mean,28,0.017189576340002295,0.0072897171775183536,0.027401829917623223,0.0030996900309969004,0.7142857142857143
id_size=7,rsn_class_std_huber_k150,rsn_class_std_huber_calibrated,AUPR_OUT_BALANCED,id_set_after_seed_backbone_mean,8,0.014180688589377563,-0.010970380323114396,0.0447466285572025,0.43555644435556445,0.5
m2_m7_equal_weight,rsn_class_std_huber_k150,rsn_class_std_huber_calibrated,AUPR_OUT_BALANCED,id_set_stratified_by_id_size,246,0.013595165971687091,0.008669207371591287,0.018983716180241708,9.999000099990002e-05,0.7317073170731707
id_size=2,rsn_class_std_huber_k150,rsn_delta075,AUROC,id_set_after_seed_backbone_mean,28,-0.00014889821909875946,-0.0001801176882288422,-0.00011772769248420127,9.999000099990002e-05,0.03571428571428571
id_size=3,rsn_class_std_huber_k150,rsn_delta075,AUROC,id_set_after_seed_backbone_mean,0,,,,,
id_size=4,rsn_class_std_huber_k150,rsn_delta075,AUROC,id_set_after_seed_backbone_mean,70,-9.691938967973539e-05,-0.0001166565323360021,-7.690959511418809e-05,9.999000099990002e-05,0.15714285714285714
id_size=5,rsn_class_std_huber_k150,rsn_delta075,AUROC,id_set_after_seed_backbone_mean,0,,,,,
id_size=6,rsn_class_std_huber_k150,rsn_delta075,AUROC,id_set_after_seed_backbone_mean,0,,,,,
id_size=7,rsn_class_std_huber_k150,rsn_delta075,AUROC,id_set_after_seed_backbone_mean,8,-4.882650111011124e-05,-0.00015022605409010018,7.31436293569712e-05,0.43415658434156584,0.25
m2_m7_equal_weight,rsn_class_std_huber_k150,rsn_delta075,AUROC,id_set_stratified_by_id_size,106,-9.821470329620203e-05,-0.00013428905447899787,-5.7175909847351405e-05,9.999000099990002e-05,0.1320754716981132
id_size=2,rsn_class_std_huber_k150,rsn_delta075,FPR95,id_set_after_seed_backbone_mean,28,-0.0018849022991963354,-0.0024485985402140547,-0.0013454920604809655,9.999000099990002e-05,0.0
id_size=3,rsn_class_std_huber_k150,rsn_delta075,FPR95,id_set_after_seed_backbone_mean,0,,,,,
id_size=4,rsn_class_std_huber_k150,rsn_delta075,FPR95,id_set_after_seed_backbone_mean,70,-0.0012135981904730223,-0.0014673842084034585,-0.0009873634299137836,9.999000099990002e-05,0.05714285714285714
id_size=5,rsn_class_std_huber_k150,rsn_delta075,FPR95,id_set_after_seed_backbone_mean,0,,,,,
id_size=6,rsn_class_std_huber_k150,rsn_delta075,FPR95,id_set_after_seed_backbone_mean,0,,,,,
id_size=7,rsn_class_std_huber_k150,rsn_delta075,FPR95,id_set_after_seed_backbone_mean,8,-0.0006498356624737591,-0.0014579584926341254,0.00010151530468602738,0.24077592240775922,0.25
m2_m7_equal_weight,rsn_class_std_huber_k150,rsn_delta075,FPR95,id_set_stratified_by_id_size,106,-0.0012494453840477056,-0.001595647873599788,-0.0009232459361721068,9.999000099990002e-05,0.05660377358490566
id_size=2,rsn_class_std_huber_k150,rsn_delta075,AUPR_OUT,id_set_after_seed_backbone_mean,28,-0.0002246286783816259,-0.0002643862911264205,-0.00018700723105513343,9.999000099990002e-05,0.0
id_size=3,rsn_class_std_huber_k150,rsn_delta075,AUPR_OUT,id_set_after_seed_backbone_mean,0,,,,,
id_size=4,rsn_class_std_huber_k150,rsn_delta075,AUPR_OUT,id_set_after_seed_backbone_mean,70,-0.0005645935148116145,-0.0006115552402169588,-0.0005186876418031911,9.999000099990002e-05,0.0
id_size=5,rsn_class_std_huber_k150,rsn_delta075,AUPR_OUT,id_set_after_seed_backbone_mean,0,,,,,
id_size=6,rsn_class_std_huber_k150,rsn_delta075,AUPR_OUT,id_set_after_seed_backbone_mean,0,,,,,
id_size=7,rsn_class_std_huber_k150,rsn_delta075,AUPR_OUT,id_set_after_seed_backbone_mean,8,-0.0006535492465998304,-0.0013286540484534033,-0.00019011798563621504,0.0160983901609839,0.125
m2_m7_equal_weight,rsn_class_std_huber_k150,rsn_delta075,AUPR_OUT,id_set_stratified_by_id_size,106,-0.0004809238132643569,-0.0007084218029084464,-0.000325569023630204,9.999000099990002e-05,0.009433962264150943
id_size=2,rsn_class_std_huber_k150,rsn_delta075,AUPR_OUT_BALANCED,id_set_after_seed_backbone_mean,28,-0.0005822158986179325,-0.0006484395026360546,-0.0005091882514105595,9.999000099990002e-05,0.0
id_size=3,rsn_class_std_huber_k150,rsn_delta075,AUPR_OUT_BALANCED,id_set_after_seed_backbone_mean,0,,,,,
id_size=4,rsn_class_std_huber_k150,rsn_delta075,AUPR_OUT_BALANCED,id_set_after_seed_backbone_mean,70,-0.0005661694972224936,-0.0006113972070611577,-0.0005195828415331652,9.999000099990002e-05,0.0
id_size=5,rsn_class_std_huber_k150,rsn_delta075,AUPR_OUT_BALANCED,id_set_after_seed_backbone_mean,0,,,,,
id_size=6,rsn_class_std_huber_k150,rsn_delta075,AUPR_OUT_BALANCED,id_set_after_seed_backbone_mean,0,,,,,
id_size=7,rsn_class_std_huber_k150,rsn_delta075,AUPR_OUT_BALANCED,id_set_after_seed_backbone_mean,8,-0.0002913017859923044,-0.0004658056603104654,-0.0001263121649405808,0.017298270172982702,0.125
m2_m7_equal_weight,rsn_class_std_huber_k150,rsn_delta075,AUPR_OUT_BALANCED,id_set_stratified_by_id_size,106,-0.0004798957272775768,-0.0005427639064588041,-0.0004193155565436414,9.999000099990002e-05,0.009433962264150943
id_size=2,rsn_class_std_huber_k150,rsn_delta100,AUROC,id_set_after_seed_backbone_mean,28,-9.265729837849055e-05,-0.00011068895330487513,-7.424373344310181e-05,9.999000099990002e-05,0.03571428571428571
id_size=3,rsn_class_std_huber_k150,rsn_delta100,AUROC,id_set_after_seed_backbone_mean,0,,,,,
id_size=4,rsn_class_std_huber_k150,rsn_delta100,AUROC,id_set_after_seed_backbone_mean,70,-6.0555604343208796e-05,-7.261630557605094e-05,-4.8297939304585896e-05,9.999000099990002e-05,0.15714285714285714
id_size=5,rsn_class_std_huber_k150,rsn_delta100,AUROC,id_set_after_seed_backbone_mean,0,,,,,
id_size=6,rsn_class_std_huber_k150,rsn_delta100,AUROC,id_set_after_seed_backbone_mean,0,,,,,
id_size=7,rsn_class_std_huber_k150,rsn_delta100,AUROC,id_set_after_seed_backbone_mean,8,-3.0198612098057225e-05,-9.254625662300554e-05,4.274498119657272e-05,0.43595640435956406,0.25
m2_m7_equal_weight,rsn_class_std_huber_k150,rsn_delta100,AUROC,id_set_stratified_by_id_size,106,-6.113717160658552e-05,-8.249387263577952e-05,-3.6532873268420265e-05,9.999000099990002e-05,0.1320754716981132
id_size=2,rsn_class_std_huber_k150,rsn_delta100,FPR95,id_set_after_seed_backbone_mean,28,-0.001125742169908632,-0.0014697647378390684,-0.0007936440971945309,9.999000099990002e-05,0.03571428571428571
id_size=3,rsn_class_std_huber_k150,rsn_delta100,FPR95,id_set_after_seed_backbone_mean,0,,,,,
id_size=4,rsn_class_std_huber_k150,rsn_delta100,FPR95,id_set_after_seed_backbone_mean,70,-0.0007706354571008629,-0.0009569552543126418,-0.0006033947832862179,9.999000099990002e-05,0.11428571428571428
id_size=5,rsn_class_std_huber_k150,rsn_delta100,FPR95,id_set_after_seed_backbone_mean,0,,,,,
id_size=6,rsn_class_std_huber_k150,rsn_delta100,FPR95,id_set_after_seed_backbone_mean,0,,,,,
id_size=7,rsn_class_std_huber_k150,rsn_delta100,FPR95,id_set_after_seed_backbone_mean,8,-0.0004179476674718729,-0.000954606348012612,6.363120060168869e-05,0.25247475252474755,0.25
m2_m7_equal_weight,rsn_class_std_huber_k150,rsn_delta100,FPR95,id_set_stratified_by_id_size,106,-0.0007714417648271226,-0.0009925632210397964,-0.000566399726981302,9.999000099990002e-05,0.10377358490566038
id_size=2,rsn_class_std_huber_k150,rsn_delta100,AUPR_OUT,id_set_after_seed_backbone_mean,28,-0.00013910426206105244,-0.00016412702816038632,-0.00011570182117272751,9.999000099990002e-05,0.0
id_size=3,rsn_class_std_huber_k150,rsn_delta100,AUPR_OUT,id_set_after_seed_backbone_mean,0,,,,,
id_size=4,rsn_class_std_huber_k150,rsn_delta100,AUPR_OUT,id_set_after_seed_backbone_mean,70,-0.0003485399703041472,-0.0003768875439617237,-0.00031982479739117107,9.999000099990002e-05,0.0
id_size=5,rsn_class_std_huber_k150,rsn_delta100,AUPR_OUT,id_set_after_seed_backbone_mean,0,,,,,
id_size=6,rsn_class_std_huber_k150,rsn_delta100,AUPR_OUT,id_set_after_seed_backbone_mean,0,,,,,
id_size=7,rsn_class_std_huber_k150,rsn_delta100,AUPR_OUT,id_set_after_seed_backbone_mean,8,-0.00039783460117950636,-0.0007980133049608205,-0.00011348173395282855,0.0150984901509849,0.125
m2_m7_equal_weight,rsn_class_std_huber_k150,rsn_delta100,AUPR_OUT,id_set_stratified_by_id_size,106,-0.00029515961118156865,-0.0004348281590150523,-0.00020000262997510522,9.999000099990002e-05,0.009433962264150943
id_size=2,rsn_class_std_huber_k150,rsn_delta100,AUPR_OUT_BALANCED,id_set_after_seed_backbone_mean,28,-0.0003602860748718634,-0.00040245345494508555,-0.00031663984117039475,9.999000099990002e-05,0.0
id_size=3,rsn_class_std_huber_k150,rsn_delta100,AUPR_OUT_BALANCED,id_set_after_seed_backbone_mean,0,,,,,
id_size=4,rsn_class_std_huber_k150,rsn_delta100,AUPR_OUT_BALANCED,id_set_after_seed_backbone_mean,70,-0.0003495306331463327,-0.00037701875913172294,-0.0003214462267602319,9.999000099990002e-05,0.0
id_size=5,rsn_class_std_huber_k150,rsn_delta100,AUPR_OUT_BALANCED,id_set_after_seed_backbone_mean,0,,,,,
id_size=6,rsn_class_std_huber_k150,rsn_delta100,AUPR_OUT_BALANCED,id_set_after_seed_backbone_mean,0,,,,,
id_size=7,rsn_class_std_huber_k150,rsn_delta100,AUPR_OUT_BALANCED,id_set_after_seed_backbone_mean,8,-0.00017755410772492033,-0.00028299026925373373,-7.812968111436993e-05,0.016798320167983202,0.125
m2_m7_equal_weight,rsn_class_std_huber_k150,rsn_delta100,AUPR_OUT_BALANCED,id_set_stratified_by_id_size,106,-0.00029579027191437213,-0.0003342870400087617,-0.00025821452998263026,9.999000099990002e-05,0.009433962264150943
id_size=2,rsn_class_std_huber_k150,rsn_delta200,AUROC,id_set_after_seed_backbone_mean,28,0.00020237170744156048,0.00017054384062883198,0.00023435929132472274,9.999000099990002e-05,0.9642857142857143
id_size=3,rsn_class_std_huber_k150,rsn_delta200,AUROC,id_set_after_seed_backbone_mean,0,,,,,
id_size=4,rsn_class_std_huber_k150,rsn_delta200,AUROC,id_set_after_seed_backbone_mean,70,0.00014279567550340463,0.0001219029925657458,0.00016324120963005795,9.999000099990002e-05,0.9285714285714286
id_size=5,rsn_class_std_huber_k150,rsn_delta200,AUROC,id_set_after_seed_backbone_mean,0,,,,,
id_size=6,rsn_class_std_huber_k150,rsn_delta200,AUROC,id_set_after_seed_backbone_mean,0,,,,,
id_size=7,rsn_class_std_huber_k150,rsn_delta200,AUROC,id_set_after_seed_backbone_mean,8,7.904186878066738e-05,-4.392849507401778e-05,0.00018783036938358982,0.25347465253474655,0.75
m2_m7_equal_weight,rsn_class_std_huber_k150,rsn_delta200,AUROC,id_set_stratified_by_id_size,106,0.00014140308390854416,9.94489307540533e-05,0.00017970342712159577,9.999000099990002e-05,0.9245283018867925
id_size=2,rsn_class_std_huber_k150,rsn_delta200,FPR95,id_set_after_seed_backbone_mean,28,0.0025146902750232984,0.0017906435085472895,0.0033422705665529366,9.999000099990002e-05,1.0
id_size=3,rsn_class_std_huber_k150,rsn_delta200,FPR95,id_set_after_seed_backbone_mean,0,,,,,
id_size=4,rsn_class_std_huber_k150,rsn_delta200,FPR95,id_set_after_seed_backbone_mean,70,0.0015790008280807365,0.0013302033647723049,0.0018284191451272103,9.999000099990002e-05,0.9571428571428572
id_size=5,rsn_class_std_huber_k150,rsn_delta200,FPR95,id_set_after_seed_backbone_mean,0,,,,,
id_size=6,rsn_class_std_huber_k150,rsn_delta200,FPR95,id_set_after_seed_backbone_mean,0,,,,,
id_size=7,rsn_class_std_huber_k150,rsn_delta200,FPR95,id_set_after_seed_backbone_mean,8,0.0009771548370015176,0.00023973483026089757,0.001821004473531142,0.0084991500849915,1.0
m2_m7_equal_weight,rsn_class_std_huber_k150,rsn_delta200,FPR95,id_set_stratified_by_id_size,106,0.0016902819800351842,0.0013280328756479747,0.0020900645030714603,9.999000099990002e-05,0.9716981132075472
id_size=2,rsn_class_std_huber_k150,rsn_delta200,AUPR_OUT,id_set_after_seed_backbone_mean,28,0.000298215619337774,0.0002449913505124841,0.0003551528356292586,9.999000099990002e-05,1.0
id_size=3,rsn_class_std_huber_k150,rsn_delta200,AUPR_OUT,id_set_after_seed_backbone_mean,0,,,,,
id_size=4,rsn_class_std_huber_k150,rsn_delta200,AUPR_OUT,id_set_after_seed_backbone_mean,70,0.000719129369745372,0.0006613902023284293,0.0007754261443556652,9.999000099990002e-05,1.0
id_size=5,rsn_class_std_huber_k150,rsn_delta200,AUPR_OUT,id_set_after_seed_backbone_mean,0,,,,,
id_size=6,rsn_class_std_huber_k150,rsn_delta200,AUPR_OUT,id_set_after_seed_backbone_mean,0,,,,,
id_size=7,rsn_class_std_huber_k150,rsn_delta200,AUPR_OUT,id_set_after_seed_backbone_mean,8,0.0008028498226197251,0.0002421111432320975,0.0015979638352274918,0.016198380161983803,0.875
m2_m7_equal_weight,rsn_class_std_huber_k150,rsn_delta200,AUPR_OUT,id_set_stratified_by_id_size,106,0.000606731603900957,0.00041960690535000915,0.0008803087451257988,9.999000099990002e-05,0.9905660377358491
id_size=2,rsn_class_std_huber_k150,rsn_delta200,AUPR_OUT_BALANCED,id_set_after_seed_backbone_mean,28,0.0007637172854789307,0.0006651792358915875,0.0008559236678447334,9.999000099990002e-05,1.0
id_size=3,rsn_class_std_huber_k150,rsn_delta200,AUPR_OUT_BALANCED,id_set_after_seed_backbone_mean,0,,,,,
id_size=4,rsn_class_std_huber_k150,rsn_delta200,AUPR_OUT_BALANCED,id_set_after_seed_backbone_mean,70,0.0007209829417688194,0.0006663606369069917,0.0007753358817900937,9.999000099990002e-05,1.0
id_size=5,rsn_class_std_huber_k150,rsn_delta200,AUPR_OUT_BALANCED,id_set_after_seed_backbone_mean,0,,,,,
id_size=6,rsn_class_std_huber_k150,rsn_delta200,AUPR_OUT_BALANCED,id_set_after_seed_backbone_mean,0,,,,,
id_size=7,rsn_class_std_huber_k150,rsn_delta200,AUPR_OUT_BALANCED,id_set_after_seed_backbone_mean,8,0.0003531124451307289,0.0001664994719325933,0.0005596035283245764,0.014598540145985401,0.875
m2_m7_equal_weight,rsn_class_std_huber_k150,rsn_delta200,AUPR_OUT_BALANCED,id_set_stratified_by_id_size,106,0.0006126042241261597,0.0005393516802309564,0.0006895382064609577,9.999000099990002e-05,0.9905660377358491
id_size=2,rsn_class_std_huber_k150,rsn_delta300,AUROC,id_set_after_seed_backbone_mean,28,0.0004779881279680125,0.00041692516092045893,0.0005387221320857631,9.999000099990002e-05,1.0
id_size=3,rsn_class_std_huber_k150,rsn_delta300,AUROC,id_set_after_seed_backbone_mean,0,,,,,
id_size=4,rsn_class_std_huber_k150,rsn_delta300,AUROC,id_set_after_seed_backbone_mean,70,0.00035068781947103023,0.00031006937937249815,0.00038975286166457356,9.999000099990002e-05,0.9857142857142858
id_size=5,rsn_class_std_huber_k150,rsn_delta300,AUROC,id_set_after_seed_backbone_mean,0,,,,,
id_size=6,rsn_class_std_huber_k150,rsn_delta300,AUROC,id_set_after_seed_backbone_mean,0,,,,,
id_size=7,rsn_class_std_huber_k150,rsn_delta300,AUROC,id_set_after_seed_backbone_mean,8,0.00020879809939683644,-1.039723750841184e-05,0.0004175141716622123,0.1371862813718628,0.75
m2_m7_equal_weight,rsn_class_std_huber_k150,rsn_delta300,AUROC,id_set_stratified_by_id_size,106,0.0003458246822786264,0.00026869556236030936,0.0004200463731715169,9.999000099990002e-05,0.9716981132075472
id_size=2,rsn_class_std_huber_k150,rsn_delta300,FPR95,id_set_after_seed_backbone_mean,28,0.005345540243304173,0.003965488637868544,0.006827746144531239,9.999000099990002e-05,1.0
id_size=3,rsn_class_std_huber_k150,rsn_delta300,FPR95,id_set_after_seed_backbone_mean,0,,,,,
id_size=4,rsn_class_std_huber_k150,rsn_delta300,FPR95,id_set_after_seed_backbone_mean,70,0.0034702151397834995,0.0029947907734825642,0.003990457512590953,9.999000099990002e-05,0.9571428571428572
id_size=5,rsn_class_std_huber_k150,rsn_delta300,FPR95,id_set_after_seed_backbone_mean,0,,,,,
id_size=6,rsn_class_std_huber_k150,rsn_delta300,FPR95,id_set_after_seed_backbone_mean,0,,,,,
id_size=7,rsn_class_std_huber_k150,rsn_delta300,FPR95,id_set_after_seed_backbone_mean,8,0.00207139362025135,0.0003538659018971783,0.004180975168933768,0.031096890310968902,0.875
m2_m7_equal_weight,rsn_class_std_huber_k150,rsn_delta300,FPR95,id_set_stratified_by_id_size,106,0.003629049667779674,0.0028705650934355777,0.004480748442086964,9.999000099990002e-05,0.9622641509433962
id_size=2,rsn_class_std_huber_k150,rsn_delta300,AUPR_OUT,id_set_after_seed_backbone_mean,28,0.0006904933513360862,0.0005635810827266405,0.0008278718970434169,9.999000099990002e-05,1.0
id_size=3,rsn_class_std_huber_k150,rsn_delta300,AUPR_OUT,id_set_after_seed_backbone_mean,0,,,,,
id_size=4,rsn_class_std_huber_k150,rsn_delta300,AUPR_OUT,id_set_after_seed_backbone_mean,70,0.001631673051727358,0.001504554703132015,0.0017559764553066448,9.999000099990002e-05,1.0
id_size=5,rsn_class_std_huber_k150,rsn_delta300,AUPR_OUT,id_set_after_seed_backbone_mean,0,,,,,
id_size=6,rsn_class_std_huber_k150,rsn_delta300,AUPR_OUT,id_set_after_seed_backbone_mean,0,,,,,
id_size=7,rsn_class_std_huber_k150,rsn_delta300,AUPR_OUT,id_set_after_seed_backbone_mean,8,0.0018047845496270841,0.0005657481304473902,0.0035759286116347324,0.0164983501649835,0.875
m2_m7_equal_weight,rsn_class_std_huber_k150,rsn_delta300,AUPR_OUT,id_set_stratified_by_id_size,106,0.0013756503175635093,0.0009551750672317112,0.0019647758011274268,9.999000099990002e-05,0.9905660377358491
id_size=2,rsn_class_std_huber_k150,rsn_delta300,AUPR_OUT_BALANCED,id_set_after_seed_backbone_mean,28,0.0017562342758171026,0.0015252832146150784,0.001974884419732701,9.999000099990002e-05,1.0
id_size=3,rsn_class_std_huber_k150,rsn_delta300,AUPR_OUT_BALANCED,id_set_after_seed_backbone_mean,0,,,,,
id_size=4,rsn_class_std_huber_k150,rsn_delta300,AUPR_OUT_BALANCED,id_set_after_seed_backbone_mean,70,0.0016374385911745548,0.0015205698183695813,0.001757305990656346,9.999000099990002e-05,1.0
id_size=5,rsn_class_std_huber_k150,rsn_delta300,AUPR_OUT_BALANCED,id_set_after_seed_backbone_mean,0,,,,,
id_size=6,rsn_class_std_huber_k150,rsn_delta300,AUPR_OUT_BALANCED,id_set_after_seed_backbone_mean,0,,,,,
id_size=7,rsn_class_std_huber_k150,rsn_delta300,AUPR_OUT_BALANCED,id_set_after_seed_backbone_mean,8,0.0007862912190083153,0.0003766306964140797,0.0012369412428709717,0.015398460153984602,0.875
m2_m7_equal_weight,rsn_class_std_huber_k150,rsn_delta300,AUPR_OUT_BALANCED,id_set_stratified_by_id_size,106,0.001393321361999991,0.0012316990923308198,0.0015645421289685545,9.999000099990002e-05,0.9905660377358491
id_size=2,rsn_class_std_huber_k150,rsn_equalbank3000,AUROC,id_set_after_seed_backbone_mean,28,0.0038011640938308373,0.002465733969369868,0.005228678263581763,9.999000099990002e-05,0.8928571428571429
id_size=3,rsn_class_std_huber_k150,rsn_equalbank3000,AUROC,id_set_after_seed_backbone_mean,56,0.0041205354908477,0.0029558763929250762,0.005313562745970595,9.999000099990002e-05,0.8571428571428571
id_size=4,rsn_class_std_huber_k150,rsn_equalbank3000,AUROC,id_set_after_seed_backbone_mean,70,0.004709228253099591,0.0034960509145282,0.005954433473414268,9.999000099990002e-05,0.8428571428571429
id_size=5,rsn_class_std_huber_k150,rsn_equalbank3000,AUROC,id_set_after_seed_backbone_mean,56,0.005584384825507424,0.0038406601147881916,0.007318845495273716,9.999000099990002e-05,0.7678571428571429
id_size=6,rsn_class_std_huber_k150,rsn_equalbank3000,AUROC,id_set_after_seed_backbone_mean,28,0.006851596241172328,0.003666919516106042,0.01020555337476412,9.999000099990002e-05,0.75
id_size=7,rsn_class_std_huber_k150,rsn_equalbank3000,AUROC,id_set_after_seed_backbone_mean,8,0.009110922512018218,0.0008856626555035104,0.017623835370651375,0.0766923307669233,0.75
m2_m7_equal_weight,rsn_class_std_huber_k150,rsn_equalbank3000,AUROC,id_set_stratified_by_id_size,246,0.00569630523607935,0.0041784956402513085,0.007285395776101004,9.999000099990002e-05,0.8211382113821138
id_size=2,rsn_class_std_huber_k150,rsn_equalbank3000,FPR95,id_set_after_seed_backbone_mean,28,0.04207624453006637,0.03335394313836773,0.05075078637403723,9.999000099990002e-05,0.9285714285714286
id_size=3,rsn_class_std_huber_k150,rsn_equalbank3000,FPR95,id_set_after_seed_backbone_mean,56,0.036018703489912186,0.0289152816504591,0.0427262678911585,9.999000099990002e-05,0.9107142857142857
id_size=4,rsn_class_std_huber_k150,rsn_equalbank3000,FPR95,id_set_after_seed_backbone_mean,70,0.03350977929883603,0.02641711100497466,0.040383592879645866,9.999000099990002e-05,0.8571428571428571
id_size=5,rsn_class_std_huber_k150,rsn_equalbank3000,FPR95,id_set_after_seed_backbone_mean,56,0.03356316342242875,0.025466802518095917,0.041587434157271376,9.999000099990002e-05,0.875
id_size=6,rsn_class_std_huber_k150,rsn_equalbank3000,FPR95,id_set_after_seed_backbone_mean,28,0.03474107429375364,0.021755892237373592,0.04807689844866168,9.999000099990002e-05,0.8571428571428571
id_size=7,rsn_class_std_huber_k150,rsn_equalbank3000,FPR95,id_set_after_seed_backbone_mean,8,0.0364704698904033,0.006161803159474604,0.07614165453733387,0.0771922807719228,0.75
m2_m7_equal_weight,rsn_class_std_huber_k150,rsn_equalbank3000,FPR95,id_set_stratified_by_id_size,246,0.03606323915423338,0.02982667725496966,0.04335839520868868,9.999000099990002e-05,0.8780487804878049
id_size=2,rsn_class_std_huber_k150,rsn_equalbank3000,AUPR_OUT,id_set_after_seed_backbone_mean,28,0.004169859831078427,0.0032099050591601007,0.005147232930336844,9.999000099990002e-05,0.9642857142857143
id_size=3,rsn_class_std_huber_k150,rsn_equalbank3000,AUPR_OUT,id_set_after_seed_backbone_mean,56,0.006588396642950392,0.00529390225933567,0.007838843826525006,9.999000099990002e-05,0.9107142857142857
id_size=4,rsn_class_std_huber_k150,rsn_equalbank3000,AUPR_OUT,id_set_after_seed_backbone_mean,70,0.009465474214977012,0.007515494374262848,0.01145637050842763,9.999000099990002e-05,0.9
id_size=5,rsn_class_std_huber_k150,rsn_equalbank3000,AUPR_OUT,id_set_after_seed_backbone_mean,56,0.013064502606497299,0.009471031095276047,0.016709575215805877,9.999000099990002e-05,0.8571428571428571
id_size=6,rsn_class_std_huber_k150,rsn_equalbank3000,AUPR_OUT,id_set_after_seed_backbone_mean,28,0.015688291521239996,0.00841905734668484,0.022662053551164116,0.00029997000299970003,0.6428571428571429
id_size=7,rsn_class_std_huber_k150,rsn_equalbank3000,AUPR_OUT,id_set_after_seed_backbone_mean,8,0.01453768835281868,-0.0027281068386046077,0.03251179141714625,0.1830816918308169,0.75
m2_m7_equal_weight,rsn_class_std_huber_k150,rsn_equalbank3000,AUPR_OUT,id_set_stratified_by_id_size,246,0.010585702194926968,0.007329769481833256,0.013868792694608096,9.999000099990002e-05,0.8658536585365854
id_size=2,rsn_class_std_huber_k150,rsn_equalbank3000,AUPR_OUT_BALANCED,id_set_after_seed_backbone_mean,28,0.010880333445543735,0.008931777554153312,0.012852538386636312,9.999000099990002e-05,0.9642857142857143
id_size=3,rsn_class_std_huber_k150,rsn_equalbank3000,AUPR_OUT_BALANCED,id_set_after_seed_backbone_mean,56,0.01004959613544823,0.0082745943597105,0.01173923718400143,9.999000099990002e-05,0.8928571428571429
id_size=4,rsn_class_std_huber_k150,rsn_equalbank3000,AUPR_OUT_BALANCED,id_set_after_seed_backbone_mean,70,0.00919666571164092,0.007258442041740648,0.011071833843573102,9.999000099990002e-05,0.9
id_size=5,rsn_class_std_huber_k150,rsn_equalbank3000,AUPR_OUT_BALANCED,id_set_after_seed_backbone_mean,56,0.008961694400661533,0.00627460706612443,0.011553268276319332,9.999000099990002e-05,0.8571428571428571
id_size=6,rsn_class_std_huber_k150,rsn_equalbank3000,AUPR_OUT_BALANCED,id_set_after_seed_backbone_mean,28,0.009584174707169468,0.00499869985183258,0.014047802594904839,0.000999900009999,0.6428571428571429
id_size=7,rsn_class_std_huber_k150,rsn_equalbank3000,AUPR_OUT_BALANCED,id_set_after_seed_backbone_mean,8,0.011410648704767275,0.0012476473609155166,0.02019468205633969,0.07539246075392461,0.75
m2_m7_equal_weight,rsn_class_std_huber_k150,rsn_equalbank3000,AUPR_OUT_BALANCED,id_set_stratified_by_id_size,246,0.010013852184205193,0.008010158045099167,0.011832020203002738,9.999000099990002e-05,0.8617886178861789
id_size=2,rsn_class_std_huber_k150,rsn_k100,AUROC,id_set_after_seed_backbone_mean,28,-2.4990069802812882e-05,-0.0004976663694682583,0.0004372634388216652,0.9164083591640836,0.5714285714285714
id_size=3,rsn_class_std_huber_k150,rsn_k100,AUROC,id_set_after_seed_backbone_mean,0,,,,,
id_size=4,rsn_class_std_huber_k150,rsn_k100,AUROC,id_set_after_seed_backbone_mean,70,0.00043977171736597764,6.511186385644229e-05,0.0008093970632849674,0.022997700229977002,0.6
id_size=5,rsn_class_std_huber_k150,rsn_k100,AUROC,id_set_after_seed_backbone_mean,0,,,,,
id_size=6,rsn_class_std_huber_k150,rsn_k100,AUROC,id_set_after_seed_backbone_mean,0,,,,,
id_size=7,rsn_class_std_huber_k150,rsn_k100,AUROC,id_set_after_seed_backbone_mean,8,0.00011388874165046281,-0.002023362275822339,0.002054360012588016,0.9079092090790921,0.5
m2_m7_equal_weight,rsn_class_std_huber_k150,rsn_k100,AUROC,id_set_stratified_by_id_size,106,0.00017622346307120918,-0.0005628034908574157,0.0008625743285098996,0.07489251074892511,0.5849056603773585
id_size=2,rsn_class_std_huber_k150,rsn_k100,FPR95,id_set_after_seed_backbone_mean,28,-0.005846311380500616,-0.009643800244372733,-0.0019363932526202416,0.0059994000599940004,0.17857142857142858
id_size=3,rsn_class_std_huber_k150,rsn_k100,FPR95,id_set_after_seed_backbone_mean,0,,,,,
id_size=4,rsn_class_std_huber_k150,rsn_k100,FPR95,id_set_after_seed_backbone_mean,70,0.004714507182888011,0.0013125031751384394,0.008443678332888088,0.012798720127987202,0.5285714285714286
id_size=5,rsn_class_std_huber_k150,rsn_k100,FPR95,id_set_after_seed_backbone_mean,0,,,,,
id_size=6,rsn_class_std_huber_k150,rsn_k100,FPR95,id_set_after_seed_backbone_mean,0,,,,,
id_size=7,rsn_class_std_huber_k150,rsn_k100,FPR95,id_set_after_seed_backbone_mean,8,0.01813428069865254,-0.0024795634950803866,0.046006253957599164,0.23977602239776022,0.5
m2_m7_equal_weight,rsn_class_std_huber_k150,rsn_k100,FPR95,id_set_stratified_by_id_size,106,0.005667492167013312,-0.0014699130620122697,0.015191166765051283,0.09469053094690531,0.4339622641509434
id_size=2,rsn_class_std_huber_k150,rsn_k100,AUPR_OUT,id_set_after_seed_backbone_mean,28,-0.0008335685682692585,-0.0011205307584331076,-0.0005424580089190258,9.999000099990002e-05,0.14285714285714285
id_size=3,rsn_class_std_huber_k150,rsn_k100,AUPR_OUT,id_set_after_seed_backbone_mean,0,,,,,
id_size=4,rsn_class_std_huber_k150,rsn_k100,AUPR_OUT,id_set_after_seed_backbone_mean,70,-0.0010051765664259524,-0.0017555335462383556,-0.0002533192700436439,0.0122987701229877,0.32857142857142857
id_size=5,rsn_class_std_huber_k150,rsn_k100,AUPR_OUT,id_set_after_seed_backbone_mean,0,,,,,
id_size=6,rsn_class_std_huber_k150,rsn_k100,AUPR_OUT,id_set_after_seed_backbone_mean,0,,,,,
id_size=7,rsn_class_std_huber_k150,rsn_k100,AUPR_OUT,id_set_after_seed_backbone_mean,8,7.377420467887625e-05,-0.006853886210252696,0.00766479844581903,0.9833016698330167,0.375
m2_m7_equal_weight,rsn_class_std_huber_k150,rsn_k100,AUPR_OUT,id_set_stratified_by_id_size,106,-0.0005883236433387782,-0.0029728100634910516,0.0019440479690087495,0.021897810218978103,0.2830188679245283
id_size=2,rsn_class_std_huber_k150,rsn_k100,AUPR_OUT_BALANCED,id_set_after_seed_backbone_mean,28,-0.0023812679859187085,-0.003119020465347104,-0.0016286094847043128,9.999000099990002e-05,0.14285714285714285
id_size=3,rsn_class_std_huber_k150,rsn_k100,AUPR_OUT_BALANCED,id_set_after_seed_backbone_mean,0,,,,,
id_size=4,rsn_class_std_huber_k150,rsn_k100,AUPR_OUT_BALANCED,id_set_after_seed_backbone_mean,70,-0.001097819696128339,-0.001862373732049548,-0.00032766547348261514,0.0071992800719928,0.35714285714285715
id_size=5,rsn_class_std_huber_k150,rsn_k100,AUPR_OUT_BALANCED,id_set_after_seed_backbone_mean,0,,,,,
id_size=6,rsn_class_std_huber_k150,rsn_k100,AUPR_OUT_BALANCED,id_set_after_seed_backbone_mean,0,,,,,
id_size=7,rsn_class_std_huber_k150,rsn_k100,AUPR_OUT_BALANCED,id_set_after_seed_backbone_mean,8,-0.00019949227384169228,-0.003362246305946191,0.0034260220852411092,0.913008699130087,0.375
m2_m7_equal_weight,rsn_class_std_huber_k150,rsn_k100,AUPR_OUT_BALANCED,id_set_stratified_by_id_size,106,-0.00122619331862958,-0.0023679356300477187,5.934575043952652e-05,9.999000099990002e-05,0.3018867924528302
id_size=2,rsn_class_std_huber_k150,rsn_k25,AUROC,id_set_after_seed_backbone_mean,28,0.0014614497023477905,-0.001098852979833976,0.004038270461114583,0.29647035296470353,0.6071428571428571
id_size=3,rsn_class_std_huber_k150,rsn_k25,AUROC,id_set_after_seed_backbone_mean,0,,,,,
id_size=4,rsn_class_std_huber_k150,rsn_k25,AUROC,id_set_after_seed_backbone_mean,70,0.0035116040062236906,0.0015714159210469519,0.005439724627297422,0.0007999200079992001,0.6428571428571429
id_size=5,rsn_class_std_huber_k150,rsn_k25,AUROC,id_set_after_seed_backbone_mean,0,,,,,
id_size=6,rsn_class_std_huber_k150,rsn_k25,AUROC,id_set_after_seed_backbone_mean,0,,,,,
id_size=7,rsn_class_std_huber_k150,rsn_k25,AUROC,id_set_after_seed_backbone_mean,8,0.0028007022006150224,-0.009367351128810984,0.015575470582628951,0.68003199680032,0.625
m2_m7_equal_weight,rsn_class_std_huber_k150,rsn_k25,AUROC,id_set_stratified_by_id_size,106,0.0025912519697288343,-0.0015175479708953812,0.006819138691685824,0.0010998900109989002,0.6320754716981132
id_size=2,rsn_class_std_huber_k150,rsn_k25,FPR95,id_set_after_seed_backbone_mean,28,-0.01768130034359158,-0.03391307675805936,-0.00028870745402528435,0.054594540545945404,0.25
id_size=3,rsn_class_std_huber_k150,rsn_k25,FPR95,id_set_after_seed_backbone_mean,0,,,,,
id_size=4,rsn_class_std_huber_k150,rsn_k25,FPR95,id_set_after_seed_backbone_mean,70,0.011739751884961675,-0.0014948070745882127,0.025434559078384485,0.09479052094790522,0.4714285714285714
id_size=5,rsn_class_std_huber_k150,rsn_k25,FPR95,id_set_after_seed_backbone_mean,0,,,,,
id_size=6,rsn_class_std_huber_k150,rsn_k25,FPR95,id_set_after_seed_backbone_mean,0,,,,,
id_size=7,rsn_class_std_huber_k150,rsn_k25,FPR95,id_set_after_seed_backbone_mean,8,0.04817032293279325,-0.03276807383078386,0.14608264247150277,0.5027497250274973,0.25
m2_m7_equal_weight,rsn_class_std_huber_k150,rsn_k25,FPR95,id_set_stratified_by_id_size,106,0.014076258158054447,-0.01410223141982335,0.04758184223205785,0.30256974302569745,0.39622641509433965
id_size=2,rsn_class_std_huber_k150,rsn_k25,AUPR_OUT,id_set_after_seed_backbone_mean,28,-0.0012372866407365645,-0.0029787357493548886,0.0006819603373869767,0.1947805219478052,0.35714285714285715
id_size=3,rsn_class_std_huber_k150,rsn_k25,AUPR_OUT,id_set_after_seed_backbone_mean,0,,,,,
id_size=4,rsn_class_std_huber_k150,rsn_k25,AUPR_OUT,id_set_after_seed_backbone_mean,70,0.0018326371972737022,-0.001911191342892271,0.0057746281487818536,0.3554644535546445,0.5428571428571428
id_size=5,rsn_class_std_huber_k150,rsn_k25,AUPR_OUT,id_set_after_seed_backbone_mean,0,,,,,
id_size=6,rsn_class_std_huber_k150,rsn_k25,AUPR_OUT,id_set_after_seed_backbone_mean,0,,,,,
id_size=7,rsn_class_std_huber_k150,rsn_k25,AUPR_OUT,id_set_after_seed_backbone_mean,8,0.012140830780188018,-0.01863226059531313,0.04796537481875095,0.6484351564843516,0.5
m2_m7_equal_weight,rsn_class_std_huber_k150,rsn_k25,AUPR_OUT,id_set_stratified_by_id_size,106,0.004245393778908385,-0.006280007243819926,0.015917009701341606,0.35176482351764826,0.49056603773584906
id_size=2,rsn_class_std_huber_k150,rsn_k25,AUPR_OUT_BALANCED,id_set_after_seed_backbone_mean,28,-0.0036358425501465705,-0.008197483828984192,0.001190412787108251,0.14458554144585542,0.2857142857142857
id_size=3,rsn_class_std_huber_k150,rsn_k25,AUPR_OUT_BALANCED,id_set_after_seed_backbone_mean,0,,,,,
id_size=4,rsn_class_std_huber_k150,rsn_k25,AUPR_OUT_BALANCED,id_set_after_seed_backbone_mean,70,0.0017073691350674364,-0.0019921696643129556,0.0054283298755740126,0.36106389361063895,0.5428571428571428
id_size=5,rsn_class_std_huber_k150,rsn_k25,AUPR_OUT_BALANCED,id_set_after_seed_backbone_mean,0,,,,,
id_size=6,rsn_class_std_huber_k150,rsn_k25,AUPR_OUT_BALANCED,id_set_after_seed_backbone_mean,0,,,,,
id_size=7,rsn_class_std_huber_k150,rsn_k25,AUPR_OUT_BALANCED,id_set_after_seed_backbone_mean,8,0.0022584329398668817,-0.015019394613062953,0.02096668667859382,0.8048195180481952,0.375
m2_m7_equal_weight,rsn_class_std_huber_k150,rsn_k25,AUPR_OUT_BALANCED,id_set_stratified_by_id_size,106,0.00010998650826258255,-0.0059521732188235095,0.0069266044875972285,0.82991700829917,0.46226415094339623
id_size=2,rsn_class_std_huber_k150,rsn_k300,AUROC,id_set_after_seed_backbone_mean,28,0.00046770377555750177,-0.000284875093847526,0.0012202607934166977,0.23737626237376264,0.5714285714285714
id_size=3,rsn_class_std_huber_k150,rsn_k300,AUROC,id_set_after_seed_backbone_mean,0,,,,,
id_size=4,rsn_class_std_huber_k150,rsn_k300,AUROC,id_set_after_seed_backbone_mean,70,-0.000780744913441659,-0.001367947695729962,-0.00017251502527669974,0.012398760123987601,0.38571428571428573
id_size=5,rsn_class_std_huber_k150,rsn_k300,AUROC,id_set_after_seed_backbone_mean,0,,,,,
id_size=6,rsn_class_std_huber_k150,rsn_k300,AUROC,id_set_after_seed_backbone_mean,0,,,,,
id_size=7,rsn_class_std_huber_k150,rsn_k300,AUROC,id_set_after_seed_backbone_mean,8,-0.00016378122945673795,-0.003525432823246355,0.003303542342326095,0.9165083491650835,0.375
m2_m7_equal_weight,rsn_class_std_huber_k150,rsn_k300,AUROC,id_set_stratified_by_id_size,106,-0.00015894078911363172,-0.0013323834802646784,0.0010531845318178775,0.12838716128387162,0.4339622641509434
id_size=2,rsn_class_std_huber_k150,rsn_k300,FPR95,id_set_after_seed_backbone_mean,28,0.01903679932817994,0.013140038526909486,0.025326791722594347,9.999000099990002e-05,0.8928571428571429
id_size=3,rsn_class_std_huber_k150,rsn_k300,FPR95,id_set_after_seed_backbone_mean,0,,,,,
id_size=4,rsn_class_std_huber_k150,rsn_k300,FPR95,id_set_after_seed_backbone_mean,70,0.0057642644699652835,0.002113012070213165,0.009305290313744904,0.0032996700329967,0.7285714285714285
id_size=5,rsn_class_std_huber_k150,rsn_k300,FPR95,id_set_after_seed_backbone_mean,0,,,,,
id_size=6,rsn_class_std_huber_k150,rsn_k300,FPR95,id_set_after_seed_backbone_mean,0,,,,,
id_size=7,rsn_class_std_huber_k150,rsn_k300,FPR95,id_set_after_seed_backbone_mean,8,0.007150147200640071,0.0007533545205464289,0.014146374453751961,0.07549245075492451,0.75
m2_m7_equal_weight,rsn_class_std_huber_k150,rsn_k300,FPR95,id_set_stratified_by_id_size,106,0.010650403666261766,0.007475980535750875,0.014014965330133229,9.999000099990002e-05,0.7735849056603774
id_size=2,rsn_class_std_huber_k150,rsn_k300,AUPR_OUT,id_set_after_seed_backbone_mean,28,0.0018323970835632086,0.00132212244681167,0.0023456693096301066,9.999000099990002e-05,0.9642857142857143
id_size=3,rsn_class_std_huber_k150,rsn_k300,AUPR_OUT,id_set_after_seed_backbone_mean,0,,,,,
id_size=4,rsn_class_std_huber_k150,rsn_k300,AUPR_OUT,id_set_after_seed_backbone_mean,70,0.0020990313898256482,0.0010040528012650442,0.0031609112354629796,0.0006999300069993001,0.6857142857142857
id_size=5,rsn_class_std_huber_k150,rsn_k300,AUPR_OUT,id_set_after_seed_backbone_mean,0,,,,,
id_size=6,rsn_class_std_huber_k150,rsn_k300,AUPR_OUT,id_set_after_seed_backbone_mean,0,,,,,
id_size=7,rsn_class_std_huber_k150,rsn_k300,AUPR_OUT,id_set_after_seed_backbone_mean,8,0.0021674270786419866,-0.005576091423983472,0.010195679438394615,0.681031896810319,0.5
m2_m7_equal_weight,rsn_class_std_huber_k150,rsn_k300,AUPR_OUT,id_set_stratified_by_id_size,106,0.0020329518506769476,-0.0005495308086526352,0.004779549557391321,9.999000099990002e-05,0.7452830188679245
id_size=2,rsn_class_std_huber_k150,rsn_k300,AUPR_OUT_BALANCED,id_set_after_seed_backbone_mean,28,0.005259624112581178,0.003928098174228041,0.006604015356734511,9.999000099990002e-05,0.9642857142857143
id_size=3,rsn_class_std_huber_k150,rsn_k300,AUPR_OUT_BALANCED,id_set_after_seed_backbone_mean,0,,,,,
id_size=4,rsn_class_std_huber_k150,rsn_k300,AUPR_OUT_BALANCED,id_set_after_seed_backbone_mean,70,0.002314996556772481,0.0011552663172660416,0.0034905292209306757,0.00029997000299970003,0.6857142857142857
id_size=5,rsn_class_std_huber_k150,rsn_k300,AUPR_OUT_BALANCED,id_set_after_seed_backbone_mean,0,,,,,
id_size=6,rsn_class_std_huber_k150,rsn_k300,AUPR_OUT_BALANCED,id_set_after_seed_backbone_mean,0,,,,,
id_size=7,rsn_class_std_huber_k150,rsn_k300,AUPR_OUT_BALANCED,id_set_after_seed_backbone_mean,8,0.0011531347213670309,-0.0030848431918371723,0.005272297138343343,0.6183381661833817,0.5
m2_m7_equal_weight,rsn_class_std_huber_k150,rsn_k300,AUPR_OUT_BALANCED,id_set_stratified_by_id_size,106,0.0029092517969068967,0.0013544973584204837,0.004370331771553318,9.999000099990002e-05,0.7452830188679245
id_size=2,rsn_class_std_huber_k150,rsn_k50,AUROC,id_set_after_seed_backbone_mean,28,0.00020099494934509805,-0.001117276524520712,0.0015404371921719983,0.7793220677932207,0.5714285714285714
id_size=3,rsn_class_std_huber_k150,rsn_k50,AUROC,id_set_after_seed_backbone_mean,0,,,,,
id_size=4,rsn_class_std_huber_k150,rsn_k50,AUROC,id_set_after_seed_backbone_mean,70,0.0015545721495341745,0.0004930474166615256,0.0026387409415713514,0.007699230076992301,0.6
id_size=5,rsn_class_std_huber_k150,rsn_k50,AUROC,id_set_after_seed_backbone_mean,0,,,,,
id_size=6,rsn_class_std_huber_k150,rsn_k50,AUROC,id_set_after_seed_backbone_mean,0,,,,,
id_size=7,rsn_class_std_huber_k150,rsn_k50,AUROC,id_set_after_seed_backbone_mean,8,0.0010906891923526396,-0.00542136792869099,0.007555802175812202,0.7558244175582441,0.5
m2_m7_equal_weight,rsn_class_std_huber_k150,rsn_k50,AUROC,id_set_stratified_by_id_size,106,0.000948752097077304,-0.0012766651452993227,0.0031911698818375815,0.019098090190980903,0.5849056603773585
id_size=2,rsn_class_std_huber_k150,rsn_k50,FPR95,id_set_after_seed_backbone_mean,28,-0.017578325094624005,-0.02764214855832651,-0.006917526200743541,0.003999600039996,0.21428571428571427
id_size=3,rsn_class_std_huber_k150,rsn_k50,FPR95,id_set_after_seed_backbone_mean,0,,,,,
id_size=4,rsn_class_std_huber_k150,rsn_k50,FPR95,id_set_after_seed_backbone_mean,70,0.007874531438963554,-0.0002150525955892851,0.016078245428798543,0.06109389061093891,0.5714285714285714
id_size=5,rsn_class_std_huber_k150,rsn_k50,FPR95,id_set_after_seed_backbone_mean,0,,,,,
id_size=6,rsn_class_std_huber_k150,rsn_k50,FPR95,id_set_after_seed_backbone_mean,0,,,,,
id_size=7,rsn_class_std_huber_k150,rsn_k50,FPR95,id_set_after_seed_backbone_mean,8,0.04359453261501334,-0.010390127549381158,0.11137578988009104,0.37346265373462656,0.375
m2_m7_equal_weight,rsn_class_std_huber_k150,rsn_k50,FPR95,id_set_stratified_by_id_size,106,0.011296912986450962,-0.007297436333488346,0.03387239944704837,0.36706329367063295,0.46226415094339623
id_size=2,rsn_class_std_huber_k150,rsn_k50,AUPR_OUT,id_set_after_seed_backbone_mean,28,-0.001653132383429664,-0.0025000546584866006,-0.0007506669106772907,0.0014998500149985001,0.21428571428571427
id_size=3,rsn_class_std_huber_k150,rsn_k50,AUPR_OUT,id_set_after_seed_backbone_mean,0,,,,,
id_size=4,rsn_class_std_huber_k150,rsn_k50,AUPR_OUT,id_set_after_seed_backbone_mean,70,-0.0011134013441193556,-0.0032474486762450643,0.0011185127861234377,0.31656834316568344,0.44285714285714284
id_size=5,rsn_class_std_huber_k150,rsn_k50,AUPR_OUT,id_set_after_seed_backbone_mean,0,,,,,
id_size=6,rsn_class_std_huber_k150,rsn_k50,AUPR_OUT,id_set_after_seed_backbone_mean,0,,,,,
id_size=7,rsn_class_std_huber_k150,rsn_k50,AUPR_OUT,id_set_after_seed_backbone_mean,8,0.004189173022752174,-0.015375692529879482,0.027409929940313212,0.7933206679332067,0.375
m2_m7_equal_weight,rsn_class_std_huber_k150,rsn_k50,AUPR_OUT,id_set_stratified_by_id_size,106,0.0004742130984010516,-0.00602559599720991,0.008123391157184502,0.4704529547045295,0.37735849056603776
id_size=2,rsn_class_std_huber_k150,rsn_k50,AUPR_OUT_BALANCED,id_set_after_seed_backbone_mean,28,-0.004632619599454923,-0.006777954001812367,-0.002376871454351731,0.0011998800119988001,0.21428571428571427
id_size=3,rsn_class_std_huber_k150,rsn_k50,AUPR_OUT_BALANCED,id_set_after_seed_backbone_mean,0,,,,,
id_size=4,rsn_class_std_huber_k150,rsn_k50,AUPR_OUT_BALANCED,id_set_after_seed_backbone_mean,70,-0.001255850932981256,-0.003298410695000419,0.0008726734676290331,0.24967503249675033,0.44285714285714284
id_size=5,rsn_class_std_huber_k150,rsn_k50,AUPR_OUT_BALANCED,id_set_after_seed_backbone_mean,0,,,,,
id_size=6,rsn_class_std_huber_k150,rsn_k50,AUPR_OUT_BALANCED,id_set_after_seed_backbone_mean,0,,,,,
id_size=7,rsn_class_std_huber_k150,rsn_k50,AUPR_OUT_BALANCED,id_set_after_seed_backbone_mean,8,0.0006176962420891461,-0.009088314119215466,0.011718083617453337,0.9319068093190681,0.375
m2_m7_equal_weight,rsn_class_std_huber_k150,rsn_k50,AUPR_OUT_BALANCED,id_set_stratified_by_id_size,106,-0.0017569247634490112,-0.005103116636634143,0.0020973358280107993,0.026997300269973004,0.37735849056603776
id_size=2,rsn_class_std_huber_k150,rsn_tau1e1,AUROC,id_set_after_seed_backbone_mean,28,-7.1882247194995254e-06,-1.2518576018787945e-05,-2.488633860902731e-06,0.008399160083991601,0.2857142857142857
id_size=3,rsn_class_std_huber_k150,rsn_tau1e1,AUROC,id_set_after_seed_backbone_mean,0,,,,,
id_size=4,rsn_class_std_huber_k150,rsn_tau1e1,AUROC,id_set_after_seed_backbone_mean,70,-1.3086178561543047e-05,-1.6537353137694255e-05,-9.685138197409853e-06,9.999000099990002e-05,0.2
id_size=5,rsn_class_std_huber_k150,rsn_tau1e1,AUROC,id_set_after_seed_backbone_mean,0,,,,,
id_size=6,rsn_class_std_huber_k150,rsn_tau1e1,AUROC,id_set_after_seed_backbone_mean,0,,,,,
id_size=7,rsn_class_std_huber_k150,rsn_tau1e1,AUROC,id_set_after_seed_backbone_mean,8,-1.5261087956760143e-05,-3.80909467596503e-05,4.387066725719073e-06,0.3274672532746725,0.375
m2_m7_equal_weight,rsn_class_std_huber_k150,rsn_tau1e1,AUROC,id_set_stratified_by_id_size,106,-1.1845163745934239e-05,-1.974259688246693e-05,-5.042330374880561e-06,9.999000099990002e-05,0.2358490566037736
id_size=2,rsn_class_std_huber_k150,rsn_tau1e1,FPR95,id_set_after_seed_backbone_mean,28,-1.1989183606587212e-06,-3.994936801934493e-05,3.527885135351218e-05,0.9517048295170483,0.5714285714285714
id_size=3,rsn_class_std_huber_k150,rsn_tau1e1,FPR95,id_set_after_seed_backbone_mean,0,,,,,
id_size=4,rsn_class_std_huber_k150,rsn_tau1e1,FPR95,id_set_after_seed_backbone_mean,70,-3.0411485413216198e-05,-5.996111220628499e-05,-2.3413454984722556e-06,0.036196380361963806,0.42857142857142855
id_size=5,rsn_class_std_huber_k150,rsn_tau1e1,FPR95,id_set_after_seed_backbone_mean,0,,,,,
id_size=6,rsn_class_std_huber_k150,rsn_tau1e1,FPR95,id_set_after_seed_backbone_mean,0,,,,,
id_size=7,rsn_class_std_huber_k150,rsn_tau1e1,FPR95,id_set_after_seed_backbone_mean,8,-7.096932606105721e-05,-0.0001541983545207982,3.088179010965345e-06,0.2515748425157484,0.25
m2_m7_equal_weight,rsn_class_std_huber_k150,rsn_tau1e1,FPR95,id_set_stratified_by_id_size,106,-3.4193243278310714e-05,-6.543780052382802e-05,-4.128810088722187e-06,0.024697530246975304,0.4528301886792453
id_size=2,rsn_class_std_huber_k150,rsn_tau1e1,AUPR_OUT,id_set_after_seed_backbone_mean,28,-6.134090084999878e-06,-9.514284965821968e-06,-3.0275425024173044e-06,0.00019998000199980003,0.10714285714285714
id_size=3,rsn_class_std_huber_k150,rsn_tau1e1,AUPR_OUT,id_set_after_seed_backbone_mean,0,,,,,
id_size=4,rsn_class_std_huber_k150,rsn_tau1e1,AUPR_OUT,id_set_after_seed_backbone_mean,70,-2.135898755591022e-05,-2.6152036368243567e-05,-1.6911552482898296e-05,9.999000099990002e-05,0.07142857142857142
id_size=5,rsn_class_std_huber_k150,rsn_tau1e1,AUPR_OUT,id_set_after_seed_backbone_mean,0,,,,,
id_size=6,rsn_class_std_huber_k150,rsn_tau1e1,AUPR_OUT,id_set_after_seed_backbone_mean,0,,,,,
id_size=7,rsn_class_std_huber_k150,rsn_tau1e1,AUPR_OUT,id_set_after_seed_backbone_mean,8,-2.8293573825695417e-05,-6.323669033101985e-05,2.529162802727563e-06,0.21427857214278573,0.25
m2_m7_equal_weight,rsn_class_std_huber_k150,rsn_tau1e1,AUPR_OUT,id_set_stratified_by_id_size,106,-1.8595550488868503e-05,-3.0179633489703366e-05,-8.14421278737424e-06,9.999000099990002e-05,0.09433962264150944
id_size=2,rsn_class_std_huber_k150,rsn_tau1e1,AUPR_OUT_BALANCED,id_set_after_seed_backbone_mean,28,-1.4556011338094049e-05,-2.1347263525487314e-05,-7.976554454940639e-06,9.999000099990002e-05,0.10714285714285714
id_size=3,rsn_class_std_huber_k150,rsn_tau1e1,AUPR_OUT_BALANCED,id_set_after_seed_backbone_mean,0,,,,,
id_size=4,rsn_class_std_huber_k150,rsn_tau1e1,AUPR_OUT_BALANCED,id_set_after_seed_backbone_mean,70,-2.0300882507927926e-05,-2.4285863174716804e-05,-1.6505824968099684e-05,9.999000099990002e-05,0.07142857142857142
id_size=5,rsn_class_std_huber_k150,rsn_tau1e1,AUPR_OUT_BALANCED,id_set_after_seed_backbone_mean,0,,,,,
id_size=6,rsn_class_std_huber_k150,rsn_tau1e1,AUPR_OUT_BALANCED,id_set_after_seed_backbone_mean,0,,,,,
id_size=7,rsn_class_std_huber_k150,rsn_tau1e1,AUPR_OUT_BALANCED,id_set_after_seed_backbone_mean,8,-2.141520164780873e-05,-4.607873171378173e-05,8.370716074387885e-07,0.1695830416958304,0.25
m2_m7_equal_weight,rsn_class_std_huber_k150,rsn_tau1e1,AUPR_OUT_BALANCED,id_set_stratified_by_id_size,106,-1.8757365164610233e-05,-2.748597474670405e-05,-1.0985268397796652e-05,9.999000099990002e-05,0.09433962264150944
id_size=2,rsn_class_std_huber_k150,rsn_tau1e2,AUROC,id_set_after_seed_backbone_mean,28,0.0,0.0,0.0,1.0,0.0
id_size=3,rsn_class_std_huber_k150,rsn_tau1e2,AUROC,id_set_after_seed_backbone_mean,0,,,,,
id_size=4,rsn_class_std_huber_k150,rsn_tau1e2,AUROC,id_set_after_seed_backbone_mean,70,0.0,0.0,0.0,1.0,0.0
id_size=5,rsn_class_std_huber_k150,rsn_tau1e2,AUROC,id_set_after_seed_backbone_mean,0,,,,,
id_size=6,rsn_class_std_huber_k150,rsn_tau1e2,AUROC,id_set_after_seed_backbone_mean,0,,,,,
id_size=7,rsn_class_std_huber_k150,rsn_tau1e2,AUROC,id_set_after_seed_backbone_mean,8,0.0,0.0,0.0,1.0,0.0
m2_m7_equal_weight,rsn_class_std_huber_k150,rsn_tau1e2,AUROC,id_set_stratified_by_id_size,106,0.0,0.0,0.0,1.0,0.0
id_size=2,rsn_class_std_huber_k150,rsn_tau1e2,FPR95,id_set_after_seed_backbone_mean,28,0.0,0.0,0.0,1.0,0.0
id_size=3,rsn_class_std_huber_k150,rsn_tau1e2,FPR95,id_set_after_seed_backbone_mean,0,,,,,
id_size=4,rsn_class_std_huber_k150,rsn_tau1e2,FPR95,id_set_after_seed_backbone_mean,70,0.0,0.0,0.0,1.0,0.0
id_size=5,rsn_class_std_huber_k150,rsn_tau1e2,FPR95,id_set_after_seed_backbone_mean,0,,,,,
id_size=6,rsn_class_std_huber_k150,rsn_tau1e2,FPR95,id_set_after_seed_backbone_mean,0,,,,,
id_size=7,rsn_class_std_huber_k150,rsn_tau1e2,FPR95,id_set_after_seed_backbone_mean,8,0.0,0.0,0.0,1.0,0.0
m2_m7_equal_weight,rsn_class_std_huber_k150,rsn_tau1e2,FPR95,id_set_stratified_by_id_size,106,0.0,0.0,0.0,1.0,0.0
id_size=2,rsn_class_std_huber_k150,rsn_tau1e2,AUPR_OUT,id_set_after_seed_backbone_mean,28,0.0,0.0,0.0,1.0,0.0
id_size=3,rsn_class_std_huber_k150,rsn_tau1e2,AUPR_OUT,id_set_after_seed_backbone_mean,0,,,,,
id_size=4,rsn_class_std_huber_k150,rsn_tau1e2,AUPR_OUT,id_set_after_seed_backbone_mean,70,0.0,0.0,0.0,1.0,0.0
id_size=5,rsn_class_std_huber_k150,rsn_tau1e2,AUPR_OUT,id_set_after_seed_backbone_mean,0,,,,,
id_size=6,rsn_class_std_huber_k150,rsn_tau1e2,AUPR_OUT,id_set_after_seed_backbone_mean,0,,,,,
id_size=7,rsn_class_std_huber_k150,rsn_tau1e2,AUPR_OUT,id_set_after_seed_backbone_mean,8,0.0,0.0,0.0,1.0,0.0
m2_m7_equal_weight,rsn_class_std_huber_k150,rsn_tau1e2,AUPR_OUT,id_set_stratified_by_id_size,106,0.0,0.0,0.0,1.0,0.0
id_size=2,rsn_class_std_huber_k150,rsn_tau1e2,AUPR_OUT_BALANCED,id_set_after_seed_backbone_mean,28,0.0,0.0,0.0,1.0,0.0
id_size=3,rsn_class_std_huber_k150,rsn_tau1e2,AUPR_OUT_BALANCED,id_set_after_seed_backbone_mean,0,,,,,
id_size=4,rsn_class_std_huber_k150,rsn_tau1e2,AUPR_OUT_BALANCED,id_set_after_seed_backbone_mean,70,0.0,0.0,0.0,1.0,0.0
id_size=5,rsn_class_std_huber_k150,rsn_tau1e2,AUPR_OUT_BALANCED,id_set_after_seed_backbone_mean,0,,,,,
id_size=6,rsn_class_std_huber_k150,rsn_tau1e2,AUPR_OUT_BALANCED,id_set_after_seed_backbone_mean,0,,,,,
id_size=7,rsn_class_std_huber_k150,rsn_tau1e2,AUPR_OUT_BALANCED,id_set_after_seed_backbone_mean,8,0.0,0.0,0.0,1.0,0.0
m2_m7_equal_weight,rsn_class_std_huber_k150,rsn_tau1e2,AUPR_OUT_BALANCED,id_set_stratified_by_id_size,106,0.0,0.0,0.0,1.0,0.0
id_size=2,rsn_class_std_huber_k150,rsn_tau1e4,AUROC,id_set_after_seed_backbone_mean,28,0.0,0.0,0.0,1.0,0.0
id_size=3,rsn_class_std_huber_k150,rsn_tau1e4,AUROC,id_set_after_seed_backbone_mean,0,,,,,
id_size=4,rsn_class_std_huber_k150,rsn_tau1e4,AUROC,id_set_after_seed_backbone_mean,70,0.0,0.0,0.0,1.0,0.0
id_size=5,rsn_class_std_huber_k150,rsn_tau1e4,AUROC,id_set_after_seed_backbone_mean,0,,,,,
id_size=6,rsn_class_std_huber_k150,rsn_tau1e4,AUROC,id_set_after_seed_backbone_mean,0,,,,,
id_size=7,rsn_class_std_huber_k150,rsn_tau1e4,AUROC,id_set_after_seed_backbone_mean,8,0.0,0.0,0.0,1.0,0.0
m2_m7_equal_weight,rsn_class_std_huber_k150,rsn_tau1e4,AUROC,id_set_stratified_by_id_size,106,0.0,0.0,0.0,1.0,0.0
id_size=2,rsn_class_std_huber_k150,rsn_tau1e4,FPR95,id_set_after_seed_backbone_mean,28,0.0,0.0,0.0,1.0,0.0
id_size=3,rsn_class_std_huber_k150,rsn_tau1e4,FPR95,id_set_after_seed_backbone_mean,0,,,,,
id_size=4,rsn_class_std_huber_k150,rsn_tau1e4,FPR95,id_set_after_seed_backbone_mean,70,0.0,0.0,0.0,1.0,0.0
id_size=5,rsn_class_std_huber_k150,rsn_tau1e4,FPR95,id_set_after_seed_backbone_mean,0,,,,,
id_size=6,rsn_class_std_huber_k150,rsn_tau1e4,FPR95,id_set_after_seed_backbone_mean,0,,,,,
id_size=7,rsn_class_std_huber_k150,rsn_tau1e4,FPR95,id_set_after_seed_backbone_mean,8,0.0,0.0,0.0,1.0,0.0
m2_m7_equal_weight,rsn_class_std_huber_k150,rsn_tau1e4,FPR95,id_set_stratified_by_id_size,106,0.0,0.0,0.0,1.0,0.0
id_size=2,rsn_class_std_huber_k150,rsn_tau1e4,AUPR_OUT,id_set_after_seed_backbone_mean,28,0.0,0.0,0.0,1.0,0.0
id_size=3,rsn_class_std_huber_k150,rsn_tau1e4,AUPR_OUT,id_set_after_seed_backbone_mean,0,,,,,
id_size=4,rsn_class_std_huber_k150,rsn_tau1e4,AUPR_OUT,id_set_after_seed_backbone_mean,70,0.0,0.0,0.0,1.0,0.0
id_size=5,rsn_class_std_huber_k150,rsn_tau1e4,AUPR_OUT,id_set_after_seed_backbone_mean,0,,,,,
id_size=6,rsn_class_std_huber_k150,rsn_tau1e4,AUPR_OUT,id_set_after_seed_backbone_mean,0,,,,,
id_size=7,rsn_class_std_huber_k150,rsn_tau1e4,AUPR_OUT,id_set_after_seed_backbone_mean,8,0.0,0.0,0.0,1.0,0.0
m2_m7_equal_weight,rsn_class_std_huber_k150,rsn_tau1e4,AUPR_OUT,id_set_stratified_by_id_size,106,0.0,0.0,0.0,1.0,0.0
id_size=2,rsn_class_std_huber_k150,rsn_tau1e4,AUPR_OUT_BALANCED,id_set_after_seed_backbone_mean,28,0.0,0.0,0.0,1.0,0.0
id_size=3,rsn_class_std_huber_k150,rsn_tau1e4,AUPR_OUT_BALANCED,id_set_after_seed_backbone_mean,0,,,,,
id_size=4,rsn_class_std_huber_k150,rsn_tau1e4,AUPR_OUT_BALANCED,id_set_after_seed_backbone_mean,70,0.0,0.0,0.0,1.0,0.0
id_size=5,rsn_class_std_huber_k150,rsn_tau1e4,AUPR_OUT_BALANCED,id_set_after_seed_backbone_mean,0,,,,,
id_size=6,rsn_class_std_huber_k150,rsn_tau1e4,AUPR_OUT_BALANCED,id_set_after_seed_backbone_mean,0,,,,,
id_size=7,rsn_class_std_huber_k150,rsn_tau1e4,AUPR_OUT_BALANCED,id_set_after_seed_backbone_mean,8,0.0,0.0,0.0,1.0,0.0
m2_m7_equal_weight,rsn_class_std_huber_k150,rsn_tau1e4,AUPR_OUT_BALANCED,id_set_stratified_by_id_size,106,0.0,0.0,0.0,1.0,0.0
